200
30
926756583
911666163
60721576
98338421
91130616
387682510
897110090
181552146
790241759
868616384
719117540
916797691
330859007
270135511
650627596
227868216
651548405
38369566
624063061
731482526
170062305
462428005
685553380
422551571
862933493
776328311
923680071
546607010
399496699
584305649
915 1703 5397 2649 7749 6106 7014 6902 9120 9155 7211 2822 8433 423 9302 3049 8405 5981 6809 2563 4806 4882 9810 2281 741 6221 9204 2488 4683 4280 9223 3720 299 3895 586 1964 8627 1942 2987 698 9753 8592 3886 7376 5094 7756 9720 132 2020 7518 6928 3959 7896 1944 2590 4450 5499 2416 8968 9306 2255 5902 7480 4464 2720 8666 9211 6102 7808 9405 7621 1493 7054 8969 4104 4131 3775 4392 7005 3685 2243 8284 4982 9974 9755 8195 7638 3122 8925 2831 1643 7300 166 5278 1253 4659 9044 4227 4733 4362 2953 7447 6011 854 8808 1038 2305 5984 1210 8191 8432 5625 7426 5176 1486 3440 5844 8986 5733 6002 7644 1931 167 76 3129 2532 5956 6768 5698 7946 2026 6327 8177 1204 9382 7183 8380 5940 9944 5703 1950 1399 5699 2744 3902 4200 5089 3745 340 760 7453 4820 2103 6053 2524 7544 1767 2700 2629 1712 8614 9526 8620 8335 9869 5580 1348 812 7138 2302 1576 5589 4565 7689 8009 4531 4431 4267 6800 9353 7936 4011 7581 9433 2063 3986 7540 2561 5203 1130 4057 8457 5666 4291 2036 4342 6923 9955 8523 2572
9532 6492 9512 455 2013 2967 3731 2182 4445 551 2971 2937 9686 5944 8213 3128 6797 4008 2236 3733 1785 8197 6304 6802 8019 1609 3105 6359 888 1122 4708 3384 6016 3928 8109 3758 1826 5062 3164 9658 1495 5720 2642 3198 2909 5237 3451 7727 9536 5698 7009 1954 9675 3124 7591 6511 737 6078 1628 4337 1975 503 2492 2952 1705 4063 6329 6843 4884 8476 5961 9842 4999 659 1547 5405 124 2671 2445 7278 3596 3962 1360 7500 9564 140 9502 2440 3267 4223 4590 6793 4802 4739 2234 4130 8040 2444 2473 1720 6089 4448 4959 8599 6563 422 3560 1101 3873 4016 648 8734 4783 3507 6618 4515 6670 4200 4152 3673 3688 5714 3833 1949 5664 3751 8219 1937 8046 1253 3722 8972 7575 9687 742 82 1001 3709 6549 3201 7317 858 7077 8470 7152 8593 7754 9180 6315 9622 8641 8233 9165 4289 1496 518 4518 1071 9828 7778 4416 1304 8609 4578 9175 2304 242 9269 3659 6467 9471 3590 5153 111 248 8078 4908 3712 950 8829 936 1601 4693 1358 7897 5812 4394 5671 7365 1337 7062 6444 9033 470 4039 1086 1847 5897 2532 5019
402 5983 3928 6562 4077 2003 3405 5304 3615 3647 7302 7292 9277 524 1780 2639 7250 7607 1788 1051 2244 598 7105 1365 9964 9256 9696 2412 7278 2049 4281 1537 5843 1697 4104 1647 4022 7917 295 2205 3336 3990 4262 305 220 2082 2734 3403 5701 9870 7901 3471 2210 7347 3363 3634 4879 2918 6907 640 8775 101 686 9651 6341 2914 7701 3143 7276 2446 529 5791 2012 6622 2174 4486 5876 150 5970 1505 2188 1707 2119 393 2766 7058 5691 1848 9155 4727 3069 1951 3720 7822 4142 4111 5261 7147 3035 8700 9985 84 9064 7780 2472 5375 4532 6752 6390 8198 9562 8997 6069 6871 7786 1281 6624 1777 8238 1622 3981 1045 3435 9356 9860 9886 4725 3466 8206 7974 3991 9067 2181 8100 9001 5275 4368 9285 8943 6781 5637 2560 7921 9508 9709 4835 1645 4419 4165 4549 8381 8261 2060 7101 2159 2460 7757 2034 2255 3418 7727 7989 6017 7186 297 1808 7088 9743 8093 5387 2150 9250 880 1163 26 563 9049 5754 4353 7259 817 8665 1922 4473 3453 5783 3600 1621 9183 9176 5562 2437 7319 8921 1141 4393 9326 5808 3641 8493
547 9767 871 5495 8275 6830 8463 9540 899 9944 761 7316 2055 632 7905 219 4826 5977 2661 425 3963 2160 4807 4745 7045 810 2593 3916 6486 6698 4644 2076 1467 7273 5587 20 9303 2912 5640 4510 8661 258 2088 9092 9771 77 2992 9774 4485 8620 3393 5228 6236 6288 5973 3455 2928 2464 4505 4650 885 2716 4518 7073 5259 5086 4402 78 7797 1643 2358 5532 5934 6193 9820 5361 4853 5621 3278 3038 643 718 841 1443 2030 591 1033 3359 1970 2494 8557 888 7124 139 692 6002 2702 7297 823 5016 8290 8856 6582 7656 4614 8031 5229 1034 8164 3846 367 5469 3429 8089 3723 9772 4882 4868 7647 1397 1154 4358 8812 5309 5168 8139 3805 3502 8609 573 4606 9619 228 8043 2847 3532 2654 6818 838 7042 6409 6972 290 5743 9082 1749 1331 4248 626 9096 8977 7581 4491 7429 4642 2473 7722 1520 1756 4945 7373 5751 7494 6750 4329 9565 940 6809 7628 165 5538 4743 7442 7065 6847 85 1404 4768 7483 3930 3707 2941 4887 8879 7020 769 5728 7056 3630 3215 533 2539 4628 5252 1472 1277 4960 9399 3870 5610
5603 785 6493 4246 4964 2539 8569 2447 6817 9981 2361 3874 8757 5157 9260 378 2223 1246 44 8480 5103 9972 9151 7004 7886 2928 6405 1700 9995 9589 117 9000 1953 4806 3881 2364 8282 4378 8783 10003 8001 5118 1991 7270 5120 1594 1015 866 5425 6097 2796 2586 4243 556 6918 4943 1704 9201 7086 1616 6655 2110 8666 8210 8663 3802 3035 176 2292 2560 9404 1815 2178 5175 5687 4125 3965 5704 5754 5836 9573 3293 9005 5964 4179 3253 6938 973 9203 6689 5368 2401 5941 3741 133 5824 1948 795 4508 2992 3708 1680 3958 2090 2629 711 1168 5520 2250 890 661 1086 1783 8530 5185 3702 2871 2709 4845 1143 5479 5385 4030 7812 7610 7679 8993 8346 1681 8763 3966 502 7630 3709 6485 5834 9970 9548 3252 2133 9104 1323 9777 2827 1436 2357 4668 1253 3658 1598 221 8370 6924 3752 2953 6446 8572 6855 2438 3600 3104 1490 1645 5902 6479 7025 8721 2296 1766 6901 3314 9840 5332 9547 8454 257 1224 4411 7236 1862 7859 3284 5788 9094 3308 1024 4083 2295 6968 5025 5441 2921 2791 8582 4870 1184 2344 2245 6886 1288
4328 3054 5768 7417 5318 6679 1706 3157 333 505 6391 8839 3247 2482 9233 5094 1108 1776 9276 1562 1720 378 6583 748 3187 4385 6750 2623 6262 9428 1411 6676 7305 7536 6714 9769 8775 5944 2502 5263 2586 8603 58 54 848 3351 1852 4197 4040 180 5858 9566 4039 5382 3982 1686 7127 2841 3017 8109 8054 3961 851 7759 7480 7823 4783 7803 8753 304 1258 2022 473 2736 8849 1262 1228 7977 4235 6504 1419 5088 2299 527 2024 76 6488 4595 5093 6310 9907 1396 4650 9186 9420 2999 1675 4307 2219 6400 2049 117 3353 1455 7949 9793 4011 933 1489 1200 3528 1742 6018 7827 3989 5300 245 7966 1415 5882 4802 9035 4369 9926 2628 266 8801 783 1243 10003 2354 4620 5134 3175 6767 4252 8133 3290 8957 9845 3696 8422 962 736 5569 1887 2253 9658 5791 7855 8438 7793 731 1558 2514 2881 5084 3093 3030 525 2421 6331 735 764 11 4380 2739 3250 6890 4854 8720 1851 9399 2164 2307 8946 7025 3074 1798 4909 2806 4961 2491 2443 1964 1979 4005 2124 240 3955 2042 6510 228 6337 9551 2013 7263 5866 7978 9040
9560 3703 502 456 9587 3347 1119 3069 6267 1905 7160 9774 1252 1686 5600 9217 6743 7489 9513 8029 2393 355 4618 4004 5799 4740 9808 4510 5428 3331 4295 3074 271 1278 6532 4341 3950 6511 3506 4582 1143 8312 1256 892 3097 709 4398 7646 3366 2351 8692 5882 3275 5404 8095 9306 4087 4334 336 3386 8388 6184 3370 1557 6189 7381 930 5561 1948 3628 379 9861 9000 4786 677 743 7656 1381 1097 7436 5023 8671 5047 3907 36 2894 5980 3836 9126 9796 6892 2930 8841 1323 2603 8705 8305 7649 7774 7979 2311 6625 891 8299 8840 6525 727 825 1386 5108 6809 4395 3238 7745 8732 7949 8266 380 4659 869 2659 7596 3284 8621 4965 170 6316 7189 9021 5621 45 6111 2850 4707 1348 2644 5570 5165 498 1250 2083 1848 3464 2912 2407 7583 861 4247 2595 286 3304 4651 2457 7665 4598 7974 8307 7252 1519 3725 6142 1700 2821 5460 6986 4285 5059 1525 2534 7391 8952 4307 692 2769 5775 9504 4812 5523 9491 2389 1149 7121 2505 8144 4583 5948 181 9136 7811 5638 1674 7982 6719 2246 4517 9042 6456 9420 1472 8051
9729 6526 6877 2249 263 4211 1079 2347 824 7933 2780 9940 9674 2433 3767 9157 9991 4554 8046 5367 1774 9491 3734 697 8125 4696 9880 1570 9957 1296 4304 7636 6696 3153 945 8932 9622 2748 6285 9684 448 2513 7901 9132 9950 7689 1179 2511 8298 5380 4197 3858 6104 581 1130 7234 6437 9533 5404 9440 8854 5091 6525 2072 373 2390 7299 8545 1382 7247 8860 3900 7774 9324 1859 7629 3082 28 5827 527 1842 6000 1211 6166 8288 7365 5451 5114 6963 5192 1487 1415 5700 719 3758 5940 3114 3683 5817 2512 3096 7256 2070 770 8645 1546 4714 6307 5317 1692 5754 7 4992 1159 6481 799 7892 5915 3073 6818 8957 9663 9620 3145 2533 3931 6624 7438 5971 1964 1797 9929 6854 1811 7150 3097 2054 3946 8650 5557 4087 5679 9891 4390 572 7920 357 5566 7304 2549 755 6619 3427 6598 2592 7230 7231 2029 3905 1778 8697 1231 2196 5780 4853 3733 5899 6249 6823 2961 9036 8992 7719 5231 8756 4530 2803 371 2787 3547 2792 7558 2165 6930 6739 9628 1557 7534 6929 1934 7752 3684 615 4388 969 4168 4611 1735 2222 619
1336 9446 731 4451 6549 383 3480 4156 61 7355 504 4479 991 2876 3966 7755 1160 4354 786 8544 9659 3482 3759 3813 3101 4335 9561 2921 37 2112 5515 5492 5054 1934 820 1795 3394 1213 8844 144 5890 6107 8064 4869 3632 4005 5017 4275 1457 438 7573 7266 3160 7634 161 7519 7978 1926 2408 6801 396 5903 8530 2431 7239 3516 7017 7555 832 9420 5892 5710 1809 615 7463 9087 6947 1436 9610 8205 1898 7966 4308 9917 2304 7431 5432 6957 9458 8356 6949 1039 3355 3951 5729 3041 6238 7078 450 5191 9764 7657 599 632 9092 951 809 8982 2772 4596 2784 2214 5282 6711 8254 7182 9827 155 8710 6729 4681 922 1562 4613 4413 4085 9151 4250 1416 3573 706 4410 9684 3523 624 673 5957 7818 3665 2458 6883 4133 9630 4235 9397 5454 2590 695 1590 9062 6906 4571 2743 5349 8422 3855 4771 3071 283 3316 6689 2614 5938 6586 8049 2843 5513 5889 1302 6188 6996 6720 1464 4052 691 2384 1558 5407 6916 2586 1489 4093 7563 9251 4414 8890 1020 2123 8335 6114 1671 7994 8757 2403 2790 1023 6531 3956 9740 2414
5026 4292 9893 3868 3994 9004 5212 7399 8584 8526 25 1294 4576 3554 6281 346 2621 6352 1263 5726 5440 2169 6011 3906 6458 236 4442 132 5072 5168 6126 6096 2044 5806 9574 2144 5970 7041 9598 7387 959 6028 5535 8329 4105 1981 3301 1463 6054 374 7070 8845 1749 9325 6539 9175 6293 7971 5119 842 4235 6197 7013 5149 4894 473 2429 4436 1323 3823 7923 4640 857 6261 4316 5129 8864 2981 4941 6154 538 4537 6292 3166 3243 2969 7323 3656 6048 1565 5821 1593 263 4086 749 7685 1848 4684 2130 8749 791 9355 584 5413 2525 5394 1293 9778 1678 8408 3434 80 5387 7686 6653 6560 3 5661 3332 313 4168 4486 1405 7560 1643 345 7823 4476 3390 8814 2899 1204 2427 4833 7578 8077 4092 9565 8934 9100 6170 7369 4532 2281 3793 3871 8402 4625 8838 8142 6200 1414 770 8520 1216 45 7331 2068 1042 4563 1131 1907 7983 2737 3340 8732 9169 7484 6722 7874 9363 9003 407 5523 704 1607 7491 329 992 4481 7401 8187 2271 5778 5125 9658 5484 3442 8499 381 677 1963 6874 7723 4312 5923 1360 1482 7286 5997
1186 7947 1823 6590 6002 2636 318 119 4596 1531 4510 8595 3286 1384 8672 3012 5738 5005 5404 1255 9261 1176 9932 3077 7846 6861 7247 675 4307 3859 2724 2864 5095 7553 9983 7964 3452 8461 9871 175 3487 6517 5482 5786 5484 5389 9236 1135 3060 6217 4990 3378 3136 1138 7468 1838 8616 4121 752 4033 8213 9064 5256 612 1802 5755 6634 7275 5124 6800 4345 6323 3963 2094 7835 4041 6625 4058 8254 5929 2116 3468 5285 9866 6171 4114 7145 908 3088 659 7483 3864 6735 2237 4467 2120 2674 2782 1358 3826 4271 998 5237 9387 6186 6140 5264 9031 6803 8753 1944 7589 2837 5451 6936 7370 1277 4894 2420 3166 5190 3706 8077 6039 295 9688 1476 417 5485 187 1105 9015 9979 8758 5955 6962 2209 18 9634 2188 9190 259 6827 3989 6940 6576 8781 6393 75 3323 9050 8035 4369 1559 8959 1081 3772 4983 9771 11 6020 9070 4065 1861 9054 7241 1866 3058 6614 1238 7632 9312 6063 5538 4677 463 6361 6427 3333 7065 6781 3113 700 4348 724 9591 5720 8578 1657 9520 4803 5473 2569 8614 4518 7007 8287 4382 3982 3326
1521 4957 3387 4815 1553 8612 3377 6800 2807 9868 4236 1404 3164 4049 3499 2597 1518 549 7766 1189 810 989 482 6055 5588 3221 7745 354 1442 5628 5288 2729 5337 8013 7198 3860 5991 8285 3241 3775 7853 8937 3910 6073 2015 6968 9487 4812 7152 2984 9758 6057 5191 6973 3491 4185 6524 7558 2449 875 3097 2338 7898 5008 8274 421 3153 1229 2877 5980 5465 2619 7158 1793 1000 3302 6677 2205 9281 5675 962 838 5438 2975 6541 9187 4320 4744 636 5507 4289 5894 2522 1395 9954 7179 2628 368 8670 1871 5531 9532 883 1509 7339 889 318 8588 8141 1804 3820 3924 3294 8265 7211 6283 358 648 3125 6787 384 5494 1866 1520 152 1511 6942 4641 6071 2412 3216 3734 981 2070 1054 2590 7911 7431 2641 2791 3037 4241 5415 2537 3421 8073 5295 6343 8462 3131 5596 1633 2739 3352 6759 5942 3001 1380 7928 9060 4512 6660 576 7410 1806 3423 7676 9047 2089 2286 8213 7526 8801 885 1112 1084 6642 4149 3663 64 8972 1966 1684 7626 8965 8359 8566 2501 560 579 1811 7434 7049 8419 6663 4984 3031 5432 4166 5292
7681 1804 2573 5035 6671 2149 9143 1800 3367 7538 5172 4494 8986 7947 9045 1239 9652 5837 7586 5651 4479 6960 9828 922 7531 1558 1369 3861 9549 1265 4491 4578 2319 5419 496 2029 2942 6841 8432 7839 462 8778 9207 9110 3347 1501 7680 7006 697 7162 9759 9615 8178 8223 4294 8658 3006 4144 8412 1802 2970 1283 918 8325 4061 9877 6206 9392 7412 162 8286 6799 6762 9103 9740 8383 2555 8608 2924 407 4685 6097 6011 3068 1844 4640 19 1647 8720 706 372 6629 479 400 1071 2972 886 4670 4071 7892 4952 8136 6553 5558 7929 2611 7499 7910 1379 1876 8295 9 3632 9974 1962 1231 1233 836 4588 334 4165 9247 1170 8338 6484 4244 8576 9276 417 2700 4843 4755 2209 7240 4283 5838 2384 7527 2352 3872 2362 1887 1108 631 249 6027 9899 1839 629 646 2275 4146 8015 5554 8723 5114 6000 248 1222 8023 3966 3717 8112 1310 562 8942 6674 6557 4764 5426 4110 5154 8067 5239 6205 4587 5536 2289 1367 4258 5797 5519 660 9503 389 8258 2350 4269 8617 6141 7284 5556 8326 8866 1746 4079 6304 9953 1127 1863
8186 1180 898 6840 8179 7573 7780 1715 9781 9800 1025 6648 6263 7633 5877 4198 2245 4646 3380 4506 1149 2048 8726 4067 3231 9065 1821 8754 8516 5724 9551 5420 9853 5515 6006 3609 4081 452 5308 2064 5550 4062 9227 9692 2449 4180 5818 899 1638 48 5446 4692 4256 739 3377 98 5528 8429 7983 6451 336 8320 4602 2107 2018 4674 7829 6999 1635 5647 9825 1066 3513 3123 482 9360 8309 1782 1485 5401 8621 9899 6391 2239 5837 2131 7261 9670 6816 2936 2577 8793 5778 8839 6654 5072 8882 3122 5684 7484 429 4870 8951 4436 5037 819 7511 73 5487 1557 1116 3595 6860 4209 5065 5268 10004 559 9086 2656 8122 3877 918 2870 5671 5061 6062 2500 9067 1424 2499 4262 9555 4626 7350 7014 3661 3766 7941 4781 1600 7591 4207 5462 1516 4251 6735 4004 726 954 5731 3158 8545 4971 3913 3779 357 9155 3970 7475 7219 8000 8080 2207 2182 2141 5276 8416 5560 2077 7973 8436 1590 9576 5461 6718 2375 8862 7092 8192 9996 2147 4085 9665 2805 3563 3205 4219 3080 4014 8748 9707 4475 2299 3934 4614 9732 4516 9171 794
1640 609 119 7321 8725 220 2283 8068 5547 612 4527 2942 2344 963 9906 956 6292 7838 1167 9440 3394 2685 8327 9174 6160 4019 3710 1 723 7511 1031 6415 8440 1754 8001 3836 5011 6938 9698 2216 6357 9946 3023 1276 2814 7738 1003 1966 5947 1268 4402 2737 8012 6656 5633 3555 5751 146 6965 9342 2833 8970 6626 1581 7317 9519 2723 784 406 5390 6759 198 6650 6824 2306 8506 8667 1726 3552 1343 4525 3339 8599 5217 6075 5881 4362 670 3021 1673 9069 1985 7179 6891 4017 4107 6256 4977 3680 5956 4485 1272 3608 234 9511 4311 5790 7415 73 6445 2485 7999 4233 1259 1185 5867 7141 4427 2778 4877 3516 8489 7038 9862 9690 3804 1356 6948 7713 962 5101 9087 8419 919 8633 8475 9817 3612 9447 7008 5810 3445 7572 3933 767 8784 3519 2890 2659 3481 426 1420 4251 7693 4932 7609 1592 130 134 9347 6844 8343 5998 6155 8 4337 629 6156 4813 6213 8509 3068 7354 7178 2086 2141 6234 9344 2436 2715 2372 5412 2392 1442 9891 8937 8173 9722 7459 1346 8933 8967 2218 5960 3691 8776 5107 7896 9668 8171
4791 1610 7601 4217 5472 1526 4261 6745 4014 736 964 5741 3168 8555 4981 3923 3789 367 9165 3980 7485 7229 8010 8090 2217 2192 2151 5286 8426 5570 2087 7983 8446 1600 9586 5471 6728 2385 8872 7102 8202 10006 2157 4095 9675 2815 3573 3215 4229 3090 4024 8758 9717 4485 2309 3944 4624 9742 4526 9181 804 7480 3218 8637 8718 7650 9501 7333 7380 3054 1163 1264 6233 5576 896 9232 5691 3086 4818 1254 8218 6830 2152 84 295 3443 9006 517 9411 5184 8659 4351 8894 2735 9446 3240 4270 9962 884 1607 3193 8596 1846 783 6645 3850 3269 3517 4324 9250 2118 6833 6560 5712 3921 4186 6622 3412 149 2403 5299 842 9944 4457 7867 1451 4138 6143 3427 2175 522 3415 4557 8031 8925 1585 7560 7352 8612 8677 778 2634 4477 3897 8950 1626 4425 4212 1461 2153 4889 2171 1316 5918 3058 369 8768 7732 3231 1053 3085 13 9385 338 9918 9618 9126 6718 4370 119 8358 9061 4610 2514 8283 8938 4008 1927 9722 8496 1682 3316 9198 2433 9351 7087 6176 1880 4041 380 1581 8354 9855 7113 1015 621 8781 148 7605 3423
4034 7321 303 2403 5847 2689 9118 8854 1216 6302 7438 2096 1741 7163 1645 6205 1675 250 7920 6489 5343 2663 4272 106 6483 6534 1414 7027 8627 1244 744 9931 2582 5340 8262 8651 6487 5740 8918 8526 6282 1401 4604 4253 8881 860 6919 44 8783 299 3197 8350 1190 1456 8697 7363 1973 1139 6576 3084 5763 9356 1639 7396 426 3005 6434 1250 9560 1173 9834 6826 3494 4434 7977 178 2198 1508 8382 4845 1446 675 8617 3229 1998 1180 3441 9951 8619 2832 5750 6933 7272 5026 542 10000 3896 4693 1597 5726 1690 2276 6039 4605 9058 750 8740 3831 2585 9748 3883 2270 7230 3356 1806 9271 3501 8048 1095 5303 596 9288 5130 9919 4964 2842 3765 5679 6016 4167 5938 9643 9715 5430 404 7372 5190 8016 7447 5313 8618 8034 3874 9060 353 2485 9584 6416 4823 5813 9438 5376 1116 6138 9971 4649 324 3238 5215 8057 4312 2173 1467 1510 7985 8597 7199 4506 3692 5159 9166 9333 1201 4276 9319 3980 8033 9076 7184 2480 5573 7043 5451 1239 6740 551 3210 766 5564 3826 8581 368 4511 7703 4532 8538 3900 3899 9101 7225
6693 3005 4562 711 9606 177 5528 9100 548 6937 4606 1984 2087 6659 9754 820 2980 4521 3846 2739 7328 2045 4989 1011 91 2585 7876 3344 2316 6234 9057 4080 6325 6004 4677 2901 5192 5747 653 1105 1446 8810 8078 3275 1002 6881 5715 7005 1115 9468 7556 6822 2416 6398 6524 1527 7742 9929 1107 1049 2555 3824 7106 6084 8811 2876 5151 8882 3793 8256 7970 4699 8541 6436 8988 2766 6972 2662 7602 7698 8656 8626 4574 8336 2097 4674 8500 9571 2121 9917 3489 8558 8065 852 6635 4511 5831 3993 8584 2904 9600 1368 4279 1848 9069 1698 8823 494 7649 3372 6765 8727 9543 7679 7424 3003 4959 6966 3853 6353 446 7170 3387 8791 6846 7659 1387 5511 7471 8684 3068 7067 8822 5696 5773 5499 9853 6186 8578 4095 8351 4123 2793 6616 3279 208 4378 7214 4660 1272 3321 1878 3114 7943 5055 7924 3823 2301 4208 931 5964 2610 7917 209 9183 9090 2533 8191 5862 2843 6698 7016 3935 83 4173 2875 346 7006 5920 1337 5429 3734 4957 7363 101 600 6622 2088 1457 1623 8700 9899 7062 4811 6323 6401 925 7155 1361 665
6448 4893 8347 3204 8379 6859 8369 8844 9623 93 475 4704 832 8892 95 78 8456 6585 2716 5177 2008 5617 4731 476 9509 2708 6765 7014 2619 9421 162 1789 4057 4174 5967 5305 6621 5577 2664 5492 4526 6144 5195 8442 9364 6473 4934 5212 64 1228 335 2473 8381 6462 2114 4590 3447 5175 2405 1865 8985 6652 4427 778 9604 8868 4859 5089 9469 641 1774 2031 6055 7851 1590 8534 1109 8946 9390 1312 3675 9952 9839 7252 5411 5594 4293 7363 8395 3683 8364 4833 243 721 5908 2006 6014 979 4730 5678 7633 4835 9853 4473 1654 5837 1089 2909 1891 3824 5393 9167 546 5621 3937 7980 1001 363 6922 867 6948 5713 5689 446 5457 6470 526 9591 6445 485 2719 9585 7636 9243 5474 8099 2397 3453 3984 3654 9117 464 1884 210 2268 4042 2148 7848 7189 2906 7490 8203 1767 8424 2930 2726 3192 754 4361 3872 5872 9152 8527 7502 5821 4265 2914 5902 3197 4765 3734 3244 439 1843 3345 5408 1186 8672 3737 7652 6067 5469 4088 3024 4081 9417 956 4292 2558 6519 5810 1445 2292 9285 7144 6835 3126 3848 629 4156
2391 7647 5059 8420 6727 7553 3704 2195 6525 7622 5018 1548 9867 4697 221 8091 6988 776 2997 7440 1117 354 6708 6321 8088 2580 5155 9378 6697 3501 7466 5963 9102 1441 6089 4105 7656 8276 5290 7598 9782 6559 873 8760 9286 4945 1028 3010 9863 5491 2724 6592 9333 619 9144 3111 4825 4834 8051 4921 5792 8021 869 9554 1782 3446 3373 2853 6003 1162 6432 1065 669 9226 6848 8552 539 5010 3136 4866 1699 4911 7777 9275 2125 406 6393 3803 7561 2116 7196 9523 2932 5332 9268 8518 7288 1268 5405 9788 5368 2122 6005 765 177 6818 4500 4301 8778 5713 8692 2770 7468 5566 2847 7194 9920 9187 9586 5437 3436 5358 4107 7259 2021 1036 1422 4857 8489 8041 6906 7046 9277 1728 4158 2139 7634 2636 4046 4357 7669 692 9664 9968 9666 9571 3411 5317 7242 392 9172 7560 7318 5320 1643 6020 2791 8303 4934 8215 2388 3239 9438 4794 5984 9937 809 1450 9306 975 8527 498 8145 6276 2010 8223 800 8240 2429 104 6298 7650 9467 4041 346 8296 1320 5090 7270 4841 1658 8046 910 6419 8649 6302 6856 6964 5540 8008
7996 7954 6284 7548 6819 6424 9779 9277 8854 7760 4765 3856 9170 5076 7168 2193 4041 7472 1891 3946 1312 3797 5871 4469 2570 4259 4227 572 582 8604 7350 6094 5235 624 267 6086 6823 5630 7276 769 6509 7917 8625 8185 5462 596 5825 3593 6337 2031 6177 3770 6227 3852 9964 7579 5669 4538 3884 3612 7569 7654 5792 5140 4471 2173 8011 9980 4403 5664 527 4511 4240 2995 4956 967 7234 9106 7773 7188 8230 1533 4960 173 4731 598 5428 7345 2083 5862 1252 5700 3388 1998 7724 1904 6369 5686 6167 5755 7481 5108 816 2183 6026 8726 3147 4805 5923 4154 52 3732 3763 2613 727 4839 9181 7896 7790 8817 94 5402 2499 3342 1122 1484 9683 8319 8884 1805 1003 88 6593 1250 6097 9643 6252 3893 6829 4439 8525 8021 7995 3149 4408 9675 9907 3883 8814 5693 9781 8880 2599 3506 8596 8938 1093 2237 5314 9960 8373 8172 3039 6229 3455 3709 3325 9500 9620 5814 773 5715 5414 117 5840 5619 4456 147 9892 1857 688 7577 6066 786 8138 9788 2487 5724 8631 6994 6711 7848 7311 8832 2120 3521 615 7057 9216 5952
536 4787 6555 5852 296 2392 6630 5975 898 2979 5191 6417 3224 1590 5715 2473 5562 7826 8737 3026 865 4526 3325 6559 5058 7800 3891 4285 6132 4758 7308 1483 1937 1881 2990 8011 7039 9848 7650 3645 3081 4958 7636 6424 6838 4715 833 871 3335 4574 3804 6544 3032 9681 5775 570 8045 290 3583 5381 8730 9419 7747 9408 4927 8786 8310 2726 373 2118 977 2308 3290 8503 9447 2189 1894 5413 2378 9409 9732 655 6183 9645 2914 3083 4561 1381 2170 662 9797 2763 8039 1481 2334 8136 7244 4180 1957 7918 482 5499 5321 626 6936 5276 4555 2572 921 3417 8311 7531 2249 9998 7896 4849 4255 2080 8520 1069 4060 5763 2952 5547 5800 611 4910 7157 6439 8864 2834 8956 4586 1422 9042 7529 2646 6246 2143 1018 9180 150 1352 2923 6300 1431 2252 4399 3517 8475 4998 9703 1408 1814 1279 2403 9450 6597 7522 9039 3121 7025 2620 1400 3402 6285 9412 4133 6283 9809 381 530 5978 5306 8607 8817 7160 840 4485 6460 9699 2202 4317 9787 4748 9293 2737 3193 2740 7601 8368 1220 9111 8843 1999 9588 9225 6228 5716 7278
3011 4503 8551 5583 4318 242 8768 7540 1123 9012 9141 8552 381 6194 8122 5680 74 2088 2589 8214 7432 2547 6544 8696 1818 6149 2044 1316 5726 950 8328 4817 6264 4234 6909 1289 6082 333 5715 8137 7706 8200 204 6304 6301 1893 6272 2646 1903 4287 1392 647 3428 6788 290 9247 7525 9104 886 1018 4837 2294 1726 4397 9578 6867 9626 7346 9611 5320 1485 7204 7777 9117 3309 5392 7207 2178 4738 6935 6135 4823 5073 5483 4154 2775 1314 6123 7205 2575 986 1182 2304 9748 3143 8322 6008 5015 6989 5423 6057 292 8850 1270 4850 4717 6100 6767 9462 9879 2157 3903 7567 767 9629 1747 5232 8946 2228 4820 665 9862 528 2032 3698 3228 6460 5356 4346 4691 1254 8026 4722 104 6140 8834 4446 4855 8728 5473 6139 4029 2570 6982 1809 2932 5174 445 3497 8102 9650 2582 4600 4307 7429 8146 916 5070 1075 8533 9156 571 8507 4310 1830 3767 4542 5813 8698 1421 9901 7797 5147 801 2880 5489 2963 4024 8566 7609 2437 8365 2476 5627 5591 2730 5243 1759 2850 1437 6725 7792 1136 1428 3508 915 265 9206 653 2237
5805 8541 5823 4968 9570 6710 4021 2413 1377 6883 4705 6737 3665 3030 3990 3563 3263 2771 363 8022 3771 2003 2706 8262 6166 1928 2583 7660 5579 3367 2141 5334 6968 2843 6085 2996 732 9828 5532 7693 4032 5233 1999 3500 758 4667 4273 2426 3800 1250 7075 6621 6677 5568 547 1519 8717 908 4913 5477 3600 922 2134 1720 3843 7725 7687 5223 3984 4754 2014 5526 8884 2783 7988 513 8268 4975 3177 9835 9146 811 9157 3631 9779 248 5832 8185 6440 7581 6250 5268 55 9118 6369 6664 3145 6180 9156 8833 7903 2375 8920 5644 5475 3997 7177 6388 7896 8768 5795 519 7077 6224 422 1314 4378 6601 640 8076 3059 3237 7932 1622 3282 4003 5986 7637 5141 247 1027 6309 8567 662 3709 4303 6478 38 7489 4498 2795 5606 3011 2758 7947 3648 1401 2119 9701 5724 9609 3972 7136 9523 1029 5912 2312 6415 7540 9385 8408 7206 5635 2258 7127 6306 4159 5041 83 3560 8862 7150 6744 7279 6155 9115 1961 1036 9526 5437 1533 5938 7158 5156 2273 9153 4425 2275 8756 8177 8028 2580 3252 9958 9748 1398 7718 4073 2098 8866
3711 4827 3455 5608 3535 9742 3510 9701 6645 2834 3789 9358 9685 9821 2839 7800 8731 9057 4388 5537 2618 6637 4422 8795 6360 4368 9507 5126 9149 6140 8010 7074 2737 8033 7512 5857 9147 6537 4258 1321 8913 2951 5582 8696 994 8777 9933 621 7765 668 3439 8784 3540 3746 2883 9073 1212 5532 8614 7264 5050 4221 3662 9550 1594 9761 4742 5317 6260 4204 2033 7679 7732 2215 1573 8926 5374 9956 1059 878 1782 2464 7185 5721 6122 1576 3327 995 3575 1802 8501 4677 3209 4404 2361 2613 2626 5049 9423 1786 1670 4682 7220 3777 1733 7187 5324 9874 7329 7158 6077 5505 8970 6647 2437 7541 5104 3509 4896 4769 4961 6877 6817 8720 6237 3766 8920 6565 8707 3814 9399 6550 6681 5695 1276 2835 8594 1227 7558 6733 5380 8765 2308 8130 3268 7703 2968 7211 560 4863 6316 3095 7019 8651 4923 4413 5578 9490 3497 7278 2271 464 3905 6346 7147 3257 4883 2346 587 4507 6933 5708 3699 7209 957 1111 563 9271 1937 6721 7762 6267 7818 5158 2797 6130 9995 8328 3993 8892 2116 6214 3328 5800 5451 9682 5413 7218 4174 7988
8819 2102 9499 7220 4283 1868 5913 8544 1651 3956 1732 2888 3583 720 3630 6401 1739 6502 6708 5845 2028 4174 8494 1569 219 8012 7183 6624 2505 4556 2716 7704 8279 9222 7166 4995 634 687 5177 4535 1881 8336 2911 4021 3840 4744 5426 140 8683 9084 4538 6289 3957 6537 4764 1456 7639 6171 7366 5323 5575 5588 8011 2378 4748 4632 7644 175 6739 4695 142 8286 2829 284 113 9039 8467 1925 9609 5399 496 8066 6471 7858 7731 7923 9839 9779 1675 9199 6728 1875 9527 1662 6776 2354 9512 9643 8657 4238 5797 1549 4189 513 9695 8342 1720 5270 1085 6230 658 5930 166 3522 7825 9278 6057 9981 1606 7885 7375 8540 2445 6459 233 5233 3426 6867 9308 102 6219 7845 5308 3549 7469 9895 8670 6661 164 3919 4073 3525 2226 4899 9683 717 9229 773 8120 5759 9092 2950 1283 6955 1847 5078 9176 6290 8762 8413 2637 8375 173 7136 943 4396 4455 7754 8361 2952 886 700 7600 8909 4251 8220 5923 6559 397 2700 873 8284 3226 6539 4367 5208 3385 10002 2441 7253 2736 3734 5771 6710 5448 5780 9927 2318 6651 2149
3422 6809 9962 9529 413 8679 9026 5192 5709 8158 7371 8482 3099 5879 4434 6067 7144 8510 7548 8372 4920 9666 8243 5509 7830 2430 3581 265 8036 1567 9771 2411 2349 4649 8421 197 1520 4090 4302 2248 9687 9078 4877 3191 7631 6907 516 3244 2114 6265 7869 9699 6696 7375 7688 596 7378 2089 6224 997 2832 3840 3892 3577 1059 532 68 2109 2254 8496 320 2122 4677 2863 2690 2006 7689 5401 9254 9969 3136 3538 3797 7424 2965 2457 3225 882 642 8254 8329 8452 9054 9641 8202 8644 963 9581 98 6161 8499 4728 7750 8303 3606 306 4901 8434 2620 5894 6460 4186 5260 2218 5635 2833 8645 5768 1450 7978 3073 1033 5693 1327 7376 2486 2472 5251 9008 8765 1962 6416 2913 2772 5743 1409 1106 6213 8184 2210 7223 7839 5647 451 1136 258 4422 8449 4646 4013 4576 7901 3347 6686 9360 8942 1852 8237 6700 6581 5185 2095 5033 2246 77 5326 9131 9367 2549 4977 3355 5098 4354 1933 7169 8551 4413 5232 7776 3142 2347 5046 4669 4451 7696 9015 2372 5087 1534 1311 545 2491 6483 4624 8380 3332 4660 1234 819 8144
4401 9721 4436 7777 47 3381 2044 2253 5798 7609 3374 8437 9135 673 9211 5601 1682 4061 7162 7044 446 9239 43 4175 4547 754 8143 7452 9521 4108 2836 5153 547 4201 9393 9502 2876 7220 5538 9184 5957 1065 1448 475 8486 4412 2534 5058 4394 6107 1311 2652 1649 5608 5296 7186 2280 5442 8226 5987 5117 7693 6714 5909 586 1463 2501 6605 2528 6249 3145 8862 9832 7420 5866 4118 851 3899 9298 3342 4782 9145 8695 7957 4345 823 9457 6805 2856 1183 8046 1689 7675 280 2162 8851 7012 6798 9249 8065 2921 3291 9902 3532 7095 5333 4845 1643 6799 4047 9941 794 203 2436 4497 672 4406 3725 3809 7149 4621 6079 6869 159 1163 2009 4197 180 1998 1377 9565 5381 5324 1628 4773 5928 1818 7086 2116 7975 772 4570 1192 1256 8566 8546 2509 5017 7529 9247 8462 9176 7545 6071 8457 5165 8172 6699 3883 2467 3347 8793 8518 8067 2524 7043 5648 7363 2170 7263 2006 9796 4559 8379 634 1942 2486 4579 4409 8133 9437 768 5364 3695 9764 904 8389 8656 688 1230 3720 9805 7776 5249 1505 4171 5341 3257 6644 9797
4928 9050 1400 8868 7506 7674 4347 9298 2207 3787 374 2382 4074 8450 416 4052 2810 9179 811 697 3312 9602 1905 3692 4221 4288 5999 1600 9196 2440 2568 7181 7141 5074 83 5107 8543 6973 8401 5139 2191 6963 379 6393 3447 7822 4990 6750 7635 7085 6183 5104 4135 1345 4775 4396 4575 4068 9641 9174 6807 1324 3940 5028 9214 8874 6315 8923 1592 777 7446 9577 1864 6827 7361 1432 2516 7496 9659 5601 547 3066 8398 731 6570 3337 9643 8777 552 7077 7771 103 1137 6035 4461 6683 5924 1477 8594 1853 4007 6739 4815 6463 9566 9051 6205 737 5379 4586 6888 256 5791 2860 9261 4548 4424 9024 6561 120 2766 7906 8330 4222 9093 7875 9480 6108 4981 3533 758 6214 3954 2249 5457 9117 3111 4469 5095 918 4475 3904 2167 1720 5390 7406 7510 6880 1844 790 9869 3944 4234 6711 366 3970 9080 5452 5106 3738 5097 521 8227 9657 5998 6802 7320 4567 5656 4640 6176 1490 1010 6227 6377 6623 7827 9001 6123 7007 1652 8881 9929 2041 6717 9182 5219 6325 6938 338 9528 6587 4966 1507 2639 8098 239 4162 989 5392
3566 1043 6512 6675 9344 4915 8459 5465 9361 6544 323 9334 6900 9713 6721 213 1148 680 3515 6163 899 5075 6720 5415 9279 2807 6603 3622 9941 1491 7647 6535 7113 2457 6029 7484 3866 1535 8920 9023 3588 6683 7756 9916 1450 775 9675 4257 8981 1918 7947 7027 9521 4805 273 9252 3163 5986 1009 3254 2933 1606 9837 2121 2676 7589 8041 8382 5739 5007 204 7938 3810 2644 3934 8051 6397 4485 3751 9352 3327 3453 8463 4671 6858 8043 7985 9491 753 4035 3013 5740 9812 2080 5811 722 5185 4899 1628 5470 3365 5917 9702 3901 9598 4531 4627 5585 5555 1503 5265 9033 1603 5429 6500 9057 6846 418 5487 4994 7788 3564 1440 2760 922 5513 9840 6529 8304 1208 8784 5998 8634 5752 7430 4578 301 3694 5656 6472 4608 4353 9939 1888 3895 782 3282 7382 4099 316 5720 3775 4588 8323 2440 4400 5613 10004 3996 5751 2625 2702 2428 6782 3115 5507 1024 5280 1052 9729 3545 208 7144 1307 4143 1589 8208 250 8814 43 4872 1984 4853 752 9237 1137 7867 2893 9546 4846 7145 6112 6019 9469 5120 2791 9779 3627 3945 864
3763 1077 3877 8469 7594 6159 5807 5630 5740 3919 132 6330 6888 6202 2275 6242 4342 1226 9325 7797 888 6369 4150 9317 9385 5894 3371 8840 9003 1665 7243 780 7793 1682 8872 2651 1655 9228 2034 9049 2541 3476 3008 5843 8491 3227 7403 9048 7743 1600 5135 8931 5950 2262 3819 9975 8863 9441 4785 8357 9812 6194 3863 1241 1344 5916 9011 77 2237 3778 3103 1996 6585 1302 4246 268 9355 1842 7133 2601 1573 5491 8314 3337 5582 5261 3934 2158 4449 5004 9917 362 703 8067 7335 2532 259 6138 4972 6262 372 8725 6813 6079 1673 5655 5781 784 6999 9186 364 306 1812 3081 6363 5341 8068 2133 4408 8139 3050 7513 7227 3956 7798 5693 8245 2023 6229 1919 6859 6955 7913 7883 3831 7593 1354 3931 7757 8828 1378 9174 2746 7815 7322 109 5892 3768 5088 3250 7841 2161 8857 625 3536 1105 8326 955 8080 9758 6906 2629 6022 7984 8800 6936 6681 2260 4216 6223 3110 5610 9710 6427 2644 8048 6103 6916 644 4768 6728 7941 2325 6324 8079 4953 5030 4756 9110 5443 7835 3352 7608 3380 2050 5873 2536 9472 3635 6471
4697 4540 680 6358 59 4539 5882 4482 2186 7627 3341 3517 8609 8554 4461 1351 8259 7980 8323 5283 8303 9253 804 1758 2522 973 3236 9349 1762 1728 8477 4735 7004 1919 5588 2799 1027 2524 576 6988 5095 5593 6810 400 1896 5150 9686 9920 3499 2175 4807 2719 6900 2549 617 3853 1955 8449 286 4511 1433 1989 1700 4028 2242 6518 8327 4489 5800 745 8466 1915 6382 5302 9535 4869 419 3128 766 9301 1283 1743 496 2854 5120 5634 3675 7267 4752 8633 3790 9457 338 4196 8922 1462 1236 6069 2387 2753 151 6291 8355 8938 8293 1231 2058 3014 3381 5584 3593 3530 1025 2921 6831 1235 1264 511 4880 3239 3750 7390 5354 9220 2351 9899 2664 2807 9446 7525 3574 2298 5409 3306 5461 2991 2943 2464 2479 4505 2624 740 4455 2542 7010 728 6837 44 2513 7763 6366 8478 9540 8880 9799 2500 5340 1992 6108 9656 5868 7261 5943 7384 6545 7971 5106 8413 7432 7024 7956 3080 287 9316 3309 9869 8619 6569 3207 95 7400 3369 7966 1095 9040 8060 2450 5258 8262 2381 3944 8909 9046 6869 3699 2503 9748 7620 9734 392
9176 9072 9702 4731 5785 6713 2631 2341 9871 6209 2605 7502 1123 1469 2837 1478 6054 8355 6925 577 9780 9262 2008 919 1935 399 5085 5565 348 198 9959 8755 7581 452 9575 4923 7701 6653 4534 9865 7400 1356 250 9644 6237 7054 9995 1609 5068 3936 8484 6336 2413 5586 1183 9573 5320 3949 900 703 4783 5470 4195 2104 1877 1905 6354 8847 9333 2925 4024 1023 1305 5370 4031 4637 4430 488 2429 2410 1178 5562 5947 4577 6333 8012 9965 7564 8830 7704 1054 155 3484 8143 8979 3145 382 3456 3694 6486 2659 6790 2357 6695 6204 8601 8129 1751 6902 139 6660 8148 2983 2518 9761 8030 6392 1304 565 2155 6764 7518 7954 1464 8833 2105 6682 3781 4227 5759 1867 3890 7608 96 185 7536 4381 5211 568 6563 2385 1137 8697 9087 1721 2850 3901 421 718 6809 3589 2311 5819 9971 6373 72 4949 2540 5394 9274 9633 3417 6432 3371 5556 7138 3328 9088 6526 4726 1774 7340 3259 7774 7173 1384 4699 2130 6723 646 1087 8615 5350 8001 7145 6942 2206 1644 3124 9554 4088 8333 1285 9340 6539 7149 6148 9710 3143 779
4759 6227 5032 7075 6823 6810 4387 13 7650 7766 4754 2216 5659 7703 2249 4112 9569 2107 2278 3359 3931 466 2789 6999 1895 4332 5927 4540 4667 4475 2559 2619 716 3199 5670 516 2871 729 5622 37 2886 2755 3741 8160 6601 842 8209 1878 2703 4056 671 7128 1306 6168 1733 6468 2225 8876 4573 3120 6341 2417 785 4513 5023 3858 9953 5939 2158 7165 8972 5531 3090 2289 6179 4553 7090 8849 4929 2503 3728 5737 2227 8479 8325 8873 165 7499 2715 1674 3169 1618 4278 6639 3306 9448 1108 5443 544 7320 3222 6108 3636 3985 9761 4023 2218 5262 1448 8002 7943 4644 4037 9446 1505 1691 4798 3489 8147 4178 6475 5839 1994 9698 1518 4114 9172 5859 8031 7190 9013 2396 9957 5145 9662 8664 6627 5688 6950 6618 2471 73 5747 242 7225 7069 8014 5561 7142 8534 2411 1976 3264 7778 2372 4714 149 668 2720 5685 2542 990 8852 9337 8131 7354 6480 9850 1367 9070 6092 6812 3990 3765 3396 1590 9836 4146 2820 5849 9 8444 262 3255 4561 5502 3843 7927 7820 4042 3450 878 1063 9372 6187 2965 2084 1840 239 2817
1952 8130 2651 4473 3058 8743 6058 3656 117 7122 2599 4788 5576 9270 6522 1615 9979 880 768 2986 3021 1077 6695 2299 4296 3168 6922 2271 9854 675 6436 8679 8755 3676 6154 4614 87 3070 6361 8556 8153 3089 7593 4172 7768 4459 5837 2493 5815 6860 4571 3619 2458 7759 1242 8967 1622 3586 4005 5893 1384 794 7832 1762 5817 6463 8323 9372 6289 2834 3172 6128 9775 1346 8337 6593 2532 3077 9975 1674 3271 1487 5366 920 2835 7977 8004 7648 8265 871 7558 6116 2150 8855 3840 3621 2061 1504 6995 2791 6704 5516 1166 4039 9151 5126 8532 2910 8100 8606 8235 6826 1313 9884 4727 2674 4911 6178 9857 5083 2057 2298 9498 1292 9049 5359 7313 9717 2852 9606 9875 1510 5804 4040 3949 7002 6405 9829 634 9571 1812 5899 193 2043 5077 3248 1049 2246 9813 3810 9576 5823 5272 9572 6617 7775 8073 8962 7618 4213 4633 1319 8693 5976 9926 6397 1410 5640 6573 6502 5585 2480 3392 2486 2201 3735 9453 5221 4685 1004 6175 5449 9462 8438 1555 1875 8404 8304 8140 666 3219 1802 7884 1447 3299 5936 7859 1406 6434 9076
73 6231 4722 9052 142 7545 4075 2387 7224 2748 611 9515 3303 5524 9967 3644 2881 9235 8848 608 5107 7682 1898 9224 6028 9993 8490 1622 3968 8616 6632 176 796 7817 118 2302 9086 3400 1280 1806 7472 3555 5537 2383 8018 5251 9119 1853 3146 1664 5638 7352 7361 571 7448 8319 541 3396 2074 4309 5973 5900 5380 8530 3689 8959 3592 3196 1746 9375 1072 3066 7537 5663 7393 4226 7438 297 1795 4652 2933 8920 6330 81 4643 9723 2043 5459 7859 1788 1038 9815 3795 7932 2308 7895 4649 8532 3292 2704 9345 7027 6828 1298 8240 1212 5297 9995 8093 5374 9721 2440 1707 2106 7964 5963 7885 6634 9786 4548 3563 3949 7384 1009 561 9433 9573 1797 4255 6685 4666 154 5163 6573 6884 189 3219 2184 2488 2186 2091 5938 7844 9769 2919 1692 80 9845 7847 4170 8547 5318 823 7461 735 4915 5766 1958 7321 8511 2457 3336 3977 1826 3502 1047 3025 665 8803 4537 743 3327 760 4956 2631 8825 170 1987 6568 2873 816 3847 7617 9797 7368 4185 566 3437 8946 1169 8829 9383 9491 8067 528 973 7707 1939 6089 2888
8537 885 8750 3636 8058 900 769 1755 6174 4615 8863 6223 9899 717 2070 8692 5142 9327 4182 9754 4482 239 6890 2587 1134 4355 431 8806 2527 3037 1872 7967 3953 172 5179 6986 3545 1104 303 4193 2567 5104 6863 2943 517 1742 3751 241 6493 6339 6887 8186 5513 729 9695 1183 9639 2292 4653 1320 7462 9129 3457 8565 5334 1236 4122 1650 1999 7775 2037 232 3276 9469 6016 5957 2658 2051 7460 9526 9712 2812 1503 6161 2192 4489 3853 8 7712 9539 2128 7186 3873 6045 5204 7027 410 7971 3159 7676 6678 4641 3702 4964 4632 485 8094 3761 8263 5239 5083 6028 3575 5156 6548 425 9997 1278 5792 386 2728 8170 8689 734 3699 556 9011 6866 7351 6145 5368 4494 7864 9388 7084 4106 4826 2004 1779 1410 9611 7850 2160 834 3863 8030 6458 8283 1269 2575 3516 1857 5941 5834 2056 1464 8899 9084 7386 4201 979 98 9861 8260 831 9462 2402 2832 7540 3653 9687 2771 4638 9301 9343 1006 9749 471 866 7518 8020 8443 9537 2525 3434 8127 2214 122 5097 3249 9825 5399 3344 5978 3493 1419 2821 4720 3031 3063
8841 2055 8138 6506 227 737 9579 5667 1653 7879 2879 4686 1245 8811 8010 1893 267 2804 4563 643 8224 9449 1451 7948 4193 4039 4587 5886 3213 8436 7395 8890 7339 9999 2353 9027 5162 6829 1157 6265 3034 8943 1822 9357 9706 5475 9744 7939 976 7169 3716 3657 358 9758 5160 7226 7412 512 9210 3861 9899 2189 1553 7715 5412 7239 9835 4886 1573 3745 2904 4727 8117 5671 859 5376 4378 2341 1402 2664 2332 8192 5794 1461 5963 2939 2783 3728 1275 2856 4248 8132 7697 8985 3492 8093 428 5870 6389 8441 1399 8263 6711 4566 5051 3845 3068 2194 5564 7088 4784 1806 2526 9711 9486 9117 7311 5550 9867 8541 1563 5730 4158 5983 8976 275 1216 9564 3641 3534 9763 9171 6599 6784 5086 1901 8686 7805 7561 5960 8538 7162 102 532 5240 1353 7387 471 2338 7001 7043 8713 7449 8178 8573 5218 5720 6143 7237 225 1134 5827 9921 7829 2797 949 7525 3099 1044 3678 1193 9126 521 2420 731 763 4418 4408 6393 7647 8903 9762 4366 4723 8911 8174 9367 7721 4221 8488 7080 6372 6812 9535 4394 9172 1397 8660 2959 8820
8606 9380 5846 6855 1705 3266 8628 5013 7090 89 3818 9133 9844 3805 6710 5470 1435 6826 2458 8904 262 4502 3450 2125 9959 5995 2296 1033 6567 8838 3356 770 3734 5793 2365 2347 5920 2173 431 5980 270 2914 8451 5123 5269 6309 9 9691 9158 9885 670 3570 8326 4918 930 1995 5743 2283 8617 2193 6468 3472 7765 1196 9236 4409 6900 7783 7630 2976 6151 1351 3486 4986 7446 9479 1205 2446 1279 7771 5 478 1654 8386 3015 3413 4466 589 4638 6475 7086 883 6321 7634 2182 3648 2850 1141 5143 1299 3801 7504 7973 9943 9171 2301 5044 5940 8210 7930 3468 8559 3699 7737 6754 6743 3923 3301 6684 624 2694 2086 2690 2880 5193 1381 7538 1224 3678 6902 7386 1375 8729 9982 6433 5416 2147 5592 7239 5537 3146 2427 47 2148 390 9115 3410 58 4968 1012 5732 9470 7995 5576 408 5542 7157 1800 9426 6722 3088 3933 1316 5430 9375 1835 7482 2333 8699 5930 188 9184 4724 9418 8310 8094 935 6006 5116 1655 3184 4891 1286 1378 3130 5603 52 6159 9770 8487 7984 2756 9793 8925 1097 3870 8818 7326 3278 6246
1447 8754 4326 2668 1550 3319 7421 3741 3710 4860 6746 2634 8299 9584 9690 8663 7379 2071 4974 4131 6351 5989 7797 9161 8596 5668 6470 7385 880 6223 1376 7837 1221 3580 644 3034 8955 9459 9485 4324 3065 7805 7573 3590 8666 1780 7699 8600 4874 3967 8884 8542 6380 5236 2159 7520 9107 9308 4434 1244 4018 3764 4148 7980 7860 1659 6700 1758 2059 7356 1633 1854 3017 7326 7588 5616 6785 9903 1407 6687 9342 7692 4986 1749 8849 479 762 9632 162 8648 5353 3952 6858 416 8264 1521 4072 3052 5382 3199 1220 8782 8775 5161 2036 6918 8520 740 3992 8925 5407 3240 8092 5642 1624 8644 6147 6455 5359 2761 8107 7668 9750 6760 9862 4542 9827 6486 4209 875 2212 2003 8465 6654 882 5826 5128 3583 5052 8662 2574 195 7101 7219 3810 5024 4213 81 9716 3502 6120 6811 4742 148 1420 9110 3709 55 4870 4761 1380 7043 8725 5079 8306 3191 2808 3781 5777 9851 1722 9205 9869 8156 2945 1604 2607 8655 8967 7077 1976 8821 6037 8276 9146 6570 7549 8354 3670 2793 1755 7658 1728 8014 1111 5401 4431 6843 8397 138
6619 6802 5501 8571 9603 4891 9572 6041 1451 1929 7116 3214 7222 2187 5938 6886 8841 6043 1054 5681 2862 7045 2297 4117 3099 5032 6601 368 1754 6829 5145 9188 2209 1571 8130 2075 8156 6921 6897 1654 6665 7678 1734 792 7653 1693 3927 786 8844 444 6682 9307 3605 4661 5192 4862 318 1672 3092 1418 3476 5250 3356 9056 8397 4114 8698 9411 2975 9632 4138 3934 4400 1962 5569 5080 7080 353 9735 8710 7029 5473 4122 7110 4405 5973 4942 4452 1647 3051 4553 6616 2394 9880 4945 8860 7275 6677 5296 4232 5289 618 2164 5500 3766 7727 7018 2653 3500 486 8352 8043 4334 5056 1837 5364 741 2766 6087 2327 8169 9344 1264 4024 6549 683 4272 7356 5609 7147 2064 5336 6299 273 5601 8735 7070 2338 982 9966 7888 77 4479 1291 3668 7166 3296 952 5914 1643 3845 7056 5117 4739 9723 1085 4531 976 1150 6639 2832 2993 6059 7885 5676 8858 7672 2925 9550 401 207 8695 5003 7354 6006 3395 6318 1505 1217 8350 8440 582 9310 8013 282 8818 5605 7941 4567 3837 8644 116 1741 4406 771 6818 2325 8566 5592 5518
5386 9891 1268 6740 1304 9601 8798 3078 7707 4491 2419 3424 9075 3132 6995 5725 7645 6791 6191 5207 391 5702 7207 3671 5077 6182 1990 3521 4831 4978 816 6399 3947 326 3594 5351 1828 5657 1129 9314 722 5044 7729 124 3663 6665 1181 8999 8211 4517 7265 2165 3808 2900 3012 794 759 2703 7092 1481 9491 612 6865 1509 3933 3105 7351 5108 5032 104 7633 9173 3693 710 7426 5231 5634 691 6194 9615 6019 9328 7950 1287 7972 6927 9216 161 1322 6028 2538 4820 2158 194 9782 7894 2396 2986 5955 2018 7970 7324 5464 4415 7498 946 608 7659 4012 2434 5450 7194 1248 703 3812 2106 509 2293 8421 2860 945 5810 5783 6139 5522 2909 6229 7671 1630 4932 9947 159 1719 2276 6792 989 7083 8271 2614 9748 4636 8661 5255 870 5687 5181 5552 6961 2467 3903 9060 1106 8876 7609 3930 8704 1723 1482 4289 2488 4738 8428 6474 4070 928 4181 3912 2270 7983 9747 9838 6785 7382 3958 3146 4216 1968 7888 3587 1737 8710 532 2731 1534 3974 9977 4211 7964 8515 4215 7170 6012 5714 4825 6169 9574 9154 2461 5094 7811
9598 6351 5429 8320 9859 9581 4722 3558 4451 2313 6412 8331 2672 196 1339 9618 2381 2921 5808 8141 359 4008 5189 5925 9934 9704 5324 4145 3012 2755 8738 6942 3196 6259 3677 5847 5403 3474 1111 4841 4954 7541 9382 9199 493 7430 6398 1103 6429 9960 4543 4065 8885 2780 8779 3807 56 9115 7160 9958 4940 313 3132 8956 3697 1877 2895 962 9400 5626 4240 9172 849 6813 3785 4423 7871 3919 7845 9080 9104 4340 9336 8323 4260 5202 8348 4301 2067 5208 7157 5550 9319 6694 2389 1333 802 1132 5676 4322 2902 4576 2518 744 2638 6945 7604 1880 7303 6590 3019 6369 1856 2060 1594 4032 425 914 8921 5641 6266 7291 8972 521 1872 8891 1589 21 1052 1542 4347 2943 1441 9385 3600 6121 1049 7141 8726 9324 698 1762 705 5376 3830 494 2228 8274 8983 3341 2494 5508 7649 7958 1660 938 4157 630 5253 3228 9914 3667 7832 6657 4730 1970 9452 5311 1722 8645 385 8854 3930 658 9702 5721 393 7266 8931 3656 5012 6035 8113 5917 1515 4703 2326 8835 2698 5042 80 4351 2149 8945 877 1255 6278 4909 1463 5018
5947 3689 1587 8547 7953 5778 2211 4767 7758 9461 6650 9245 9498 4309 8608 848 130 2555 6532 2647 8284 5120 2733 1220 6344 9944 5841 4716 2871 3848 5050 6621 9998 5129 5950 8097 7215 2166 8696 3394 5106 5512 4977 6101 3141 288 1213 2730 6819 716 6318 5098 7100 9983 3103 7831 9981 3500 4079 4228 9676 9004 2298 2508 851 4538 8183 151 3390 5900 8015 3478 8446 2984 6435 6891 6438 1292 2059 4918 2802 2534 5697 3279 2916 9926 9414 969 1129 9397 9347 9265 5528 1801 6096 9137 915 1841 8163 4121 5898 8412 9733 2693 9160 1353 4961 9277 3146 4299 586 2102 1386 3414 1136 3004 2465 4383 3926 9581 2844 4204 4433 4008 3311 6571 9916 1392 2223 2385 249 3951 9622 9716 1064 7289 7491 7422 6108 6755 3413 6338 1128 4592 7471 1385 8616 9267 5131 5553 1842 2961 5997 3771 5324 2267 3658 2737 426 3841 1436 3496 4873 6731 8177 1342 2141 8655 6529 8246 2656 1494 1990 3604 3449 9199 8622 8076 6380 2798 3328 8200 1780 5261 9769 5554 6647 4837 3870 683 7865 3232 7242 1810 9313 6007 1786 4070 1011 2799
1692 6866 541 175 2777 6644 4580 3997 4642 1697 870 9921 9554 7351 9342 9405 1903 7 6104 1693 1664 2417 8055 9696 9185 5545 7581 3715 577 3036 264 121 3489 5410 9361 630 7526 9629 7474 9944 9992 464 449 8430 304 2188 8480 386 5925 2200 6098 2884 415 5172 6569 4457 3395 4055 3136 428 7595 936 6827 3279 7067 5674 6992 5551 6390 4964 7829 4522 5503 5911 4979 9855 2641 3619 9626 3066 4316 6366 9728 2833 5535 9566 4969 1833 3895 4875 478 7677 4673 547 8991 4026 3889 6066 9236 425 3187 5315 3201 2536 9451 2779 6247 8332 9750 8473 6779 2800 7082 7700 5111 3667 98 3051 2290 8247 1605 9125 7448 5098 1244 5731 681 2406 5235 9074 2561 9492 9651 3107 1181 3226 2577 6316 9646 9103 1808 3854 8010 3618 4821 1190 6443 9454 7187 1868 1951 486 6089 9674 3545 4301 4340 1602 4717 1820 1472 501 8115 7793 1661 8016 2427 6070 8442 7929 4686 2970 3358 6396 3773 9078 1767 6989 1143 762 1338 7086 6906 2608 5166 7760 3208 6150 2569 7904 4645 6105 6498 3540 290 4967 2230 143 9129 6654
669 4048 8789 3355 1248 4197 4230 2683 4549 4407 2573 6370 8194 6382 5812 8880 302 1845 773 3418 3753 2301 320 8279 4520 5160 8211 8011 7683 2742 7848 5014 7171 4304 8008 3275 7121 4222 4271 9555 1409 7263 6056 474 7731 3221 7833 2988 9052 6188 4293 5188 2653 497 8169 6341 8947 2013 7453 8369 6669 3881 6914 280 6212 9536 177 1640 6441 9111 9487 4900 9786 587 311 5062 7650 4289 5982 5156 9005 507 6184 5087 7691 1154 2842 8012 2481 4618 5721 1926 9712 5269 1585 2348 6001 6388 4621 122 7554 3331 6012 9208 5243 6746 3607 1261 6620 8604 5053 4433 7419 5111 2927 6150 1829 3949 3423 7764 1674 9699 2846 7218 9985 6117 3376 2083 3565 9598 7884 7875 4658 7788 6917 4688 1833 3155 920 9263 9336 9856 6706 1540 6277 1637 2033 3483 5861 4157 2163 7699 9573 7843 1003 7798 4932 3434 577 2296 6316 8906 5148 586 5513 3186 9777 7377 3441 4191 5421 1434 7304 2921 7341 580 6704 1937 2525 5891 8209 8408 3931 6996 4017 9939 5241 7143 9862 5515 2789 3522 3123 7272 9273 7351 8602 5450 681 1666
9788 9584 43 7612 1212 723 2723 6003 5378 4353 2672 1116 9772 2753 48 1616 585 95 7297 8701 196 2259 8044 5523 588 4503 2918 2320 939 9882 932 6268 7814 1143 9416 3370 2661 8303 9150 6136 3995 3686 9984 699 7487 1007 6391 8416 1730 7977 3812 4987 6914 9674 2192 6333 9922 2999 1252 2790 7714 979 1942 5923 1244 4378 2713 7988 6632 5609 3531 5727 122 6941 9318 2809 8946 6602 1557 7293 9495 2699 760 382 5366 6735 174 6626 6800 2282 8482 8643 1702 3528 1319 4501 3315 8575 5193 6051 5857 4338 646 2997 1649 9045 1961 7155 6867 3993 4083 6232 4953 3656 5932 4461 1248 3584 210 9487 4287 5766 7391 49 6421 2461 7975 4209 1235 1161 5843 7117 4403 2754 4853 3492 8465 7014 9838 9666 3780 1332 6924 7689 938 5077 9063 8395 895 8609 8451 9793 3588 9423 6984 5786 3421 7548 3909 743 8760 3495 2866 2635 3457 402 1396 4227 7669 4908 7585 1568 106 110 9323 6820 8319 5974 6131 9991 4313 605 6132 4789 6189 8485 3044 7330 7154 2062 2117 6210 9320 2412 2691 2348 5388 2368 1418 9867
7051 9518 5158 9 6375 3606 7871 6860 2400 7094 5986 5770 8618 3682 2792 9338 860 2567 8969 9061 806 3279 7735 3835 7446 6163 5660 432 7469 6601 8780 1546 6494 5002 954 3922 5187 9263 737 1965 8382 493 364 953 9124 3311 1383 3825 9431 7417 6916 1291 2073 6958 2961 809 7687 3356 7461 8189 3779 8555 1177 4688 3241 5271 2596 8216 3423 9172 3790 1368 1799 1305 9301 3201 3204 7612 3233 6859 7602 5218 8113 8858 6077 2717 9215 258 1980 401 8619 8487 4668 7211 7779 5108 9934 2638 9886 2159 9901 4185 8020 2301 1728 388 6196 4113 2298 7327 4767 2570 3370 4682 4432 4022 5351 6730 8191 3382 2300 6930 8519 8323 7201 9764 6362 1183 3497 4490 2516 4082 3448 9213 655 8235 4655 4788 3405 2738 43 9633 7348 5602 1938 8738 9883 7758 4273 559 7277 4685 8840 9650 8977 7473 5807 6277 3045 4149 5159 4814 8251 1479 4783 9401 3365 671 5059 4650 777 4032 3366 5476 6935 2523 7696 6573 4331 9060 6008 1403 9862 6923 4905 5198 2076 1359 8589 4435 8430 972 349 8934 998 5195 7675 5738 4963 3692
3472 3973 9598 8816 3931 7928 73 3202 7533 3428 2700 7110 2334 9712 6201 7648 5618 8293 2673 7466 1717 7099 9521 9090 9584 1588 7688 7685 3277 7656 4030 3287 5671 2776 2031 4812 8172 1674 624 8909 481 2270 2402 6221 3678 3110 5781 955 8251 1003 8730 988 6704 2869 8588 9161 494 4693 6776 8591 3562 6122 8319 7519 6207 6457 6867 5538 4159 2698 7507 8589 3959 2370 2566 3688 1125 4527 9706 7392 6399 8373 6807 7441 1676 227 2654 6234 6101 7484 8151 839 1256 3541 5287 8951 2151 1006 3131 6616 323 3612 6204 2049 1239 1912 3416 5082 4612 7844 6740 5730 6075 2638 9410 6106 1488 7524 211 5830 6239 105 6857 7523 5413 3954 8366 3193 4316 6558 1829 4881 9486 1027 3966 5984 5691 8813 9530 2300 6454 2459 9917 533 1955 9891 5694 3214 5151 5926 7197 75 2805 1278 9181 6531 2185 4264 6873 4347 5408 9950 8993 3821 9749 3860 7011 6975 4114 6627 3143 4234 2821 8109 9176 2520 2812 4892 2299 1649 583 2037 3621 9421 8926 2110 4141 6271 3760 6847 9508 6667 5210 9225 7804 4673 739 1092 6074 7840
8905 2828 3269 790 7532 176 9327 9124 4388 3826 5306 1729 6270 508 3467 1515 8721 9331 8330 1885 5325 2961 1886 123 4837 9766 7042 7378 724 619 6451 9611 2785 6801 178 8930 2869 134 7657 381 3659 3431 8661 1227 5847 9421 472 606 4028 5237 415 6917 7173 6392 6312 2178 2203 2244 9116 5976 8832 2308 6419 5956 2795 4816 8931 7674 2010 5530 7300 6200 4396 2238 300 4727 1580 822 1180 166 1305 371 5644 4685 9917 2086 451 9778 4660 9876 5221 3591 6922 1177 5765 5684 6752 4901 7069 7022 1341 3232 3131 8169 8826 3499 5170 8711 1309 9584 3141 6184 7572 2243 4311 4100 952 5396 3878 4991 9218 5743 44 5508 1660 4956 1155 125 4440 3511 2788 1202 5806 2549 3612 7757 545 1126 878 71 5152 2277 7569 7842 8690 474 209 7780 983 4246 1992 9103 3553 4458 9945 6535 2944 257 8259 968 2220 3873 980 9845 6371 5477 2810 6842 7050 5790 5725 3617 1761 9925 498 5452 2769 9977 183 2934 2242 9513 2224 3079 8484 1337 4026 5634 6670 1164 3342 1310 4382 5017 4057 4484 4784 5276 7684 25
2763 7762 1150 2715 7283 1165 4741 5402 9288 8456 3489 3749 2174 9598 6963 4643 4841 5566 6755 5903 4906 7674 8611 7746 4326 2720 1287 538 4113 9976 1979 3274 1395 9121 6581 414 8713 7513 5545 5920 6535 9545 2473 5285 7495 9118 2173 4793 5087 6770 7929 3025 5790 2319 5833 8794 6445 7396 3752 6582 5219 582 5386 2457 8461 7500 3122 1546 4165 9661 9468 2747 931 1155 6726 6656 537 9315 8100 4106 6362 8861 8156 2997 1341 9833 5347 5195 5346 390 3470 2517 6558 9983 5593 6399 6520 7519 4354 7169 3780 1024 7712 1068 8985 3556 5460 7782 7187 207 4771 9454 5526 4688 912 9930 1103 7041 9174 1064 9779 6059 3961 120 7030 6354 442 3155 10006 6031 9519 7634 6544 2755 9350 6156 9724 1966 851 7028 6751 6697 7409 6175 949 7589 466 8398 4995 5018 5456 8576 9690 8715 7116 9297 1666 359 4620 4403 2446 5641 6878 6505 5493 6235 9053 65 2937 3244 7350 2876 342 2991 2532 8584 8102 3709 107 4607 1980 8079 3271 6994 3493 2955 9678 1090 4618 4800 8701 9895 3047 1423 3563 9074 900 2305 8612 2544
4680 2302 4006 6000 464 8597 320 7160 365 3231 4729 7586 5867 1847 9264 3015 7577 2650 4977 8393 786 4722 3972 2742 6729 859 5242 822 7583 1459 6226 5638 2272 9961 9762 4232 1167 4146 8231 2922 1020 8308 2648 5374 4641 5040 891 8897 812 9568 2713 7482 6497 6883 311 3943 3495 2360 2500 4731 7189 9619 7600 3088 8097 9507 9818 3123 6153 5118 5422 5120 5025 8872 771 2696 5853 4626 3014 2772 774 7104 1474 8252 3757 388 3669 7849 8700 4892 248 1438 5391 6270 6911 4760 6436 3981 5959 3599 1730 7471 3677 6261 3694 7890 5565 1752 3104 4921 9502 5807 3750 6781 544 2724 295 7119 3500 6371 1873 4103 1756 2310 2418 994 3462 3907 634 4873 9023 5822 5776 4900 8667 6439 8389 1580 7225 2473 5087 6572 7006 913 4530 2056 2802 4826 3342 7713 5675 9938 9324 1112 53 5121 9830 741 8651 9615 8394 5591 6598 1845 9661 9270 1824 8826 9902 6463 3625 6576 6212 8417 6029 9718 2959 8686 7671 4005 1195 8595 717 3408 4619 9407 9654 5656 8706 3701 1497 8690 6877 1502 2694 6250 874 7268 8948 5699
2441 4811 4695 7707 238 6802 4758 205 8349 2892 347 176 9102 8530 1988 9672 5462 559 8129 6534 7921 7794 7986 9902 9842 1738 9262 6791 1938 9590 1725 6839 2417 9575 9706 8720 4301 5860 1612 4252 576 9758 8405 1783 5333 1148 6293 721 5993 229 3585 7888 9341 6120 37 1669 7948 7438 8603 2508 6522 296 5296 3489 6930 9371 165 6282 7908 5371 3612 7532 9958 8733 6724 227 3982 4136 3588 2289 4962 9746 780 9292 836 8183 5822 9155 3013 1346 7018 1910 5141 9239 6353 8825 8476 2700 8438 236 7199 1006 4459 4518 7817 8424 3015 949 763 7663 8972 4314 8283 5986 6622 460 2763 936 8347 3289 6602 4430 5271 3448 58 2504 7316 2799 3797 5834 6773 5511 5843 9990 2381 6714 2212 5236 5392 4447 6900 5319 3927 43 478 9197 4683 82 7747 2305 1786 9741 6776 9919 1464 3609 3124 4330 5107 5981 2611 1087 3391 6369 5649 8471 8696 9065 864 2625 8315 9641 6612 2445 4017 2192 9206 7900 6959 8618 4534 4641 8419 9011 1576 1391 3089 6274 9496 370 614 2215 9644 1013 8073 7643 2935 6822 788 7704
2493 1061 5117 561 4297 3219 7055 6141 7444 3977 6697 7155 6305 4911 1424 8114 1073 2735 3059 8794 6191 7526 7714 417 2860 3264 3126 498 1792 5115 958 545 7473 3224 1059 5514 6816 8551 9395 1973 4211 276 5831 8937 2823 5605 3763 9148 5971 1161 5281 8035 1744 4636 973 2571 5592 1340 4774 3601 1277 2269 5497 5187 6680 5526 4434 1042 3885 4945 4682 1849 8811 7820 9397 1576 7963 6029 9662 4012 4753 2766 1909 6908 296 1861 6429 311 3887 4548 8434 7602 2635 2895 1320 8744 6109 3789 3987 4712 5901 5049 4052 6820 7757 6892 3472 1866 433 9691 3259 9122 1125 2420 541 8267 5727 9567 7859 6659 4691 5066 5681 8691 1619 4431 6641 8264 1319 3939 4233 5916 7075 2171 4936 1465 4979 7940 5591 6542 2898 5728 4365 9735 4532 1603 7607 6646 2268 692 3311 8807 8614 1893 77 301 5872 5802 9690 8461 7246 3252 5508 8007 7302 2143 487 8979 4493 4341 4492 9543 2616 1663 5704 9129 4739 5545 5666 6665 3500 6315 2926 170 6858 214 8131 2702 4606 6928 6333 9360 3917 8600 4672 3834 58 9076 249 6187
8378 3499 6305 9706 73 5890 7024 2079 7979 7648 8306 7784 1324 2738 2255 3064 7593 4213 4674 8232 2459 2598 24 606 5163 6232 9186 3223 1049 2287 6719 7583 6198 5928 9488 3318 7209 381 4794 4426 7425 7540 9730 5316 879 6011 8023 8921 787 4259 5550 4465 4687 648 6833 4968 9915 3618 7701 2789 7142 8677 9193 6837 4174 7412 5117 5356 2946 995 2999 5485 2357 2831 8812 7413 9922 7232 819 7914 5540 6450 5941 1904 7692 9579 265 7806 6964 3982 5496 5177 3453 5429 3466 7852 7840 215 7724 3227 255 9791 8218 5238 6355 9788 3810 9617 2729 9045 6194 6722 1984 1819 9554 224 934 97 1126 2013 1066 3916 8590 1445 3737 9097 5879 4204 1457 1355 1588 369 7176 1928 2928 4568 9259 3743 7906 7128 1449 2943 6594 7378 1859 1614 5215 5917 6668 2696 585 4328 6864 3818 8029 7730 2036 1504 7036 9704 470 2138 1271 8255 2897 5718 1138 9638 3564 8413 1555 1916 5310 2070 4762 771 7435 5555 8476 4060 20 1400 7666 4733 1524 3066 7196 7965 420 2056 7541 4528 7192 8759 2923 557 9886 4371 3332 4430
4125 5762 6045 4908 5445 3924 629 9235 2134 5699 3540 6804 9355 8335 658 8482 6503 4058 4051 437 7319 2194 3796 6023 9275 4201 683 8523 3368 918 6907 3920 1423 1731 635 8044 3383 2944 5026 2036 5138 9825 5103 1762 9492 6158 7495 7286 3741 1930 6165 1102 404 8866 328 3938 7857 5478 2377 2495 9093 300 9496 5364 4992 8785 1396 2087 18 5431 6703 4386 8992 5338 146 37 6663 2319 4001 355 3582 8474 8091 9064 1053 5127 7005 4481 5145 3432 8228 6887 7890 3931 4243 2353 7259 4097 1313 3552 4422 1846 2825 3630 8953 8076 7038 2934 7011 3290 6394 677 9714 2119 3673 5421 8688 5640 241 6197 4757 394 844 1582 5194 8716 82 2734 6683 8356 1493 7850 1864 9259 7377 688 2527 2741 290 1474 6618 6248 9644 6007 2444 4206 4694 7896 2740 5492 9605 8745 9336 7103 5042 8867 5133 5814 5730 2390 4918 3460 2670 9380 8376 7530 5342 9359 7541 8162 9981 4158 4215 7911 4766 3611 7721 2453 7423 1564 8767 4969 8347 8283 973 993 7030 4522 2010 292 1077 363 1994 3468 1082 4374 1367 2840 5656 7072
4483 2268 6641 4206 2214 7353 2972 6995 3986 5856 4920 583 5879 5358 3703 6993 4383 2104 9174 6759 797 3428 6542 8847 6623 7779 8474 5611 8521 1285 6630 1386 1592 729 6919 9065 3378 6460 5110 2896 2067 1508 7396 9447 7607 2588 3163 4106 2050 9886 5525 5578 61 9426 6772 3220 7802 8912 8731 9635 310 5031 3567 3968 9429 1173 8848 1421 9655 6347 2523 1055 2250 207 459 472 2895 7269 9639 9523 2528 5066 1623 9586 5033 3170 7720 5175 5004 3923 3351 6816 4493 283 5387 2950 1355 2742 2615 2807 4723 4663 6566 4083 1612 6766 4411 6553 1660 7245 4396 4527 3541 9129 681 6440 9080 5404 4579 3226 6611 154 5976 1114 5549 814 5057 8413 2709 4162 941 4865 6497 2769 2259 3424 7336 1343 5124 117 8317 1751 4192 4993 1103 2729 192 8440 2353 4779 3554 1545 5055 8810 8964 8416 7117 9790 4567 5608 4113 5664 3004 643 3976 7841 6174 1839 6738 9969 4060 1174 3646 3297 7528 3259 5064 2020 5834 9287 9346 2638 3245 7843 5777 5591 2484 3793 9142 3104 807 1443 5288 7591 5764 3168 8117 1423 9258 92
1507 1348 7892 9818 7773 8422 4683 1353 1896 9191 7145 2989 7381 6178 9809 4556 1545 3812 9131 9048 506 4910 1325 7454 6698 6659 9397 6282 9179 9527 491 2884 3206 9338 2983 8572 4929 2557 3070 6313 8029 7641 4603 7226 1921 9232 4010 9856 230 9661 3913 4093 8391 5833 3239 7791 4849 8430 3095 6354 4894 4501 7459 702 6032 8769 849 1870 4345 8404 8256 7613 154 4733 1435 5633 2911 2850 9955 5596 5252 3487 8598 9775 1298 7810 6081 4046 2710 7724 3138 2822 5506 3103 4766 9895 7499 2769 1016 3745 7420 3440 2917 1659 1197 2841 6738 8726 4381 1258 5743 1090 9070 6146 6154 4566 9567 2558 7875 8189 5902 4553 7144 8191 5505 8305 2890 2015 580 228 51 161 8347 4560 751 1309 623 6703 663 8770 5654 3746 2218 5316 790 8578 3738 3806 315 7799 3261 3424 6093 1664 5208 2214 6110 3293 7079 6083 3649 6462 3470 6969 7904 7436 264 2912 7655 1824 3469 2164 6028 9563 3352 371 6690 8247 4396 3284 3862 9213 2778 4233 615 8291 5669 5772 337 3432 4505 6665 8206 7531 6424 1006 5730 8674 4696 3776
8021 6536 6102 2188 8578 1045 299 8282 9766 5395 7433 3170 3784 1989 3048 7987 3278 2360 4457 3493 4714 7517 6510 1256 3447 3838 1277 4282 3206 6645 9483 6532 6896 4691 7079 3390 142 4422 5437 9103 1906 4513 2384 9700 8489 3701 3454 7452 4402 9407 1604 4418 6231 1599 407 6858 2227 5840 4160 7409 7934 8795 3002 7111 7045 132 6407 6691 352 2765 9124 2741 3881 7752 4894 1808 3952 8669 7999 896 4858 8954 6465 5185 9090 9490 139 14 9816 5477 1163 6897 9496 8955 1263 7061 6963 6402 2680 979 3393 4550 43 9063 9846 9529 7408 3129 6919 5129 192 4504 9174 2823 7618 1472 599 8774 2167 7743 1677 4938 3081 6440 5144 2218 2623 7290 6538 5705 5940 4324 4876 5381 205 6927 3541 5193 7502 4484 3137 5331 123 3190 9821 9488 536 6269 4063 1646 6088 4967 2328 802 3503 2729 6263 5254 397 8843 3481 7096 5019 2013 8291 2976 2265 8304 5399 6639 667 5283 9651 3205 1840 7607 8659 9984 2150 6114 9813 1069 5542 3271 8753 1332 8375 6316 9744 9762 6189 9936 1671 6129 1832 9195 3658 6986 6840 5800
2788 6344 968 7362 9042 5793 5268 4407 193 6091 6157 3063 6795 6511 2843 430 4078 454 9321 5450 8308 1387 9250 4533 5203 2299 8344 4248 6737 8017 4112 3712 3056 3181 3386 7725 2032 6305 3706 4247 1932 6141 6239 6800 515 2216 9809 8652 3152 4139 3356 3673 5794 66 6283 8073 3003 8698 4028 372 5584 1723 2596 4428 1028 5459 1518 8264 114 6762 8058 977 572 5912 6664 7497 7262 8878 8326 7821 2990 6275 9661 8009 5700 8718 58 7871 3072 5 3381 3714 2659 6933 9139 1549 7114 8235 867 2393 9699 466 6939 7948 2798 4359 9721 6106 8183 1182 4911 219 930 4898 7803 6563 2528 7919 3551 9997 1355 5595 4543 3218 1045 7088 3389 2126 7660 9931 4449 1863 4827 6886 3458 3440 7013 3266 1524 7073 1363 4007 9544 6216 6362 7402 1102 777 244 971 1763 4663 9419 6011 2023 3088 6836 3376 9710 3286 7561 4565 8858 2289 322 5502 7993 8876 8723 4069 7244 2444 4579 6079 8539 565 2298 3539 2372 8864 1098 1571 2747 9479 4108 4506 5559 1682 5731 7568 8179 1976 7414 8727 3275 4741 3943 2234 6236 2392
6932 3859 8426 7510 9210 1991 8965 5592 9667 6343 5695 4232 9438 6768 6392 972 6093 5285 5561 810 8229 1583 9897 716 6874 5365 9695 785 8188 4718 3030 7867 3391 1254 151 3946 6167 603 4287 3524 9878 9491 1251 5750 8325 2541 9867 6671 629 9133 2265 4611 9259 7275 819 1439 8460 761 2945 9729 4043 1923 2449 8115 4198 6180 3026 8661 5894 9762 2496 3789 2307 6281 7995 8004 1214 8091 8962 1184 4039 2717 4952 6616 6543 6023 9173 4332 9602 4235 3839 2389 11 1715 3709 8180 6306 8036 4869 8081 940 2438 5295 3576 9563 6973 724 5286 359 2686 6102 8502 2431 1681 451 4438 8575 2951 8538 5292 9175 3935 3347 9988 7670 7471 1941 8883 1855 5940 631 8736 6017 357 3083 2350 2749 8607 6606 8528 7277 422 5191 4206 4592 8027 1652 1204 69 209 2440 4898 7328 5309 797 5806 7216 7527 832 3862 2827 3131 2829 2734 6581 8487 405 3562 2335 723 481 8490 4813 9190 5961 1466 8104 1378 5558 6409 2601 7964 9154 3100 3979 4620 2469 4145 1690 3668 1308 9446 5180 1386 3970 1403 5599 3274 9468 813
6362 4167 4570 9634 5130 8551 4955 8264 6886 223 6908 5863 8152 9104 258 4964 1474 3756 1094 9137 8718 6830 1332 1922 4891 954 6906 6260 4400 3351 6434 9889 9551 6595 2948 1370 4386 6130 184 9646 2748 1042 9452 1229 7357 1796 9888 4746 4719 5075 4458 1845 5165 6607 566 3868 8883 9102 655 1212 5728 9932 6019 7207 1550 8684 3572 7597 4191 9813 4623 4117 4488 5897 1403 2839 7996 42 7812 6545 2866 7640 659 418 3225 1424 3674 7364 5410 3006 9871 3117 2848 1206 6919 8683 8774 5721 6318 2894 2082 3152 904 6824 2523 673 7646 9475 1667 470 2910 8913 3147 6900 7451 3151 6106 4948 4650 3761 5105 8510 8090 1397 4030 6747 2797 6326 1306 7083 6150 6221 7138 236 9331 230 515 8988 3270 7502 8038 1712 6548 7274 3261 4285 1161 841 4319 4419 4583 2050 9504 914 4839 1269 9424 6787 4864 1310 6289 3647 7720 4793 393 3184 4559 6814 4508 1927 8902 327 6278 827 7098 8176 4340 5254 3951 7418 4698 4240 5090 6484 9971 3281 315 8660 8336 2601 5204 3869 3681 971 8535 8131 8269 890 9603 6280
3050 6694 3864 5227 9864 5060 7989 1985 2946 7324 8900 6281 785 978 7699 9515 9291 3720 3790 9909 1131 2346 6340 4084 1585 2290 7449 9105 613 5099 5251 5100 49 6976 7929 3888 463 4853 4047 3926 2927 6092 3277 6666 9422 2734 9378 1461 6890 4986 2664 3259 232 5675 992 4920 5758 9534 516 9343 3405 1272 9382 667 4387 6485 319 3416 4092 10004 7291 440 4415 927 2812 3902 7691 1096 4290 722 8480 9595 3418 3695 3749 3037 4271 9497 2857 9980 2048 5451 5428 4990 1870 756 1731 3330 1149 8780 80 5826 6043 8000 4805 3568 3941 4953 4211 1393 374 7509 7202 3096 7570 97 7455 7914 1862 2344 6737 332 5839 8466 2367 7175 3452 6953 7491 768 9356 5828 5646 1745 551 7399 9023 6883 1372 9546 8141 1834 7902 4244 9853 2240 7367 5368 6893 9394 8292 6885 975 3291 3887 5665 2977 6174 7014 386 5127 9700 7593 535 568 9028 887 745 8918 2708 4532 2720 2150 5218 6647 8190 7118 9763 91 8646 6665 4617 858 1498 4549 4349 4021 9087 4186 1352 3509 642 4346 9620 3459 560 609 5893 7754 3601
7717 5366 6714 9325 6402 1208 1496 4370 4280 2131 3410 4707 2431 3902 7115 4779 8153 8883 4076 2597 972 8314 1942 5902 388 4154 7128 7202 2520 1246 3960 5609 3510 4871 9905 1349 8532 8704 4583 7031 1439 674 7425 3286 9307 9975 7468 9761 9919 8577 4775 8947 1379 2577 4942 815 4454 7620 9610 4868 5497 5728 4906 7961 6967 4136 694 3455 778 6795 8257 8253 9047 1543 44 2389 2232 8379 4050 7758 2231 3574 2174 9885 5319 1033 1209 6301 6246 2153 9050 5951 5672 6015 2975 5995 6945 8503 9457 214 8672 928 7041 9461 9427 6169 2427 4696 9618 3280 491 8726 216 8275 4680 2787 3285 4502 8099 9595 2842 7378 7612 1191 9874 2499 411 4592 241 8316 1545 9654 6141 7985 2203 9132 9688 9399 1720 9941 4210 6019 2181 3492 8444 6158 9614 4074 2994 7227 2561 8118 820 8465 6993 8982 9442 8195 546 2812 3326 1367 4959 2444 6325 1482 7149 8037 1888 6614 9161 8935 3761 79 445 7850 3983 6047 6630 5985 8930 9757 706 1073 3276 1285 1222 8724 613 4523 8934 8963 8210 2572 931 1442 5082 3046 6912 43
3023 9026 3260 7013 7564 3264 6219 5061 4763 3874 5218 8623 8203 1510 4143 6860 2910 6439 1419 7196 6263 6334 7251 349 9444 343 628 9101 3383 7615 8151 1825 6661 7387 3374 4398 1274 954 4432 4532 4696 2163 9617 1027 4952 1382 9537 6900 4977 1423 6402 3760 7833 4906 506 3297 4672 6927 4621 2040 9015 440 6391 940 7211 8289 4453 5367 4064 7531 4811 4353 5203 6597 77 3394 428 8773 8449 2714 5317 3982 3794 1084 8648 8244 8382 1003 9716 6393 543 956 4035 8284 442 5994 4692 2957 2113 9535 7297 1225 5677 2571 8685 5903 7745 2360 5537 340 6227 3473 9764 6872 528 8937 5916 161 6734 7907 224 9239 6011 6321 4828 5982 7074 459 7623 6563 6826 9659 2697 3688 2111 9932 3545 5479 1846 7496 6755 8742 9599 4600 1205 9647 5079 1190 7621 6960 3074 3906 8873 8613 181 2764 5399 7719 7521 6796 5607 6459 7456 4688 3751 4616 8036 9642 1068 1817 8249 2386 376 9088 960 3241 5781 1941 3649 4849 6817 6442 5827 2817 9889 7077 4867 3244 182 7569 7275 5592 4433 9337 6572 36 6529 3568 5917 4966
4084 4485 9946 1690 9365 1938 165 6864 3040 1572 2767 724 976 989 3412 7786 149 33 3045 5583 2140 96 5550 3687 8237 5692 5521 4440 3868 7333 5010 800 5904 3467 1872 3259 3132 3324 5240 5180 7083 4600 2129 7283 4928 7070 2177 7762 4913 5044 4058 9646 1198 6957 9597 5921 5096 3743 7128 671 6493 1631 6066 1331 5574 8930 3226 4679 1458 5382 7014 3286 2776 3941 7853 1860 5641 634 8834 2268 4709 5510 1620 3246 709 8957 2870 5296 4071 2062 5572 9327 9481 8933 7634 300 5084 6125 4630 6181 3521 1160 4493 8358 6691 2356 7255 479 4577 1691 4163 3814 8045 3776 5581 2537 6351 9804 9863 3155 3762 8360 6294 6108 3001 4310 9659 3621 1324 1960 5805 8108 6281 3685 8634 1940 9775 609 8793 5403 7849 2654 8144 9142 1172 2111 849 1181 5328 7726 2052 7557 574 730 9792 2238 657 9272 5388 5823 4535 21 5427 3085 7650 7131 5079 2114 5257 6809 8954 8469 9675 445 1319 7956 6432 8736 1707 987 3809 4034 4403 6209 7970 3653 4979 1950 7790 9362 7537 4544 3238 2297 3956 9879 9986 3757 4349 6921
1190 6119 3395 3731 7084 6979 2804 5964 9145 3154 6538 5283 9229 6494 4010 6741 12 9791 5014 7587 2200 5774 6832 6966 381 1590 6775 3270 3526 2745 2665 8538 8563 8604 5469 2329 5185 8668 2772 2309 9155 1169 5284 4027 8370 1883 3653 2553 749 8598 6660 1080 7940 7182 7540 6526 7665 6731 1997 1038 6270 8446 6811 6131 1013 6229 1574 9951 3275 7537 2118 2037 3105 1254 3422 3375 7701 9592 9491 4522 5179 9859 1523 5064 7669 5937 9501 2537 3925 8603 664 453 7312 1749 231 1344 5571 2096 6404 1861 8020 1309 7515 6485 793 9871 9148 7562 2159 8909 9972 4110 6905 7486 7238 6431 1505 8637 3922 4195 5043 6834 6569 4133 7343 599 8352 5456 9913 811 6298 2888 9304 6617 4612 7328 8580 226 7340 6198 2724 1830 9170 3195 3403 2143 2078 9977 8121 6278 6858 1805 9129 6330 6543 9294 8602 5866 8584 9439 4837 7697 379 1987 3023 7524 9702 7670 735 1370 410 837 1137 1629 4037 6385 629 2397 1694 6145 8241 2472 1817 6747 8828 1033 2259 9073 7439 1557 8322 1404 3668 4579 8875 6714 368 9174 2401 900
4283 3605 8097 7058 8156 350 8763 4948 6697 4762 3590 6071 8939 33 6642 669 480 2972 8660 376 3602 3689 1430 4530 9614 1140 2053 5952 7543 6950 9580 7889 8318 8221 2458 612 6791 6117 9815 6273 8870 8726 7289 7334 3405 7769 2117 3255 7523 913 2081 394 29 7436 3172 8988 5317 8503 6523 9280 7397 5910 5873 8214 8851 7494 1666 7719 2035 9525 3796 5208 5122 2179 955 3751 9137 758 7831 9824 9490 5740 9597 9518 182 2083 10004 3781 3182 7003 4063 7247 5664 4669 7040 1722 6610 7021 490 987 7406 9127 2743 9085 1073 342 344 9954 3699 9452 3276 8358 281 7449 5595 3355 7687 8387 9535 1811 3954 3866 1320 6351 3394 4949 1495 6638 1463 2983 1473 998 219 9749 9367 5138 9010 950 9747 9764 1386 3257 7126 4665 7834 4225 5111 9366 333 7134 3077 2828 7223 421 9680 8053 5785 5668 3875 4537 3221 4265 7178 4350 5316 3698 4647 1400 478 3369 4908 4630 9778 8614 9507 7369 1461 3380 7728 5252 6395 4667 7437 7977 857 3190 5415 9064 238 974 4983 4753 373 9201 8068 7811 3787 1991 8252 1308
3505 8906 2553 7745 7854 1228 5572 3890 7536 4309 9424 9807 8834 6838 2764 886 3410 2746 4459 9670 1004 1 3960 3648 5538 632 3794 6578 4339 3469 6045 5066 4261 8945 9822 853 4957 880 4601 1497 7214 8184 5772 4218 2470 9210 2251 7650 1694 3134 7497 7047 6309 2697 9182 7809 5157 1208 9542 6398 41 6027 8639 514 7203 5364 5150 7601 6417 1273 1643 8254 1884 5447 3685 3197 10002 5151 2399 8293 9153 8562 788 2849 9031 2758 2077 2161 5501 2973 4431 5221 8518 9522 361 2549 8539 350 9736 7917 3733 3676 9987 3125 4280 170 5438 468 6327 9131 2922 9551 9615 6918 6898 861 3369 5881 7599 6814 7528 5897 4423 6809 3517 6524 5051 2235 819 1699 7145 6870 6419 876 5395 4000 5715 522 5615 358 8148 2911 6731 8993 294 838 2931 2761 6485 7789 9127 3716 2047 8116 9263 6741 7008 9047 9589 2072 8157 6128 3601 9864 2523 3693 1609 4996 8149 7716 8607 6866 7213 3379 3896 6345 5558 6669 1286 4066 2621 4254 5331 6697 5735 6559 3107 7853 6430 3696 6017 617 1768 8459 6223 9761 7958 598 536 2836
6674 1681 7102 6786 9470 7067 8730 3852 1456 6733 4980 7709 1377 7404 6881 5623 5161 6805 695 2683 8345 5222 9707 5054 3027 103 111 8530 3524 6522 1832 2146 9866 8517 1101 2148 9469 2262 6854 5979 4544 4192 4015 4125 2304 8524 4715 5273 4587 660 4627 2727 9618 7710 6182 9280 4754 2535 7702 7770 4279 1756 7225 7388 50 5628 9172 6178 67 7257 1036 40 7613 419 7434 926 1861 1393 4228 6876 1612 5788 7433 6128 9992 3520 7316 4335 647 2204 8360 7248 7826 3170 6742 8197 4579 2248 9633 9736 4301 7396 8469 622 2163 1488 381 4970 9694 2631 8660 7740 227 5518 986 9965 3876 6699 1722 3967 3646 2319 543 2834 3389 8302 8754 9095 6452 5720 917 8651 4523 3357 4647 8764 7110 5198 4464 58 4040 4166 9176 5384 7571 8756 8698 197 1466 4748 3726 6453 518 2793 6524 1435 5898 5612 2341 6183 4078 6630 408 4614 304 5244 5340 6298 6268 2216 5978 9746 2316 6142 7213 9770 7559 1131 6200 5707 8501 4277 2153 3473 1635 6226 546 7242 9017 1921 9497 6711 9347 6465 8143 5291 1014 4407 6369 7185
8339 1308 985 55 4534 1072 7803 7634 6156 9336 8547 48 920 7954 2678 9236 8383 2581 3473 6537 8760 2799 228 5218 5396 84 3781 5441 6162 8145 9796 7300 2406 3186 8468 719 2821 5868 6462 8637 2197 9648 6657 4954 7765 5170 4917 99 5807 3560 4278 1853 7883 1761 6131 9295 1675 3188 8071 4471 8574 9699 1537 560 9365 7794 4417 9286 8465 6318 7200 2242 5719 1014 9309 8903 9438 8314 1267 4120 3195 1678 7596 3692 8097 9317 7315 4432 1305 6584 4434 908 329 180 4739 5411 2110 1900 3557 9877 6232 4257 1018 8515 6400 930 5969 1424 7980 7524 7977 3116 2349 9497 1606 1874 8718 1129 1492 4489 5001 3439 3279 5018 5068 5150 8887 2607 8319 5278 3493 2567 6252 287 8517 6003 4682 1715 5255 3055 9454 5138 1262 109 3822 2306 3022 994 3272 1404 1943 25 482 4834 1564 204 9982 400 1097 7844 4499 3016 2185 2023 4159 457 4793 4699 3344 7126 6924 6993 8307 7660 995 8077 3280 9823 6944 3023 5799 5148 9284 8862 2566 1447 8418 637 9091 2141 750 1671 3982 567 2972 912 9542 7684 6238 3066
2213 8937 5154 551 8613 9426 3154 7278 9238 444 4835 8834 582 7463 7540 7266 1613 7953 338 5862 111 5890 4560 8383 5046 1975 6145 8981 6427 3039 5088 3645 4881 9710 6822 9691 5590 4068 5975 2698 7731 4377 9684 1976 943 850 4300 9958 7629 4610 8465 8783 5702 1850 5940 4642 2113 8773 7687 3104 7196 5501 6724 9130 1868 2367 8389 3855 3224 3390 460 1659 8829 6578 8090 8168 2692 8922 3128 2432 490 5711 5067 2810 5513 4342 1621 6365 5339 8860 5428 6204 2273 7034 7637 3022 3459 1774 1012 2164 3653 3293 4704 9820 5001 5904 1781 4626 5289 8778 1691 2477 6568 68 9422 3948 9781 7739 2789 4678 4974 6260 1164 2013 8609 213 5657 5779 1576 287 975 4505 4290 1936 8883 5866 9324 3387 6059 6038 5203 5835 467 5273 1947 1696 6488 5941 9447 3989 6646 4599 5645 8161 9085 5797 8010 4034 2717 8963 10000 9299 3346 9194 9178 2347 2352 6363 5736 5108 9682 2373 7198 5104 469 4876 5699 7449 312 1016 1370 1150 4792 2359 9977 8861 226 8080 146 3946 171 3987 7043 847 9899 4330 4003 3867 842 5888
5171 8076 6836 2801 8192 3824 263 1628 5868 4816 3491 1318 7361 3662 2399 7933 197 4722 2136 5100 7159 3731 3713 7286 3539 1797 7346 1636 4280 9817 6489 6635 7675 1375 1050 517 1244 2036 4936 9692 6284 2296 3361 7109 3649 9983 3559 7834 4838 9131 2562 595 5775 8266 9149 8996 4342 7517 2717 4852 6352 8812 838 2571 3812 2645 9137 1371 1844 3020 9752 4381 4779 5832 1955 6004 7841 8452 2249 7687 9000 3548 5014 4216 2507 6509 2665 5167 8870 9339 1302 530 3667 6410 7306 9576 9296 4834 9925 5065 9103 8120 8109 5289 4667 8050 1990 4060 3452 4056 4246 6559 2747 8904 2590 5044 8268 8752 2741 88 1341 7799 6782 3513 6958 8605 6903 4512 3793 1413 3514 1756 474 4776 1424 6334 2378 7098 829 9361 6942 1774 6908 8523 3166 785 8088 4454 5299 2682 6796 734 3201 8848 3699 58 7296 1554 543 6090 777 9676 9460 2301 7372 6482 3021 4550 6257 2652 2744 4496 6969 1418 7525 1129 9853 9350 4122 1152 284 2463 5236 177 8692 4644 7612 8877 2946 4427 5655 2065 4183 4054 4643 2807 7001 5073 7515 3114
6242 8972 7445 5341 2691 8352 424 3033 507 1568 6110 5153 9988 5909 20 3171 3135 274 2787 9310 394 8988 4269 5336 8687 8979 1052 8466 7816 6750 8204 9788 5581 5086 8277 301 2431 9927 3007 5668 2827 1370 5385 3964 833 6906 7259 2234 4000 3694 4393 736 1143 5413 8413 3326 7392 851 3333 999 3976 8458 9404 1749 5206 4471 5267 7373 9626 7717 1384 2606 207 1076 3702 2805 5737 4141 723 8727 1039 6043 3442 4380 8320 6776 3043 8529 314 4854 4294 5377 5552 5839 3908 1942 1920 6287 5043 1802 9696 3829 2613 3821 4201 8827 1203 3510 889 5797 2238 3206 1191 5892 8398 1300 9273 2735 9625 2912 9515 4733 3295 8542 2737 9228 6664 5261 8564 8377 465 9905 7374 4424 9593 9264 9525 2748 2041 7286 1878 4617 6307 1073 9301 7184 2111 3398 3107 5832 294 8824 6802 7889 7270 5054 4622 311 446 8673 1751 4809 8223 1013 1197 4701 9647 8552 752 7974 5408 4402 3953 8020 6284 635 6181 6070 3086 4997 926 3456 1601 4563 7019 9846 4075 3817 4995 1323 9711 5855 732 1937 7916 6914 5671 7235 6998 9011
246 7226 2662 7986 1907 2745 6521 7510 6330 392 8266 6369 7661 1374 3472 7313 403 1079 6991 4278 7434 1402 7921 9806 889 4678 8090 1277 7716 5467 6582 405 682 736 24 1258 6484 9851 6967 9042 2438 2415 1977 8864 7750 8725 317 8143 5767 7074 2813 3030 4987 1792 555 928 1940 1198 8387 7368 4496 4189 83 4557 7091 4442 4901 8856 9338 3724 7326 2826 5453 9361 4162 439 3940 4478 7762 6343 2815 2633 8739 7545 4386 6010 3870 8366 6533 5128 8828 4889 1231 6840 9234 4354 2355 3880 6381 5279 3872 7969 278 874 2652 9971 3161 4001 7380 2114 6687 4580 7529 7562 6015 7881 7739 5905 9702 1519 9714 9144 2205 3634 5177 4105 6750 7085 5633 3652 1604 7852 8492 1536 1336 1008 6074 1173 8346 496 7636 1333 6607 446 7554 7603 2880 4741 588 9388 3806 1056 6553 1158 6320 2377 9520 7625 8520 5985 3829 1494 9673 2272 5345 778 1694 10001 7213 239 3612 9544 2861 3509 4972 9773 2436 2812 8232 3111 3919 3643 8394 975 7621 9314 8488 2330 3839 9516 8419 1016 4486 6174 1337 5813 7950 9053 5258 3037
2906 2453 7314 8081 933 8824 8556 1712 9301 8938 5941 5429 6991 7151 5412 5362 5280 1543 7823 2111 5152 6937 7863 4178 136 1913 4427 5748 8715 5175 7375 976 5292 9168 314 6608 8124 7408 9436 7158 9026 8487 398 9948 5596 8866 219 448 23 9333 2586 5931 7414 8245 8407 6271 9973 5637 5731 7086 3304 3506 3437 2123 2770 9435 2353 7150 607 3486 7407 4631 5282 1146 1568 7864 8983 2012 9793 1339 8289 9680 8759 6448 9863 7458 9518 888 2746 4192 7364 8163 4670 2544 4261 8678 7516 8012 9626 9471 5214 4637 4091 2395 8820 9350 4215 7802 1276 5784 1569 2662 852 9892 6705 3880 9254 3257 7832 5328 2022 7808 85 7033 8821 4148 6091 5675 8195 8325 2534 6246 9932 8772 8871 4230 9828 9402 3900 5284 749 5320 3610 2807 7094 1716 8507 6435 7440 3084 7148 1004 9741 1654 800 200 9223 4407 9718 1216 7687 9093 191 6006 7537 8847 8994 4832 408 7963 4342 7610 9367 5844 9673 5145 3323 4738 9060 1738 4140 7679 674 5197 3008 2220 8533 1274 6181 7824 6916 7028 4810 4775 6719 1101 5497 3500 4628 874
8355 4003 7273 8633 8862 8437 7740 993 4338 5821 6652 6814 4678 8380 4044 4138 5493 1711 1913 1844 530 1177 7842 760 5557 9021 1893 5814 3038 3689 9560 9982 6271 7390 419 8200 9753 6696 8087 7166 4855 8270 5865 7925 9302 1153 2599 5771 6570 3077 951 2668 7085 5923 6419 8033 7878 3621 3044 2498 802 7227 7757 2622 6209 9690 4191 9983 1069 9266 8299 5112 2287 7661 1664 6239 3735 429 6215 8499 5440 7228 2555 4498 4082 6602 6732 941 4653 8339 7179 7278 2637 8235 7809 2307 3691 9163 3727 2017 1214 5501 123 6914 4842 5847 1491 5555 9418 8148 61 9214 8614 7630 2814 8125 9630 6094 7500 8605 4413 5944 7254 7401 3239 8822 6370 2749 6017 7774 4251 8080 3552 1730 3145 7467 145 2547 6086 9088 3604 1415 627 6940 9688 4588 6231 5323 5435 3217 3182 5126 9515 3904 1907 3035 9288 3932 6356 5528 9774 7531 7455 2527 49 1589 6116 3133 9849 7654 8057 3114 8617 2031 8442 1744 366 3710 388 9350 1632 2584 3745 8451 4961 7243 4581 2617 2198 310 4819 5409 8378 4441 386 9747 7887 6838 9921 3369
3254 3529 3980 9523 5004 6399 4684 9877 4784 34 2251 7488 3668 1406 98 9561 7468 7638 3914 2610 1272 6683 8352 2283 1136 3658 3391 1352 810 8327 2242 4271 6798 535 7876 6706 8790 5403 2250 2683 1792 3533 3186 7020 6503 4054 4841 3730 9113 6333 7778 6145 5068 3702 4664 3840 7292 2546 3969 6703 4382 9782 8631 1940 4176 638 2441 9801 9863 7563 3791 2008 685 8122 7910 9964 2525 3134 7335 9021 4581 5305 1689 8968 91 5947 4343 2513 5516 4837 4524 1609 4834 116 5988 1208 9380 8372 8320 8635 1146 1673 2137 96 9958 3716 1885 83 7535 9349 9522 199 4523 6811 2958 2243 9076 8674 8415 4788 9247 9755 8987 1323 1563 3958 3883 3760 3158 2571 4010 3568 1242 2631 2107 6051 3713 7484 4462 3909 8606 1899 7311 3778 9592 6318 5752 8026 6952 9994 6577 9379 3567 6444 755 4234 9139 1172 6519 878 4836 9726 9740 6961 3204 3447 243 5796 9299 9440 6469 796 1099 5999 4028 10002 4989 4373 6565 1754 1069 1947 7790 3763 7566 8199 7636 4311 8865 5526 2852 3270 353 3975 5512 5631 7027 110 7179 9966
8481 6463 6756 3634 2917 140 5993 9988 2530 1907 485 2556 6753 9233 7296 6521 5250 2365 9642 1162 3266 5916 255 8183 5574 8100 7039 2497 3454 8626 2698 8587 5436 5472 8333 5820 9304 8213 9626 4338 3271 9927 9635 7555 141 791 1857 403 8826 3026 3521 330 8306 6176 8687 5600 2939 5780 7237 3222 4643 7774 1701 1348 6373 4607 4913 4214 7871 7464 3194 194 5281 1215 7756 5274 7608 4631 149 9210 6858 3401 4136 3340 1234 8988 890 7223 6001 8400 7531 4905 5802 2870 4466 7884 9887 7568 2564 5165 4227 287 1831 5564 78 8293 3753 4313 3230 3055 2768 4699 6665 6687 2320 3564 6805 8918 4778 5994 4786 4406 9787 7404 5097 7718 2810 6369 5401 7416 2715 209 7307 9341 5872 8989 5695 9099 3874 5312 65 5870 9386 1943 3346 43 230 8142 8709 1233 4183 9021 9350 9089 5859 6566 1321 6729 3990 2300 7534 9313 1423 6496 5209 5500 2775 8313 9790 1805 718 1337 3553 3985 8296 8161 9941 6856 3798 384 7594 7410 3906 8967 55 7855 633 3199 4205 4654 587 2323 7972 2426 2537 5521 3610 7681 5151 7006
194 969 2240 5125 7855 6328 4224 1574 7235 9314 1916 9397 451 4993 4036 8871 4792 8910 2054 2018 9164 1670 8193 9284 7871 3152 4219 7570 7862 9942 7349 6699 5633 7087 8671 4464 3969 7160 9191 1314 8810 1890 4551 1710 253 4268 2847 9723 5789 6142 1117 2883 2577 3276 9626 26 4296 7296 2209 6275 9741 2216 9889 2859 7341 8287 632 4089 3354 4150 6256 8509 6600 267 1489 9097 9966 2585 1688 4620 3024 9613 7610 9929 4926 2325 3263 7203 5659 1926 7412 9204 3737 3177 4260 4435 4722 2791 825 803 5170 3926 685 8579 2712 1496 2704 3084 7710 86 2393 9779 4680 1121 2089 74 4775 7281 183 8156 1618 8508 1795 8398 3616 2178 7425 1620 8111 5547 4144 7447 7260 9355 8788 6257 3307 8476 8147 8408 1631 924 6169 761 3500 5190 9963 8184 6067 994 2281 1990 4715 9184 7707 5685 6772 6153 3937 3505 9201 9336 7556 634 3692 7106 9903 80 3584 8530 7435 9642 6857 4291 3285 2836 6903 5167 9525 5064 4953 1969 3880 9816 2339 484 3446 5902 8729 2958 2700 3878 206 8594 4738 9622 820 6799 5797 4554
7028 15 6126 8943 5157 6153 8587 5774 8766 5267 4332 4800 1965 9324 4581 405 8767 65 6208 2673 8884 1858 5546 3989 7840 8952 8374 3023 9458 8003 1614 3945 6567 6464 1892 8804 7731 5571 4030 4705 5812 1223 6506 3562 7540 8460 5966 675 5207 6235 2317 9501 4471 2226 2547 3874 5650 3359 2804 7898 7446 7105 9748 473 5276 7549 1670 2836 1546 7436 9090 995 1729 6135 2153 2027 7024 809 8629 7444 7502 5996 4727 1445 2467 9747 5675 3400 9676 4758 295 581 3852 10 2115 9570 5785 1579 5889 949 853 9902 9932 3977 215 6454 3877 51 8987 6430 8641 5062 10000 486 7699 1916 4040 2720 4558 9974 5647 8958 7183 4272 6703 9489 6853 9735 8057 902 5179 1786 9831 9015 872 1127 5548 3592 1585 4698 2198 8105 1381 5164 9767 1705 892 7164 3040 1080 9874 5483 1484 9736 2855 2778 3052 8705 2365 9980 4456 200 4428 5758 1935 5272 8343 4173 1337 3891 7279 5230 6673 5437 608 3496 627 4728 6250 4343 7620 2587 5941 634 8342 9375 9468 6018 360 2689 5708 1853 1535 4616 8468 4378 5676 8205 1545 2631
2601 1740 7533 3424 3490 396 4128 3844 176 7770 1411 7794 6654 2783 5641 8727 6583 1866 2536 9639 5677 1581 4070 5350 1445 1045 389 514 719 5058 9372 3638 1039 1580 9272 3474 3572 4133 7855 9556 7142 5985 485 1472 689 1006 3127 7406 3616 5406 336 6031 1361 7712 2917 9063 9936 1761 8368 2792 8858 5597 7454 4095 5391 8317 7912 3245 3997 4830 4595 6211 5659 5154 323 3608 6994 5342 3033 6051 7398 5204 405 7345 714 1047 9999 4266 6472 8889 4447 5568 8207 9733 7032 7806 4272 5281 131 1692 7054 3439 5516 8522 2244 7559 8270 2231 5136 3896 9868 5252 884 7330 8695 2928 1876 551 8385 4421 722 9466 4993 7264 1782 9203 2160 4219 791 773 4346 599 8864 4406 8703 1340 6877 3549 3695 4735 8442 8117 7584 8311 9103 1996 6752 3344 9363 421 4169 709 7043 619 4894 1898 6191 9629 7662 2835 5326 6209 6056 1402 4577 9784 1912 3412 5872 7905 9638 872 9712 6197 8438 8911 80 6812 1441 1839 2892 9022 3064 4901 5512 9316 4747 6060 608 2074 1276 9574 3569 9732 2227 5930 6399 8369 7597 727
2896 7023 3384 218 8235 2970 2341 2110 2932 9884 871 3702 7144 4383 7060 1043 9588 9592 8798 6295 7794 5449 5606 9466 3788 80 5607 4264 5664 7960 2519 6805 6629 1537 1592 5685 8795 1887 2166 1823 4863 1843 893 9342 8388 7624 9173 6910 797 8384 8418 1669 5411 3142 8227 4558 7347 9119 7622 9570 3158 5051 4553 3336 9746 8250 4996 460 226 6647 7971 5339 7427 3246 7597 9529 6293 8191 1697 9860 5635 8713 8157 8446 6118 7904 3628 1819 5657 4346 9401 1680 8231 3764 4844 611 5277 9727 7018 9380 845 8863 8403 9650 7292 5026 4512 6471 2879 5394 1513 6356 689 9808 5950 1224 8684 8910 4077 7759 7393 9995 3855 1791 1208 1853 8915 8088 7132 6765 4562 6553 6616 9121 7225 3315 8911 8882 9635 5266 6907 6396 2756 4792 926 7795 247 7482 7339 700 2621 6572 7848 4737 6840 4685 7155 7203 7682 7667 5641 7522 9406 5691 7604 3136 9418 3309 95 7633 2383 3780 1668 606 1266 347 7646 4806 8154 4038 490 4278 2885 4203 2762 3601 2175 5040 1733 2714 3122 2190 7066 9859 830 6837 277 1527 3577 6939
1450 7383 5505 8029 7365 9078 4282 5623 4620 8579 8267 150 5251 8413 1190 8958 8088 657 9685 8880 3557 4434 5472 9576 5499 9220 6116 1826 2796 384 8837 7089 3822 6870 2262 6313 7753 2109 1659 921 7316 3794 2421 9776 5827 4154 1010 4660 639 3251 5133 1815 9983 9769 2213 1029 5892 6262 2866 6503 59 8304 7816 4614 9770 7018 2905 3765 3174 5407 7468 3643 7377 6696 6780 113 7592 9050 9840 3130 4134 4980 7168 3151 4969 4348 2529 8352 8295 4599 7744 8899 4789 50 5087 939 3743 7541 4163 4227 1530 1510 5480 7988 493 2211 1426 2140 509 9042 1421 8136 1136 9670 6854 5438 6318 1757 1482 1031 5495 7 8619 327 5141 227 4977 2760 7530 1343 3605 4913 5457 7550 7380 1097 2401 3739 8335 6666 2728 3875 1353 1620 3659 4201 6691 2769 740 8220 4476 7142 8312 6228 9615 2761 2328 3219 1478 1825 7998 8515 957 170 1281 5905 8685 7240 8873 9950 1309 347 1171 7726 2465 1042 8315 629 5236 6387 3071 835 4373 2570 5217 5155 7455 1220 3003 4326 6896 7108 5054 2486 1877 7683 5997 430 9713 3322
3687 5788 4030 2748 7050 3698 8608 4652 9372 3103 1628 9216 4048 9182 790 5440 3059 355 6728 7573 4956 9070 3008 5475 1115 5973 2332 9570 3828 2817 8364 3051 1943 1727 4575 9646 8756 5295 6824 8531 4926 5018 6770 9243 3692 9799 3403 2120 1617 6396 3426 2558 4737 7510 2451 959 6918 9886 1144 5220 6701 7929 4339 6457 6328 6917 5081 9275 7347 9789 5388 3374 2873 7255 8037 2915 8925 6773 3644 9320 3418 4146 9743 4512 7141 645 9205 1228 8560 4173 9387 5129 9754 7332 7763 7269 5258 9165 9168 3569 9197 2816 3559 1175 4070 4815 2034 8681 5172 6222 7944 6365 4576 4444 625 3168 3736 1065 5891 8602 5843 8123 5858 142 3977 8265 7692 6352 2153 70 8262 3284 724 8534 9334 639 389 9986 1308 2687 4148 9346 8264 2887 4476 4280 3158 5721 2319 7147 9461 447 8480 39 9412 5170 6619 4192 612 745 9369 8702 6007 5590 3305 1559 7902 4695 5840 3715 230 6523 3234 642 4797 5607 4934 3430 1764 2234 9009 106 1116 771 4208 7443 740 5358 9329 6635 1016 607 6741 9996 9330 1433 2892 8487 3653 2530
2254 207 1253 3769 4693 1405 3618 9649 8332 4571 5608 4907 8961 4802 4786 7962 7967 1971 1344 716 5290 7988 2806 712 6084 484 1307 3057 5927 6631 6985 6765 400 7974 5585 4469 5841 3688 5761 9561 5786 9602 2651 6462 5507 9945 9618 9482 6457 1496 565 239 4908 3759 6678 2659 4874 501 2936 4928 9796 4170 147 3156 1286 2222 6559 1263 1784 3439 149 2759 5038 7975 383 6345 3714 600 8302 519 9370 8675 1531 8628 5857 512 5756 5550 6413 223 8084 3764 682 2032 4246 5075 5634 9753 7702 9542 4554 3979 3036 5092 7263 1617 1564 7081 7723 370 3922 9347 8237 8418 7514 6832 2111 3575 3174 7720 5969 8301 5721 7494 795 4619 6087 4892 6935 6683 6670 4247 9880 7510 7626 4614 2076 5519 7563 2109 3972 9429 1967 2138 3219 3791 326 2649 6859 1755 4192 5787 4400 4527 4335 2419 2479 576 3059 5530 376 2731 589 5482 9904 2746 2615 3601 8020 6461 702 8069 1738 2563 3916 531 6988 1166 6028 1593 6328 2085 8736 4433 2980 6201 2277 645 4373 4883 3718 9813 5799 2018 7025 8832 5391 2950 2149 6039
8464 4225 75 3276 3322 4198 431 2659 709 7518 1873 6625 4011 2526 2092 8185 4568 7042 6296 4272 5756 1385 3423 9167 9781 7986 9045 3977 9275 8357 447 9490 704 3507 2500 7253 9444 9835 7274 272 9203 2635 5473 2522 2886 681 3069 9387 6139 412 1427 5093 7903 503 8381 5690 4479 9698 9451 3442 392 5397 7601 408 2221 7596 6404 2848 8224 1830 150 3399 3924 4785 8999 3101 3035 6129 2397 2681 6349 8762 5114 8738 9878 3742 884 7805 9949 4659 3989 6893 848 4944 2455 1175 5080 5480 6136 6011 5806 1467 7160 2887 5486 4945 7260 3051 2953 2392 8677 6976 9390 540 6040 5053 5836 5519 3398 9126 2909 1119 6189 494 5164 8820 3608 7469 6596 4764 8164 3733 7674 928 9078 2430 1134 8215 8620 3280 2528 1695 1930 314 866 1371 6202 2917 9538 1183 3492 474 9134 1321 6120 9187 5811 5478 6533 2259 53 7643 2078 957 8325 6799 9500 8726 2253 1244 6394 4833 9478 3086 1009 8010 4281 8973 8262 4294 1389 2629 6664 1273 5641 9202 7837 3597 4649 5974 8147 2104 5803 7066 1532 9268 4743 7329 4365 2306
3466 6715 7240 8101 2308 6417 6351 9445 5713 5997 9665 2071 8430 2047 3187 7058 4200 1114 3258 7975 7305 202 4164 8260 5771 4491 8396 8796 9452 9327 9122 4783 469 6203 8802 8261 569 6367 6269 5708 1986 285 2699 3856 9356 8369 9152 8835 6714 2435 6225 4435 9505 3810 8480 2129 6924 778 9912 8080 1473 7049 983 4244 2387 5746 4450 1524 1929 6596 5844 5011 5246 3630 4182 4687 9518 6233 2847 4499 6808 3790 2443 4637 9436 2496 9127 8794 9849 5575 3369 952 5394 4273 1634 108 2809 2035 5569 4560 9710 8149 2787 6402 4325 1319 7597 2282 1571 7610 4705 5945 9980 4589 8957 2511 1146 6913 7965 9290 1456 5420 9119 375 4848 2577 8059 638 7681 5622 9050 9068 5495 9242 977 5435 1138 8501 2964 6292 6146 5106 1399 1724 2257 1530 738 7845 3089 6497 478 9420 5672 9132 2798 9222 4947 7943 3650 212 2179 7006 4515 3632 3785 8439 5264 57 7929 6429 3969 1936 203 8969 129 3644 1403 930 9761 3029 8400 8002 6949 819 6777 4940 4329 525 5094 3781 9233 7767 8565 267 6272 109 7614 3911 3442 1472
4762 4856 6211 2429 2631 2562 1248 1895 8560 1478 6275 9739 2611 6532 3756 4407 271 693 6989 8108 1137 8918 464 7414 8805 7884 5573 8988 6583 8643 13 1871 3317 6489 7288 3795 1669 3386 7803 6641 7137 8751 8596 4339 3762 3216 1520 7945 8475 3340 6927 401 4909 694 1787 9984 9017 5830 3005 8379 2382 6957 4453 1147 6933 9217 6158 7946 3273 5216 4800 7320 7450 1659 5371 9057 7897 7996 3355 8953 8527 3025 4409 9881 4445 2735 1932 6219 841 7632 5560 6565 2209 6273 129 8866 779 9932 9332 8348 3532 8843 341 6812 8218 9323 5131 6662 7972 8119 3957 9540 7088 3467 6735 8492 4969 8798 4270 2448 3863 8185 863 3265 6804 9806 4322 2133 1345 7658 399 5306 6949 6041 6153 3935 3900 5844 226 4622 2625 3753 10006 4650 7074 6246 485 8249 8173 3245 767 2307 6834 3851 560 8372 8775 3832 9335 2749 9160 2462 1084 4428 1106 61 2350 3302 4463 9169 5679 7961 5299 3335 2916 1028 5537 6127 9096 5159 1104 458 8605 7556 632 4087 3749 793 7153 5575 8591 328 4389 3844 6953 5247 3650 5434 1555 6001
9027 7116 1180 8657 505 7550 5094 2267 8038 8296 7118 783 2402 6258 1374 169 4197 5199 6442 4878 5115 3102 7406 3657 2312 4109 2653 1466 1921 6670 9655 2542 8489 3832 2599 2178 687 1444 6288 5426 6414 429 2622 2616 3807 2558 5313 3827 8595 2805 1315 6877 3590 601 8508 5064 8222 1793 2057 9695 4609 3473 8815 9170 3748 9266 4706 9236 654 2991 4422 5568 8248 6639 798 4428 4377 9497 3884 2284 9667 160 980 8329 5571 2649 2260 4424 5171 1993 2385 4629 9510 6307 6658 2030 44 3992 860 2128 605 7714 2561 9721 9455 2214 3548 8938 9772 4335 7827 5148 1555 9272 3515 478 7906 4477 9661 1351 9738 1077 4085 7417 6477 2934 726 8713 9403 2529 6066 9465 229 2294 7682 8913 9731 7470 960 2292 8079 5161 3978 3639 5885 362 911 7015 6218 9314 5185 9221 8635 4872 6306 1853 154 2171 7080 8326 1163 7028 8641 3681 7555 9105 1640 7410 2863 9816 5608 308 1623 5781 992 5947 8069 7146 5232 4895 6744 4973 1268 1196 5481 500 3539 5721 2895 3464 5598 2293 2877 7037 1851 551 8426 1327 4495 6088
6948 6554 4707 6081 3531 9356 8902 8958 7849 2828 3800 991 3189 7194 7758 5881 3203 4415 4001 6124 10006 9968 7504 6265 7035 4295 7807 1158 5064 262 2794 542 7256 5458 2109 1420 3092 1431 5912 2053 2529 8113 459 8721 9862 8531 7549 2336 1392 8650 8945 5426 8461 1430 1107 177 4656 1194 7925 7756 6278 9458 8669 170 1042 8076 2800 9358 8505 2703 3595 6659 8882 2921 350 5340 5518 206 3903 5563 6284 8267 9918 7422 2528 3308 8590 841 2943 5990 6584 8759 2319 9770 6779 5076 7887 5292 5039 221 5929 3682 4400 1975 8005 1883 6253 9417 1797 3310 8193 4593 8696 9821 1659 682 9487 7916 4539 9408 8587 6440 7322 2364 5841 1136 9431 9025 9560 8436 1389 4242 3317 1800 7718 3814 8219 9439 7437 4554 1427 6706 4556 1030 451 302 4861 5533 2232 2022 3679 9999 6354 4379 1140 8637 6522 1052 6091 1546 8102 7646 8099 3238 2471 9619 1728 1996 8840 1251 1614 4611 5123 3561 3401 5140 5190 5272 9009 2729 8441 5400 3615 2689 6374 409 8639 6125 4804 1837 5377 3177 9576 5260 1384 231 3944 2428 3144 1116
7403 8766 3396 8599 1521 5524 6485 856 2432 9820 4324 4517 1231 3047 2823 7259 7329 3441 4670 5885 9879 7623 5124 5829 981 2637 4152 8638 8790 8639 3588 508 1461 7427 4002 8392 7586 7465 6466 9631 6816 198 2954 6273 2910 5000 422 8525 6203 6798 3771 9214 4531 8459 9297 3066 4055 2875 6944 4811 2914 4206 7926 17 3858 6955 7631 3536 823 3979 7954 4466 6351 7441 1223 4635 7829 4261 2012 3127 6957 7234 7288 6576 7810 3029 6396 3512 5587 8990 8967 8529 5409 4295 5270 6869 4688 2312 3619 9365 9582 1532 8344 7107 7480 8492 7750 4932 3913 1041 734 6635 1102 3636 987 1446 5401 5883 269 3871 9378 1998 5906 707 6991 485 1023 4307 2888 9367 9185 5284 4090 931 2555 415 4911 3078 1673 5373 1434 7783 3385 5779 899 8907 425 2926 1824 417 4514 6830 7426 9204 6516 9713 546 3925 8666 3232 1125 4074 4107 2560 4426 4284 2450 6247 8071 6259 5689 8757 179 1722 650 3295 3630 2178 197 8156 4397 5037 8088 7888 7560 2619 7725 4891 7048 4181 7885 3152 6998 4099 4148 9432 1286 7140 5933 351
6360 5081 3784 6060 4589 1376 3712 338 9615 4415 5894 7519 177 6549 2589 8103 4337 1363 1289 5971 7245 4531 2882 4981 3620 8593 7142 9966 9794 3908 1460 7052 7817 1066 5205 9191 8523 1023 8737 8579 9921 3716 9551 7112 5914 3549 7676 4037 871 8888 3623 2994 2763 3585 530 1524 4355 7797 5036 7713 1696 234 238 9451 6948 8447 6102 6259 112 4441 733 6260 4917 6317 8613 3172 7458 7282 2190 2245 6338 9448 2540 2819 2476 5516 2496 1546 9995 9041 8277 9826 7563 1450 9037 9071 2322 6064 3795 8880 5211 8000 9772 8275 216 3811 5704 5206 3989 392 8903 5649 1113 879 7300 8624 5992 8080 3899 8250 175 6946 8844 2350 506 6288 9366 8810 9099 6771 8557 4281 2472 6310 4999 47 2333 8884 4417 5497 1264 5930 373 7671 26 1498 9516 9056 296 7945 5679 5165 7124 3532 6047 2166 7009 1342 454 6603 1877 9337 9563 4730 8412 8046 641 4508 2444 1861 2506 9568 8741 7785 7418 5215 7206 7269 9774 7878 3968 9564 9535 281 5919 7560 7049 3409 5445 1579 8448 900 8135 7992 1353 3274 7225 8501 5390 7493
1669 7370 1509 9109 1559 9191 5296 2911 1001 9877 9223 8951 2901 2986 1124 472 9810 7512 3343 5312 9742 996 5866 9850 9579 8334 288 6306 2566 4438 3105 2520 3562 6872 292 5512 63 5937 760 2677 7422 1194 6591 1032 8727 7337 3056 7243 1701 1018 1499 1087 2813 440 6155 7522 1358 4058 8486 137 1255 9493 5391 9071 9102 7952 6066 171 4513 3228 3122 4149 5433 734 7838 8681 6461 6823 5015 3651 4216 7144 6342 5427 1925 6589 1429 4975 1584 9232 2161 9778 3857 3353 3327 8488 9747 5007 5239 9222 4146 1025 5113 4212 7938 8845 3928 4270 6432 7576 646 5292 3705 3504 8378 1561 8794 9048 8664 4832 4952 1146 6112 1047 746 5456 1172 951 9795 5486 5224 7196 6027 2909 1398 6125 3470 5120 7826 1056 3963 2326 2043 3180 2643 4164 7459 8860 5954 2389 4548 1284 8740 9760 7430 9613 1585 4030 4037 7651 769 5894 4292 2065 8820 3887 7405 9572 4720 7170 1181 4168 6665 6357 7453 44 4705 5144 3062 6052 2950 8270 2985 6326 8603 1930 593 802 4347 6158 1923 6986 7684 9229 7760 4150 231 2610 5711 5593
9805 1815 6724 7970 807 6672 8285 3325 7199 8749 1284 7054 2507 9460 5252 9959 1267 5425 636 5591 7713 6790 4876 4539 6388 4617 912 840 5125 144 3183 5365 2539 3108 5242 1937 2521 6681 1495 195 8070 971 4139 5732 4742 1117 5179 9439 4417 584 5906 224 7317 5340 2498 6243 8382 9088 9045 2570 1958 3356 6049 6863 5396 1389 1222 9354 6279 1236 6575 2522 1479 3371 8075 4982 3512 5104 9316 3815 10004 7345 9789 4991 6729 1974 180 6044 2852 6023 2017 6655 6656 1454 3330 1203 8122 656 1621 5205 4278 3158 5324 5674 6248 2386 8461 8417 7144 4656 8181 3955 2228 9803 2212 2972 2217 6983 1590 6355 6164 9053 982 6959 6354 1359 7177 3109 40 3813 394 3593 4036 1160 1647 44 3019 7898 5092 1691 1317 5507 4373 9318 3418 3749 3091 3613 66 8659 9142 8333 3804 7184 6723 3165 8938 8799 1366 784 6234 5165 2211 8174 341 9110 4678 3814 5199 5469 1909 8079 4188 1009 6603 6971 3972 3857 1667 6081 511 5386 3374 2476 603 7138 5847 6932 6710 742 4564 6429 1482 7779 3696 8608 4255 2720 2204 4560
3779 3772 158 7040 1915 3517 5744 8996 3922 404 8244 3089 639 6628 3641 1144 1452 356 7765 3104 2665 4747 1757 4859 9546 4824 1483 9213 5879 7216 7007 3462 1651 5886 823 125 8587 49 3659 7578 5199 2098 2216 8814 21 9217 5085 4713 8506 1117 1808 9746 5152 6424 4107 8713 5059 9874 9765 6384 2040 3722 76 3303 8195 7812 8785 774 4848 6726 4202 4866 3153 7949 6608 7611 3652 3964 2074 6980 3818 1034 3273 4143 1567 2546 3351 8674 7797 6759 2655 6732 3011 6115 398 9435 1840 3394 5142 8409 5361 9969 5918 4478 115 565 1303 4915 8437 9810 2455 6404 8077 1214 7571 1585 8980 7098 409 2248 2462 11 1195 6339 5969 9365 5728 2165 3927 4415 7617 2461 5213 9326 8466 9057 6824 4763 8588 4854 5535 5451 2111 4639 3181 2391 9101 8097 7251 5063 9080 7262 7883 9702 3879 3936 7632 4487 3332 7442 2174 7144 1285 8488 4690 8068 8004 694 714 6751 4243 1731 13 798 84 1715 3189 803 4095 1088 2561 5377 6793 5913 467 742 1193 6736 2217 3612 1897 7090 1997 7254 9471 4701 881 8626 7318 6774
5738 9139 9513 5323 6457 1512 7412 7081 7739 7217 757 2171 1688 2497 7026 3646 4107 7665 1892 2031 9464 39 4596 5665 8619 2656 482 1720 6152 7016 5631 5361 8921 2751 6642 9821 4227 3859 6858 6973 9163 4749 312 5444 7456 8354 220 3692 4983 3898 4120 81 6266 4401 9348 3051 7134 2222 6575 8110 8626 6270 3607 6845 4550 4789 2379 428 2432 4918 1790 2264 8245 6846 9355 6665 252 7347 4973 5883 5374 1337 7125 9012 9705 7239 6397 3415 4929 4610 2886 4862 2899 7285 7273 9655 7157 2660 9695 9224 7651 4671 5788 9221 3243 9050 2162 8478 5627 6155 1417 1252 8987 9664 367 9537 559 1446 499 3349 8023 878 3170 8530 5312 3637 890 788 1021 9809 6609 1361 2361 4001 8692 3176 7339 6561 882 2376 6027 6811 1292 1047 4648 5350 6101 2129 18 3761 6297 3251 7462 7163 1469 937 6469 9137 9910 1571 704 7688 2330 5151 571 9071 2997 7846 988 1349 4743 1503 4195 204 6868 4988 7909 3493 9460 833 7099 4166 957 2499 6629 7398 9860 1489 6974 3961 6625 8192 2356 9997 9319 3804 2765 3863 6064 4470
2479 7459 9622 5564 510 3029 8361 694 6533 3300 9606 8740 515 7040 7734 66 1100 5998 4424 6646 5887 1440 8557 1816 3970 6702 4778 6426 9529 9014 6168 700 5342 4549 6851 219 5754 2823 9224 4511 4387 8987 6524 83 2729 7869 8293 4185 9056 7838 9443 6071 4944 3496 721 6177 3917 2212 5420 9080 3074 4432 5058 881 4438 3867 2130 1683 5353 7369 7473 6843 1807 753 9832 3907 4197 6674 329 3933 9043 5415 5069 3701 5060 484 8190 9620 5961 6765 7283 4530 5619 4603 6139 1453 973 6190 6340 6586 7790 8964 6086 6970 1615 8844 9892 2004 6680 9145 5182 6288 6901 301 9491 6550 4929 1470 2602 8061 202 4125 952 5355 6972 1218 2589 5638 5835 1755 1068 2343 4434 4661 4633 184 7698 7212 3613 2514 5515 5233 1168 2507 1901 2108 6050 4109 4128 5360 976 591 1961 205 8533 6580 8981 7715 8841 5484 6383 3054 8402 7566 3393 6156 3082 2844 52 3879 9755 4181 9850 334 7944 8416 4787 9643 6399 9885 8397 3555 4020 6784 8515 146 5234 5973 4383 9781 9027 8591 5074 7712 4433 9863 2757 2311 779 4671
8718 8231 9834 6859 1980 4786 8187 8561 4371 5505 560 6460 6129 6787 6265 9812 1219 736 1545 6074 2694 3155 6713 940 1079 8512 9094 3644 4713 7667 1704 9537 768 5200 6064 4679 4409 7969 1799 5690 8869 3275 2907 5906 6021 8211 3797 9367 4492 6504 7402 9275 2740 4031 2946 3168 9136 5314 3449 8396 2099 6182 1270 5623 7158 7674 5318 2655 5893 3598 3837 1427 9483 1480 3966 838 1312 7293 5894 8403 5713 9307 6395 4021 4931 4422 385 6173 8060 8753 6287 5445 2463 3977 3658 1934 3910 1947 6333 6321 8703 6205 1708 8743 8272 6699 3719 4836 8269 2291 8098 1210 7526 4675 5203 465 300 8035 8712 9422 8585 9614 494 9554 2397 7071 9933 2218 7578 4360 2685 9945 9843 69 8857 5657 409 1409 3049 7740 2224 6387 5609 9937 1424 5075 5859 340 95 3696 4398 5149 1177 9073 2809 5345 2299 6510 6211 517 9992 5517 8185 8958 619 9759 6736 1378 4199 9626 8119 2045 6894 36 397 3791 551 3243 9259 5916 4036 6957 2541 8508 9888 6147 3214 5 1547 5677 6446 8908 537 6022 3009 5673 7240 1404 9045 8367
8734 919 6115 5430 6308 2144 8124 1920 2553 1990 8672 3219 9887 7213 7631 4714 8336 9873 9992 1381 4471 1533 4320 6489 1240 7442 7206 4017 1589 3211 1468 2212 4633 9404 8022 2153 1334 8797 3424 4219 1520 1897 2115 8877 7558 4194 1479 5032 5255 6021 4075 83 1942 8193 3234 1906 5332 5747 8429 6423 4334 3710 7490 7685 4002 9570 5092 3352 8504 6546 4936 4297 6051 8127 6328 8181 5616 9415 835 2775 7958 4850 1354 4827 916 1707 9809 2682 1401 501 9032 1808 4771 2025 6728 8837 5491 9210 6503 8468 3685 7449 813 7142 6714 1609 9248 8967 9707 2915 182 7308 3784 2808 6411 6716 1212 2993 4713 3531 7997 2112 4469 1930 568 736 7416 2360 5276 6856 3443 5451 7143 1512 3485 7121 5879 2241 3880 3766 6381 2664 4974 6761 7290 7357 9068 4669 2258 5509 5637 243 203 8143 3152 8176 1605 35 1463 8208 5260 25 3448 9462 6516 884 8059 9819 697 147 9252 8173 7204 4414 7844 7465 7644 7137 2703 2236 9876 4393 7009 8097 2276 1936 9384 1985 4661 3846 508 2639 4933 9896 423 4501 5585 558 2721 8670
9775 5518 4941 4395 2699 9124 9654 4519 8106 1580 6088 1873 2966 1156 189 7009 4184 9558 3561 8136 5632 2326 8112 389 7337 9125 4452 6395 5979 8499 8629 2838 6550 229 9076 9175 4534 125 9706 4204 5588 1053 5624 3914 3111 7398 2020 8811 6739 7744 3388 7452 1308 38 1958 1104 504 9527 4711 15 1520 7991 9397 495 6310 7841 9151 9298 5136 712 8267 4646 7914 9671 6148 9977 5449 3627 5042 9364 2042 4444 7983 978 5501 3312 2524 8837 1578 6485 8128 7220 7332 5114 5079 7023 1405 5801 3804 4932 1178 5829 8253 7425 1664 9428 9352 4424 1946 3486 8013 5030 1739 9551 9954 5011 507 3928 332 3641 2263 5607 2285 1240 3529 4481 5642 341 6858 9140 6478 4514 4095 2207 6716 7306 268 6338 2283 1637 9784 8735 1811 5266 4928 1972 8332 6754 9770 1507 5568 5023 8132 6426 4829 6613 2734 7180 5265 123 96 452 9842 7229 542 1984 5950 9252 4260 4479 6039 6596 1105 5309 1396 2584 6934 4061 8956 2974 9575 5190 0 9501 9872 1274 6787 8223 3373 5426 3189 1922 8250 3017 6043 5802 8609 6808 9058 2741
3078 3905 4861 5228 7431 5440 5377 2872 4768 8678 3082 3111 2358 6727 5086 5597 9237 7201 1060 4198 1739 4511 4654 1286 9372 5421 4145 7256 5153 7308 4838 4790 4311 4326 6352 4471 2587 6302 4389 8857 2575 8684 1891 4360 9610 8213 318 1380 720 1639 4347 7187 3839 7955 1496 7715 9108 7790 9231 8392 9818 6953 253 9279 8871 9803 4927 2134 1156 5156 1709 459 8416 5054 1942 9247 5216 9813 2942 880 9907 4297 7105 102 4228 5791 749 886 8716 5546 4350 1588 9467 1574 2239 5331 1996 8535 6450 5032 6309 8003 1975 7700 7082 9671 1108 4677 1724 2485 6535 3170 5657 7334 9684 3531 9051 4094 2369 9547 5708 2214 5290 5131 1668 3594 1549 2198 8466 5136 5679 2967 921 6772 1157 9961 3585 8339 5328 7595 2907 2824 4289 8693 5108 1230 474 435 3173 58 2955 3303 4274 6667 6989 3114 6766 2348 8712 6340 6853 89 1805 1417 8386 1002 5704 3008 7793 3632 4013 3437 7696 7876 2167 9616 7022 1567 8632 2206 6878 130 8677 8284 1235 4485 9815 2545 4632 5653 8128 2180 2032 1389 3937 8516 5218 9416 6694 6633
7037 5909 9663 5012 2588 3416 9177 1413 1489 6417 8895 7355 2828 5811 9102 1290 887 5830 327 6913 502 7200 8578 5234 8556 9601 7312 6360 5199 493 3983 1701 4363 6327 6746 8634 4125 3535 566 4503 8558 9204 1057 2106 9030 5575 5913 8869 2509 4087 1071 9334 5273 5818 2709 4415 6012 4228 8107 3661 5576 711 738 382 999 3612 292 8857 4891 1589 6581 6362 4802 4245 9736 5532 9445 8257 3907 6780 1885 7867 1266 5651 834 1340 969 9567 4054 2618 7468 5415 7652 8919 2591 7824 4798 5039 2232 4033 1783 8100 47 2451 5593 2340 2609 4251 8545 6781 6690 9743 9146 2563 3375 2305 4553 8640 2934 4784 7818 5989 3790 4987 2547 6551 2310 8564 8013 2306 9358 509 807 1696 352 6954 7374 4060 1427 8717 2660 9138 4151 8381 9314 9243 8326 5221 6133 5227 4942 6476 2187 7962 7426 3745 8916 8190 2196 1172 4296 4616 1138 1038 874 3407 5960 4543 618 4188 6040 8677 593 4147 9175 1810 7744 664 5064 2273 898 8650 949 3530 6562 5130 9186 4630 8366 7288 1117 203 1506 8046 759 1217 367 8980 5493 2176
3812 8705 3120 5969 5838 6824 1236 9684 3925 1285 4961 5786 7139 3754 204 4389 9251 4816 9551 5308 1952 7656 6203 9424 5500 3868 7596 8106 6941 3029 9022 5241 241 2048 8614 6173 5372 9262 7636 166 1925 8012 5586 6811 8820 5310 1555 1401 1949 3248 575 5798 4757 6252 4701 7361 9722 6389 2524 4191 8526 3627 396 6305 9191 6719 7068 2837 7106 5301 8345 4531 1078 1019 7727 7120 2522 4588 4774 7881 6572 1223 7261 9558 8922 5077 2774 4601 7197 2248 8942 1107 266 2089 5479 3033 8228 2738 1740 9710 8771 26 9701 5554 3156 8830 3325 301 145 1090 8644 218 1610 5494 5059 6347 854 5455 7797 3232 3751 5803 8768 5625 4073 1928 2413 1207 430 9563 2926 4450 2146 9175 9895 7073 6848 6479 4673 2912 7229 5903 8932 3092 1520 3345 6338 7644 8585 6926 1003 896 7125 6533 3961 4146 2448 9270 6048 5167 4923 3322 5900 4524 7471 7901 2602 8722 4749 7840 9707 4363 4405 6075 4811 5540 5935 2580 3082 3505 4599 7594 8503 3189 7283 5191 159 8318 4887 461 8413 1040 8562 6488 7890 9789 8100 8132 1780 1770
3507 7992 3339 1312 8395 8403 6815 1809 4807 117 431 8151 6802 9393 433 7754 547 5139 4264 2829 2477 2300 2410 589 6809 3000 3558 2872 8952 2912 1012 7903 5995 4467 7565 3039 820 5987 6055 2564 41 5510 5673 8342 3913 7457 4463 8359 5542 9328 8332 5898 8711 5719 9218 146 9685 2513 5161 9904 4073 5718 4413 8277 1805 5601 2620 8939 489 6645 5533 6111 1455 5027 6482 2864 533 7918 8021 2586 5681 6754 8914 448 9780 8673 3255 7979 916 6945 6025 8519 3803 9278 8250 2161 4984 7 2252 1931 604 8835 1119 1674 6587 7039 7380 4737 4005 9209 6936 2808 1642 2932 7049 5395 3483 2749 8350 2325 2451 7461 3669 5856 7041 6983 8489 9758 3033 2011 4738 8810 1078 4809 9727 4183 3897 626 4468 2363 4915 8700 2899 8596 3529 3625 4583 4553 501 4263 8031 601 4427 5498 8055 5844 9423 4485 3992 6786 2562 438 1758 9927 4511 8838 5527 7302 206 7782 4996 7632 4750 6428 3576 9306 2692 4654 5470 3606 3351 8937 886 2893 9787 2280 6380 3097 9321 4718 2773 3586 7321 1438 3398 4611 9002 2994 4749 1623
8055 1005 9457 2904 7768 2936 1416 2926 3401 4180 4657 5039 9268 5396 3449 4659 4642 3013 1142 7280 9741 6572 174 9295 5040 4066 7272 1322 1571 7183 3978 4726 6353 8621 8738 524 9869 1178 134 7228 49 9090 701 9759 2999 3921 1030 9498 9776 4628 5792 4899 7037 2938 1019 6678 9154 8011 9739 6969 6429 3542 1209 8991 5342 4161 3425 9423 9653 4026 5205 6338 6595 612 2408 6154 3091 5673 3503 3947 5876 8239 4509 4396 1809 9975 151 8857 1920 2952 8247 2921 9397 4807 5285 465 6570 571 5543 9294 235 2190 9399 4410 9037 6218 394 5653 7473 6455 8388 9957 3724 5110 178 8501 2537 5565 4927 1479 5431 1505 270 246 5010 14 1027 5090 4148 1002 5049 7283 4142 2193 3800 31 2656 6961 8017 8548 8218 3674 5028 6448 4774 6832 8606 6712 2405 1746 7470 2047 2760 6331 2981 7494 7290 7756 5318 8925 8436 429 3709 3084 2059 378 8829 7478 459 7761 9329 8298 7808 5003 6407 7909 9972 5750 3229 8301 2209 624 26 8652 7588 8645 3974 5520 8856 7122 1076 367 6009 6856 3842 1701 1392 7690 8412 5193
6251 4859 975 1410 122 5615 1014 8679 3237 2718 666 7708 844 2396 4541 4056 5262 6039 6913 3543 2019 4323 7301 6581 9403 9628 9997 1796 3557 9247 566 7544 3377 4949 3124 131 8832 7891 9550 5466 5573 9351 9943 2508 2323 4021 7206 421 1302 1546 3147 569 1945 9005 8575 3867 7754 1720 8636 6769 2106 2064 394 1658 929 534 3889 3387 2964 1870 8882 7973 3280 9193 1278 6310 8158 1582 6008 8063 5429 7914 9988 8586 6687 8376 8344 4689 4699 2714 1460 204 9352 4741 4384 196 933 9747 1386 4886 619 2027 2735 2295 9579 4713 9942 7710 447 6148 287 7887 337 7969 4074 1689 9786 8655 8001 7729 1679 1764 9909 9257 8588 6290 2121 4090 8520 9781 4644 8628 8357 7112 9073 5084 1344 3216 1883 1298 2340 5650 9077 4290 8848 4715 9545 1455 6200 9979 5369 9817 7505 6115 1834 6021 479 9803 277 9872 1591 9225 4933 6300 136 2836 7264 8922 33 8271 4169 7849 7880 6730 4844 8956 3291 2006 1900 2927 4211 9519 6616 7459 5239 5601 3793 2429 2994 5922 5120 4205 703 5367 207 3753 362 8010 939 8556
1457 4184 8256 524 4255 9173 3629 3343 72 3914 1809 4361 8146 2345 8042 2975 3071 4029 3999 9954 3709 7477 47 3873 4944 7501 5290 8869 3931 3438 6232 2008 9891 1204 9373 3957 8284 4973 6748 9659 7228 4442 7078 4196 5874 3022 8752 2138 4100 4916 3052 2797 8383 332 2339 9233 1726 5826 2543 8767 4164 2219 3032 6767 884 2844 4057 8448 2440 4195 1069 1146 872 5226 1559 3951 9475 3724 9503 8173 1989 8659 5588 9758 2587 33 6652 8701 7258 8494 3316 428 3297 9203 7681 9588 6311 1337 7990 3290 5589 4556 4463 7913 3564 1235 8223 2071 2389 9315 5463 9553 8255 5726 2379 1293 6717 802 9114 330 2736 5481 5980 1995 7468 6837 7003 4073 5272 2435 184 1696 1774 6305 2528 6741 6045 4103 9324 8680 6423 9126 7955 5234 9978 8952 2466 9041 9817 5886 640 1243 6635 7072 5387 4625 5777 7266 6906 8317 3426 8614 9517 5394 8239 8902 2384 5304 6090 174 3681 3028 7561 3387 1345 6402 8291 8587 9873 4777 5626 2215 3826 9270 9392 5189 3900 4588 8118 7903 5549 2489 9479 2930 7000 9672 9651 8816 9448 4080
3517 3422 7269 9175 1093 4250 3023 1411 1169 9178 5501 9878 6649 2154 8792 2066 6246 7097 3289 8652 9842 3788 4667 5308 3157 4833 2378 4356 1996 127 5868 2074 4658 2091 6287 3962 149 1501 3318 7899 4204 2147 5178 8948 1121 8699 5516 1897 4768 270 2500 153 707 815 9398 1859 2304 9038 3270 7420 4219 4173 3297 7064 4836 6786 9984 5622 870 3484 4969 5403 9317 2927 453 1199 3223 1739 6110 4072 8335 7721 9516 8457 3518 8227 9145 7048 8012 6791 3988 4995 242 8058 7667 221 7223 8299 4860 2022 4973 4609 6814 4426 8115 1356 7083 6068 2402 9599 6992 9121 1805 3016 7804 8051 4053 7103 2098 9901 7087 5274 9906 1091 4647 9278 5665 7345 4096 3571 2710 8503 4394 4460 1366 5098 4814 1146 8740 2381 8764 7624 3753 6611 9697 7553 2836 3506 602 6647 2551 5040 6320 2415 2015 1359 1484 1689 6028 335 4608 2009 2550 235 4444 4542 5103 8825 519 8112 6955 1455 2442 1659 1976 4097 8376 4586 6376 1306 7001 2331 8682 3887 26 899 2731 9338 3762 9828 6567 8424 5065 6361 9287 8882 4215 4967 5800 5565
4953 7632 1218 3508 9265 2295 4874 8303 3119 1422 3042 1696 8695 5363 6303 9846 2047 4067 3377 244 6714 3315 2544 479 5098 3867 3049 5310 1813 481 4701 7619 8802 9141 6895 2411 1862 5765 6562 3466 7595 3559 4145 7908 6474 920 2619 602 5700 4454 1610 5752 4139 9099 5225 3675 1133 5370 9917 2964 7172 2465 1150 6999 1781 6833 4711 5634 7548 7885 6036 7807 1505 1577 7299 2273 9241 7059 9885 9316 7182 480 9903 5743 922 2222 4354 1446 8285 6692 7682 1300 7245 2985 8007 1833 6518 2193 5107 7084 9926 6181 4042 3336 3379 9854 459 9068 6375 5561 7028 1028 1195 3070 6145 1181 5849 9902 938 9053 4349 7442 8912 7320 3108 8609 2420 5079 2635 7433 5695 443 2237 6380 9572 6401 400 5769 5768 963 9094 1214 4302 1761 796 7219 8146 9266 7100 6750 6176 31 3963 4007 5280 7768 4243 8469 189 2621 205 9452 200 5441 827 6069 6260 3371 1435 5465 6070 1058 5247 9315 2377 8611 2023 8831 8388 1257 770 2373 9405 4526 7332 726 1100 6917 8051 3106 9006 8675 9333 8811 2351 3765 3282 4091 8620 5240
5818 2600 925 8185 8083 8316 7097 3897 8656 9656 1289 5980 464 4627 3849 8177 9671 3315 4099 8587 8342 1936 2638 3389 9424 7313 1049 3585 539 4750 4451 8764 8232 3757 6425 7198 8866 7999 4976 9625 2439 7866 6359 285 5134 8283 8644 2031 8798 1483 7499 4156 2276 5197 781 6748 8128 4387 1454 8252 9794 3917 4686 7148 8784 4262 1249 3913 5480 9651 7285 6607 1092 53 1151 3352 1758 7950 9699 7764 6592 9073 1934 3035 9644 3671 3482 5974 1655 3378 6604 6691 4432 7532 2609 4142 5055 8954 538 9952 2575 884 1313 1216 5460 3614 9793 9119 2810 9275 1865 1721 284 329 6407 764 5119 6257 518 3915 5083 3396 3031 431 6174 1983 8319 1498 9525 2275 392 8912 8875 1209 1846 489 4668 714 5037 2520 6798 8210 8124 5181 3957 6753 2132 3760 826 2819 2485 8742 2592 2513 3184 5085 2999 6783 6184 10005 7065 242 8666 7671 35 4724 9612 16 3492 3989 401 2122 5745 2080 4075 3344 3346 2949 6701 2447 6278 1353 3283 444 8597 6357 682 1382 2530 4813 6956 6868 4322 9353 6396 7951 4497 9640 4465 5985
7684 433 3752 389 2479 7908 6004 3682 4277 1250 6693 2010 5938 6776 545 1534 354 4423 2290 393 1685 5405 7503 1337 4434 5110 1015 8309 1458 5433 1945 3830 4920 8709 2114 5308 1740 9498 606 4436 4713 4767 4055 5289 508 3875 991 3066 6469 6446 6008 2888 1774 2749 4348 2167 9798 1098 6844 7061 9018 5823 4586 4959 5971 5229 2411 1392 8527 8220 4114 8588 1115 8473 8932 2880 3362 7755 1350 6857 9484 3385 8193 4470 7971 8509 1786 367 6846 6664 2763 1569 8417 34 7901 2390 557 9159 2852 8920 5262 864 3258 8385 6386 7911 405 9310 7903 1993 4309 4905 6683 3995 7192 8032 1404 6145 711 8611 1553 1586 39 1905 1763 9936 3726 5550 3738 3168 6236 7665 9208 8136 774 1109 9664 7683 5635 1876 2516 5567 5367 5039 98 5204 2370 4527 1660 5364 631 4477 1578 1627 6911 8772 4619 3412 7837 5087 577 5189 344 6408 3544 1649 2544 9 7860 5525 3697 6303 9376 4809 5725 4025 1237 4270 7643 3568 6892 7540 9003 3797 6467 6843 2256 7142 7950 7674 2418 5006 1645 3338 2512 6361 7870 3540 2443 5047
5254 166 9434 1017 5626 6380 6816 326 7695 967 5544 2643 3089 4621 729 2752 6470 8965 9054 6398 3243 4073 9437 5425 1247 10006 7559 7949 583 1712 2763 9290 9587 5671 2451 1173 4681 8833 5235 8941 3811 1402 4256 8136 8495 2279 5294 2233 4418 6000 2190 7950 5388 3588 636 6202 2121 6636 6035 246 3561 992 5585 9515 9956 7477 4212 6863 6007 5804 1068 506 1986 8416 2950 7195 147 8202 5401 6011 5010 8572 2005 9648 8573 6810 1517 6446 3722 4058 7411 7306 3131 6291 9472 3481 6865 5610 9556 6821 4337 7068 339 111 5341 7914 2527 6101 7159 7293 708 1917 7102 3597 3853 3072 2992 8865 8890 8931 5796 2656 5512 8995 3099 2636 9482 1496 5611 4354 8697 2210 3980 2880 1076 8925 6987 1407 8267 7509 7867 6853 7992 7058 2324 1365 6597 8773 7138 6458 1340 6556 1901 271 3602 7864 2445 2364 3432 1581 3749 3702 8028 9919 9818 4849 5506 179 1850 5391 7996 6264 9828 2864 4252 8930 991 780 7639 2076 558 1671 5898 2423 6731 2188 8347 1636 7842 6812 1120 191 9475 7889 2486 9236 292 4437 7232 7813
8515 932 104 4350 2107 2031 7110 4632 6172 692 7716 4425 2230 2633 7697 3193 6614 3018 6327 4949 8293 4971 3926 6215 7167 8328 3027 9544 1819 9164 7200 6781 4893 9402 9992 2954 9024 4969 4323 2463 1414 4497 7952 7614 4658 1011 9440 2449 4193 8254 7709 811 9112 7515 9299 5420 9866 7951 2809 2782 3138 2521 9915 3228 4670 8636 1931 6946 7165 8725 9282 3791 7995 4082 5270 9620 6747 1635 5660 2254 7876 2686 2180 2551 3960 9473 902 6059 8112 5875 4608 929 5703 8729 8488 1288 9494 1737 5427 3473 1069 7934 1180 911 9276 4982 6746 6837 3784 4381 957 145 1215 8974 4887 586 8743 5709 7538 9737 8540 973 6976 1210 4963 5514 1214 4169 3046 2713 1824 3168 6573 6153 9467 2093 4810 860 4389 9376 5146 4213 4284 5201 8306 7394 8300 8585 7051 1333 5565 6101 9782 4611 5337 1324 2348 9231 8911 2382 2482 2646 113 7567 8984 2902 9339 7487 4850 2927 9380 4352 1710 5783 2856 8463 1247 2622 4877 2571 9997 6965 8397 4341 8897 5161 6239 2403 3317 2014 5481 2761 2303 3153 4547 8034 1344 8385 6723 6399
3657 9491 2247 9180 8942 6150 9977 5846 272 5941 6432 4035 4507 878 5734 2490 5976 4488 9653 111 2875 4606 6244 1325 2064 474 5872 5118 4682 1165 3803 524 5954 8855 8409 6877 762 8746 5028 2533 2444 5100 8255 7425 2061 6073 244 1492 3939 3549 908 9786 8735 2208 1911 5827 9047 318 6817 2665 6263 2557 7687 89 7242 3362 3003 9219 6204 9265 7080 5498 9308 3548 6110 7910 855 5296 9377 4862 5463 1245 7937 499 5913 1983 1542 4021 7286 4635 5491 5694 423 985 9512 3082 8548 4303 1344 3296 6097 5487 6488 2926 9493 1850 2925 4688 9981 5052 7776 7440 4087 4192 8367 5207 2026 8017 4633 5888 1942 4677 7161 4430 1152 1380 6157 3584 8971 5397 4339 4205 783 9581 4396 7901 7645 8426 8506 2633 2608 2567 5702 8842 5986 2503 8399 8862 2016 10002 5887 7144 2801 9288 7518 8618 415 2573 4511 84 3231 3989 3631 4645 3506 4440 9174 126 4901 2725 4360 5040 151 4942 9597 1220 7896 3634 9053 9134 8066 9917 7749 7796 3470 1579 1680 6649 5992 1312 9648 6107 3502 5234 1670 8634 7246 2568 500 711
1553 340 5956 1957 202 3328 3251 3525 9178 2838 446 4929 673 4901 6231 2408 5745 8816 4646 1810 4364 7752 5703 7146 5910 1081 3969 1100 5201 6723 4816 8093 3060 6414 1107 8815 9848 9941 6491 833 3162 6181 2326 2008 5089 8941 4851 6149 8678 2018 3104 7687 3595 5290 4067 1661 8923 8424 2402 6936 7567 7401 324 9132 1962 4213 2701 2623 8099 1869 7663 8359 294 5080 5724 7981 5278 6449 9170 4426 5452 1931 5363 4587 8518 3757 3154 7769 7332 9017 9779 8627 7138 7498 6087 971 5790 4887 9010 6165 5502 2013 9100 8314 4223 716 1369 6843 1010 3052 8002 6113 5817 4531 9627 8778 2182 571 5134 5012 9215 497 9816 6286 6501 8855 1908 4925 1467 7404 4732 4753 5588 4956 317 5518 8844 9095 4303 4850 1344 6802 4145 6192 5146 2630 1706 4994 2781 6757 8074 1828 791 1492 7445 1597 1613 8444 8439 4428 5055 5683 1109 8418 3593 5687 315 5915 5092 3342 472 9775 9421 9641 5999 8432 814 1930 558 2711 638 6845 613 6804 3748 9944 892 6461 6788 6924 9949 4903 5834 6160 1491 2640 9728 3740 1525 5898
9763 995 225 2965 9460 6102 2196 6998 4466 6718 4 1802 5151 5840 4168 5829 1348 5207 4731 9154 6801 8546 7405 8736 9718 4924 5868 8617 8322 1834 8806 5830 6153 7083 2604 6066 9342 9511 982 7809 8598 7090 6218 9191 4460 7909 8762 4557 3665 601 8385 4339 6910 1920 1742 7054 3357 1697 976 9000 7349 9845 4732 3952 8677 6419 4317 1270 676 8508 4941 7497 481 2184 9380 1968 2221 7039 1331 3578 2860 5285 9262 5377 1007 7850 5463 3950 9074 2667 8571 7446 5601 6578 7780 9351 2721 7859 8680 820 9945 4896 1419 6124 7836 8242 7707 8831 5871 3018 3943 5460 9549 3446 9048 7828 9830 2706 5833 554 2704 6230 6809 6958 2399 1727 5028 5238 3581 7268 906 2881 6120 8630 738 6208 1169 5714 9165 9621 9168 4022 4789 7648 5532 5264 8427 6009 5646 2649 2137 3699 3859 2120 2070 1988 8258 4531 8826 1860 3645 4571 886 6851 8628 1135 2456 5423 1883 4083 7691 2000 5876 7029 3316 4832 4116 6144 3866 5734 5195 7113 6656 2304 5574 6934 7163 6738 6041 9301 2639 4122 4953 5115 2979 6681 2345 2439 3794 12
4799 7961 738 8506 7636 205 9233 8428 3105 3982 5020 9124 5047 8768 5664 1374 2344 9939 8385 6637 3370 6418 1810 5861 7301 1657 1207 469 6864 3342 1969 9324 5375 3702 558 4208 187 2799 4681 1363 9531 9317 1761 577 5440 5810 2414 6051 9614 7852 7364 4162 9318 6566 2453 3313 2722 4955 7016 3191 6925 6244 6328 9668 7140 8598 9388 2678 3682 4528 6716 2699 4517 3896 2077 7900 7843 4147 7292 8447 4337 9605 4635 487 3291 7089 3711 3775 1078 1058 5028 7536 41 1759 974 1688 57 8590 969 7684 684 9218 6402 4986 5866 1305 1030 579 5043 9562 8167 9882 4689 9782 4525 2308 7078 891 3153 4461 5005 7098 6928 645 1949 3287 7883 6214 2276 3423 901 1168 3207 3749 6239 2317 288 7768 4024 6690 7860 5776 9163 2309 1876 2767 1026 1373 7546 8063 505 9725 829 5453 8233 6788 8421 9498 857 9902 719 7274 2013 590 7863 177 4784 5935 2619 383 3921 2118 4765 4703 7003 768 2551 3874 6444 6656 4602 2034 1425 7231 5545 9985 9261 2870 5598 4468 8619 216 2046 9050 9729 35 2950 9732 4443 8578
9558 4617 9723 6889 9046 6179 9883 5150 8996 6097 6146 1423 3284 9138 7931 2349 9606 5096 9708 4863 920 8063 6168 7063 4528 2372 37 8216 815 3888 9328 237 8544 5756 8789 2155 8087 1404 2052 3515 8316 979 1355 6775 1654 2462 2186 6937 9525 6164 7857 7031 873 2382 8059 6962 9566 3029 4717 9887 4356 6493 7596 3801 1580 7144 3460 4223 7876 8263 6496 1997 9429 5206 7887 1076 7118 8621 5482 3136 8495 472 6928 6308 9294 6986 4802 8025 3704 5824 5298 9639 3549 1567 4721 9093 1853 7992 5251 3958 5440 1466 9759 9750 6533 9663 8792 6563 3708 5030 2795 1131 1204 1724 8581 3415 8152 3512 3908 5358 7736 6032 4038 9574 1441 9718 2878 9673 6807 5309 2452 4171 8191 774 7023 2461 7388 5061 1645 9252 5316 6066 7296 3309 9179 4796 9216 2455 8579 3812 4400 7766 77 276 5806 8871 5892 1807 7116 9018 1730 7390 4664 5397 4998 9147 1141 9226 470 7325 2556 3541 3155 9727 6095 6543 7678 7538 5307 2849 419 2438 6950 1941 531 220 6915 3885 4920 4616 4918 5013 1166 9267 7342 4185 5412 7024 7266 9264
8348 7202 4522 6131 1965 8342 8393 3273 8886 479 3103 2603 1783 4441 7199 114 503 8346 7599 770 378 8141 3260 6463 6112 733 2719 8778 1903 635 2158 5056 202 3049 3315 549 9222 3832 2998 8435 4943 7622 1208 3498 9255 2285 4864 8293 3109 1412 3032 1686 8685 5353 6293 9836 2037 4057 3367 234 6704 3305 2534 469 5088 3857 3039 5300 1803 471 4691 7609 8792 9131 6885 2401 1852 5755 6552 3456 7585 3549 4135 7898 6464 910 2609 592 5690 4444 1600 5742 4129 9089 5215 3665 1123 5360 9907 2954 7162 2455 1140 6989 1771 6823 4701 5624 7538 7875 6026 7797 1495 1567 7289 2263 9231 7049 9875 9306 7172 470 9893 5733 912 2212 4344 1436 8275 6682 7672 1290 7235 2975 7997 1823 6508 2183 5097 7074 9916 6171 4032 3326 3369 9844 449 9058 6365 5551 7018 1018 1185 3060 6135 1171 5839 9892 928 9043 4339 7432 8902 7310 3098 8599 2410 5069 2625 7423 5685 433 2227 6370 9562 6391 390 5759 5758 953 9084 1204 4292 1751 786 7209 8136 9256 7090 6740 6166 21 3953 3997 5270 7758 4233 8459 179 2611
3424 5895 741 3096 954 5847 262 3111 2980 3966 8385 6826 1067 8434 2103 2928 4281 896 7353 1531 6393 1958 6693 2450 9101 4798 3345 6566 2642 1010 4738 5248 4083 171 6164 2383 7390 9197 5756 3315 2514 6404 4778 7315 9074 5154 2728 3953 5962 2452 8704 8550 9098 390 7724 2940 1899 3394 1843 4503 6864 3531 9673 1333 5668 769 7545 3447 6333 3861 4210 9986 4248 2443 5487 1673 8227 8168 4869 4262 9671 1730 1916 5023 3714 8372 4403 6700 6064 2219 9923 1743 4339 9397 6084 8256 7415 9238 2621 175 5370 9887 8889 6852 5913 7175 6843 2696 298 5972 467 7450 7294 8239 5786 7367 8759 2636 2201 3489 8003 2597 4939 374 893 2945 5910 2767 1215 9077 9562 8356 7579 6705 68 1592 9295 6317 7037 4215 3990 3621 1815 54 4371 3045 6074 234 8669 487 3480 4786 5727 4068 8152 8045 4267 3675 1103 1288 9597 6412 3190 2309 2065 464 3042 1666 4613 5043 9751 5864 1891 4982 6849 1505 1547 3217 1953 2682 3077 9729 224 647 1741 4736 5645 331 4425 2333 7308 5460 2029 7610 5555 8189 5704 3630 5032 6931
5782 9045 6791 3895 8352 9257 4737 1327 7743 5056 3051 5767 7019 8672 5779 4637 1163 269 7609 1634 1842 582 517 8416 6560 4717 5297 244 7568 4769 4982 7733 7041 4305 7023 7878 3276 6136 8825 426 1462 5963 8141 6109 9181 9816 8856 9283 9583 68 2476 4824 9075 836 133 4584 6680 911 256 5186 7267 9479 698 7512 5878 10003 6761 9850 2107 3018 7314 5153 8814 7613 840 9346 2081 8179 8573 413 9046 1589 5771 6225 6169 7278 2292 1320 4129 1931 7933 7369 9246 1917 705 1119 9003 5121 5159 7623 8862 8092 825 7320 3962 56 4858 2326 4578 7871 9669 3011 3700 2028 3689 9215 3067 2591 7014 4661 6406 5265 6596 7578 2784 3728 6477 6182 9701 6666 3690 4013 4943 464 3926 7202 7371 8849 5669 6458 4950 4078 7051 2320 5769 6622 2417 1525 8468 6245 2199 4770 9787 9609 4914 1217 9564 8843 6860 5209 7705 2592 1812 6537 4279 2177 9137 8543 6368 2801 5357 8348 44 7240 9835 81 4899 9198 1438 720 3145 7122 3237 8874 5710 3323 1810 6934 527 6431 5306 3461 4438 5640 7211 581 5719 6540 8687 7805
2840 2594 1390 216 3094 2210 7565 336 9295 7176 2500 35 3998 2892 2279 8879 9696 2630 4251 7710 6578 1119 8978 5055 8228 3825 2208 7962 6591 3542 3345 7425 8112 6837 4746 4519 4547 8996 1482 1968 5567 6666 3665 3947 8012 6673 7279 7072 3130 5071 5052 3820 8204 8589 7219 8975 647 2600 199 1465 339 3696 2797 6126 778 1614 5787 3024 6098 6336 9128 5301 9432 4999 9337 8846 1236 764 4393 9544 2781 9302 783 5625 5160 2396 665 9034 3946 3207 4797 9406 153 589 4106 1468 4747 9324 6423 6869 8401 4509 6532 243 2738 2827 171 7023 7853 3210 9205 5027 3779 1332 1722 4363 5492 6543 3063 3360 9451 6231 4953 8461 2606 9015 2714 7591 5182 8036 1909 2268 6059 9074 6013 8198 9780 5970 1723 9168 7368 4416 9982 5901 409 9815 4026 7341 4772 9365 3288 3729 1250 7992 636 9787 9584 4848 4286 5766 2189 6730 968 3927 1975 9181 9791 8790 2345 5785 3421 2346 583 5297 219 7502 7838 1184 1079 6911 64 3245 7261 638 9390 3329 594 8117 841 4119 3891 9121 1687 6307 9881 932 1066 4488 5697 875
2810 6297 9614 6648 4986 4662 8934 1530 195 7 7304 4861 4457 4595 7223 5929 2606 6763 7176 248 4497 6662 2207 905 9177 8333 5748 3510 7445 1890 8791 4898 2116 3958 8580 1750 6560 2440 9693 5977 3085 6748 5150 2129 6381 2947 4120 6444 5452 2224 2534 1041 2195 3287 6679 3836 2776 3039 5872 8917 9908 8331 6145 9765 1692 8066 3709 2968 4955 5812 813 7425 5860 1292 7410 3834 3173 9294 119 5086 4826 6401 8984 1612 3932 3734 3009 1820 2672 3669 901 9971 829 4249 5855 7288 8037 4462 8606 6596 5301 7180 9461 1994 8161 9869 1062 3030 2655 2040 9037 6102 3290 1080 9464 6402 3782 3488 1805 646 5550 2785 6256 2742 9788 2130 1179 4823 1993 3356 7993 3189 6118 114 1075 5453 7029 4410 8921 9114 5828 7644 7420 1849 1919 8038 9267 475 4469 2213 9721 419 5578 7234 8749 3228 3380 3229 8185 5105 6058 2017 8599 2982 2176 2055 1056 4221 1406 4795 7551 863 7507 9597 5019 3115 793 1388 8368 3804 9128 3049 3887 7663 8652 7472 1534 9408 7511 8803 2516 4614 8455 1545 2221 8133 5420 8576 2544 9063
2109 6430 4310 4836 495 6585 8567 5413 1041 8281 2142 4883 6176 4694 8668 375 384 3601 471 1342 3571 6426 5104 7339 9003 8930 8410 1553 6719 1982 6622 6226 4776 2398 4102 6096 560 8693 416 7256 461 3327 4825 7682 5963 1943 9360 3111 7673 2746 5073 8489 882 4818 4068 2838 6825 955 5338 918 7679 1555 6322 5734 2368 50 9858 4328 1263 4242 8327 3018 1116 8404 2744 5470 4737 5136 987 8993 908 9664 2809 7578 6593 6979 407 4039 3591 2456 2596 4827 7285 9715 7696 3184 8193 9603 9914 3219 6249 5214 5518 5216 5121 8968 867 2792 5949 4722 3110 2868 870 7200 1570 8348 3853 484 3765 7945 8796 4988 344 1534 5487 6366 7007 4856 6532 4077 6055 3695 1826 7567 3773 6357 3790 7986 5661 1848 3200 5017 9598 5903 3846 6877 640 2820 391 7215 3596 6467 1969 4199 1852 2406 2514 1090 3558 4003 730 4969 9119 5918 5872 4996 8763 6535 8485 1676 7321 2569 5183 6668 7102 1009 4626 2152 2898 4922 3438 7809 5771 27 9420 1208 149 5217 9926 837 8747 9711 8490 5687 6694 1941 9757 9366 1920 8922
3408 3200 4460 4525 6633 8489 325 9752 4798 7481 273 60 7316 8008 737 8026 7171 1766 8913 6224 4616 3580 9086 6908 8940 5868 5233 6193 5766 5466 4974 2566 218 5974 4206 4909 458 8369 4131 4786 9863 7782 5570 4344 7537 9171 5046 8288 5199 2935 2024 7735 9896 6235 7436 4202 5703 2961 6870 6476 4629 6003 3453 9278 8824 8880 7771 2750 3722 913 3111 7116 7680 5803 3125 4337 3923 6046 9928 9890 7426 6187 6957 4217 7729 1080 4986 184 2716 464 7178 5380 2031 1342 3014 1353 5834 1975 2451 8035 381 8643 9784 8453 7471 2258 1314 8572 8867 5348 8383 1352 1029 99 4578 1116 7847 7678 6200 9380 8591 92 964 7998 2722 9280 8427 2625 3517 6581 8804 2843 272 5262 5440 128 3825 5485 6206 8189 9840 7344 2450 3230 8512 763 2865 5912 6506 8681 2241 9692 6701 4998 7809 5214 4961 143 5851 3604 4322 1897 7927 1805 6175 9339 1719 3232 8115 4515 8618 9743 1581 604 9409 7838 4461 9330 8509 6362 7244 2286 5763 1058 9353 8947 9482 8358 1311 4164 3239 1722 7640 3736 8141 9361 7359 4476 1349 6628
4741 4446 7965 4930 1954 2277 3207 8735 2190 5466 5635 7113 3933 4722 3214 2342 5315 584 4033 4886 681 9796 6732 4509 463 3034 8051 7873 3178 9488 7828 7107 5124 3473 5969 856 76 4801 2543 441 7401 6807 4632 1065 3621 6612 8315 5504 8099 8352 3163 7462 9709 8991 1409 5386 1501 7138 3974 1587 74 5198 8798 4695 3570 1725 2702 3904 5475 8852 3983 4804 6951 6069 1020 7550 2248 3960 4366 3831 4955 1995 9149 67 1584 5673 9577 5172 3952 5954 8837 1957 6685 8835 2354 2933 3082 8530 7858 1152 1362 9712 3392 7037 9012 2244 4754 6869 2332 7300 1838 5289 5745 5292 146 913 3772 1656 1388 4551 2133 1770 8780 8268 9830 9990 8251 8201 8119 4382 655 4950 7991 9776 695 7017 2975 4752 7266 8587 1547 8014 207 3815 8131 2000 3153 9447 956 240 2268 9997 1858 1319 3237 2780 8435 1698 3058 3287 2862 2165 5425 8770 246 1077 1239 9110 2805 8476 8570 9925 6143 6345 6276 4962 5609 2267 5192 9989 3446 6325 239 7470 8121 3985 4407 696 1815 4851 2625 4178 1121 2512 1591 9287 2695 290 2350 3727
9537 4207 1470 9390 8369 5894 1835 1983 2626 78 5506 8804 4606 7328 7389 284 4643 4987 6752 1641 464 8941 2429 4158 6193 7529 2515 7101 7417 4733 7136 5473 344 2740 7470 9223 6494 2819 6799 7322 8580 9042 7398 3501 1513 5858 8981 4496 9149 1169 4093 4085 5673 672 7681 2364 2050 4337 5686 3095 2048 4734 1934 7349 8224 9659 4 181 71 1892 5679 9488 8930 9616 3536 9576 1469 4585 6493 8021 4923 9449 1661 6501 6433 9924 2440 6978 6815 4146 8575 5031 8025 4129 6946 3160 4156 6590 3777 6769 3270 2335 2803 9975 7327 2584 8415 6770 8075 4211 676 6887 9868 3549 1992 5843 6955 6377 1026 7461 6006 9624 1948 4570 4467 9902 6807 5734 3574 2033 2708 3815 9233 4509 1565 5543 6463 3969 8685 3210 4238 320 7504 2474 229 550 1877 3653 1362 807 5901 5449 5108 7751 8483 3279 5552 9680 839 9556 5439 7093 9005 9739 4138 156 30 5027 8819 6632 5447 5505 3999 2730 9455 470 7750 3678 1403 7679 2761 8305 8591 1855 8020 118 7573 3788 9589 3892 8959 8863 7905 7935 1980 8225 4457 1880 8061 6990
8858 4293 4812 6864 9829 6686 5134 2989 3474 2268 1491 617 3987 5511 3207 229 949 8134 7909 7540 5734 3973 8290 6964 9993 4153 2581 4406 7399 8705 9646 7987 2064 1957 8186 7594 5022 5207 3509 324 7109 6228 5984 4383 6961 5585 8532 8962 3663 9783 5810 8901 761 5424 5466 7136 5872 6601 6996 3641 4143 4566 5660 8655 9564 4250 8344 6252 1220 9379 5948 1522 9474 2101 9623 7549 8951 843 9161 9193 2841 2831 4816 6070 7326 8185 2789 3146 7334 6597 7790 6144 2644 6911 5503 4795 5235 7958 2817 7595 9827 7083 1382 7243 9650 7193 9568 3456 5841 7751 8882 9536 9808 5851 5766 7628 8280 8949 1240 5409 3440 9017 7756 2886 8909 9180 418 8464 2446 6186 4314 5647 6232 5190 1880 8460 3240 8689 2815 7992 6075 1330 7558 2161 7720 25 1415 5696 1509 7051 7734 7253 7665 5939 8312 2597 1230 7394 4694 266 8615 7497 9266 3361 9688 9657 800 2686 8581 4239 5524 5630 4603 3319 8018 914 71 2291 1929 3737 5101 4536 1608 2410 3325 6827 2163 7323 3777 7168 9527 6591 8981 4895 5399 5425 264 9012 3745 3513
5334 3634 846 3879 7252 3177 6501 7149 8612 3406 6076 6452 1865 6751 7559 7283 2027 4615 1254 2947 2121 5970 7479 3149 2052 4656 8126 9814 4977 9453 1583 2686 8898 6677 2234 8557 9320 2966 3353 1586 7094 4519 296 2977 6173 2208 3711 572 8233 3585 5569 2018 1398 4384 2076 9899 3115 8801 914 388 4729 8646 6664 9818 4183 6950 3082 341 9055 530 6563 4849 4840 1623 4753 3882 1653 8805 120 7892 6228 6301 6821 3671 8512 3242 8609 9005 448 2826 1122 9135 4664 6538 4808 7975 4763 1897 399 7549 9268 3281 5871 2113 7558 2478 151 6742 4342 406 1156 2386 8406 4269 9893 4306 7552 3669 8909 9497 2856 5174 5373 896 3961 982 6904 2206 4108 6827 2480 9761 487 88 4237 6238 4316 5567 2415 7653 8638 8252 4817 1185 1633 2768 2628 397 7946 5516 7535 2040 7038 5628 5317 2005 8982 10 9713 8 103 6263 4357 2432 9282 502 2114 2356 4354 8031 3654 6883 1371 4740 1459 7286 6435 236 4880 3690 9744 8865 8224 368 8699 1147 9176 1529 3398 7664 1451 8874 1434 7245 9570 3376 2024 207 5633 9328
3713 3913 4241 9182 4076 6910 4753 7620 3916 8649 4803 7702 7653 2369 508 4661 5868 1443 4193 8703 4091 8936 2872 5736 7631 6736 9271 1420 3755 5583 2977 9911 4471 3555 5255 8043 5010 1637 5712 2388 1740 277 5483 2813 2437 7024 2138 1330 1606 6862 4274 7635 5942 6768 2919 1410 5740 6837 4233 763 9082 3912 9443 7306 6203 9998 2212 6655 332 9576 5923 5536 7303 1795 4370 8593 5912 2716 6681 5178 8317 656 5304 3320 6871 7491 4505 6813 8997 5774 88 7975 8501 4160 243 2225 9078 4706 1939 5807 8548 9841 8359 2326 4040 4049 7266 4136 5007 7236 84 8769 997 2661 2588 2068 5218 377 5647 280 9891 8441 6063 7767 9761 4225 2351 4081 914 4126 6992 8490 1340 9628 5608 3018 6776 1331 6411 8738 2147 4547 8483 7733 6503 483 4620 9003 4583 1337 5220 9987 9399 6033 3715 3516 7993 4928 7907 1985 6683 4781 2062 6409 9135 8402 8801 4652 2651 4573 3322 6474 1236 251 637 4072 7704 7256 6121 6261 8492 943 3373 1354 6849 1851 3261 3572 6884 9914 8879 9183 8881 8786 2626 4532 6457 9614 8387 6775
193 1426 1847 3338 2581 7744 8606 7618 3596 1403 1409 218 1467 8719 198 5437 1220 2710 7155 435 3424 5524 8968 5810 2232 1968 4337 9423 552 5217 4862 277 4766 9326 4796 3371 1034 9610 8464 5784 7393 3227 9604 9655 4535 141 1741 4365 3865 3045 5703 8461 1376 1765 9608 8861 2032 1640 9403 4522 7725 7374 1995 3981 33 3165 1897 3420 6318 1464 4311 4577 1811 477 5094 4260 9697 6205 8884 2470 4760 510 3547 6126 9555 4371 2674 4294 2948 9947 6615 7555 1091 3299 5319 4629 1496 7966 4567 3796 1731 6350 5119 4301 6562 3065 1733 5953 8871 47 386 8147 3663 3114 7017 7814 4718 8847 4811 5397 9160 7726 2172 3871 1854 6952 5706 2862 7004 5391 344 6477 4927 2385 6622 1162 4216 8424 3717 2402 8251 3033 8085 5963 6886 8800 9137 7288 9059 2757 2829 8551 3525 486 8311 1130 561 8434 1732 1148 6995 2174 3474 5606 2698 9537 7944 8934 2552 8497 4237 9259 3085 7770 3445 6359 8336 1171 7433 5294 4588 4631 1099 1711 313 7627 6813 8280 2280 2447 4322 7397 2433 7101 1147 2190 298 5601 8694 157
1334 353 9952 877 6008 3215 2237 6237 2790 1540 9497 6135 3023 321 6297 887 4023 1961 981 5378 8186 1183 5309 6872 1830 1967 9797 6627 5431 2669 541 2655 3320 6412 3077 9616 7531 6113 7390 9084 3056 8781 8163 745 2189 5758 2805 3566 7616 4251 6738 8415 758 4612 125 5175 3450 621 6789 3295 6371 6212 2749 4675 2630 3279 9547 6217 6760 4048 2002 7853 2238 1035 4666 9420 6409 8676 3988 3905 5370 9774 6189 2311 1555 1516 4254 1139 4036 4384 5355 7748 8070 4195 7847 3429 9793 7421 7934 1170 2886 2498 9467 2083 6785 4089 8874 4713 5094 4518 8777 8957 3248 690 8103 2648 9713 3287 7959 1211 9758 9365 2316 5566 889 3626 5713 6734 9209 3261 3113 2470 5018 9597 6299 490 7775 7714 4812 453 109 8351 3455 4632 6162 2667 938 8910 7574 2581 8002 7686 363 7967 9630 4752 2356 7633 5880 8609 2277 8304 7781 6523 6061 7705 1595 3583 9245 6122 600 5954 3927 1003 1011 9430 4424 7422 2732 3046 759 9417 2001 3048 362 3162 7754 6879 5444 5092 4915 5025 3204 9424 5615 6173 5487 1560 5527 3627
3645 4968 7538 7750 5696 3128 2519 8325 6639 1072 348 3964 6692 5562 9713 1310 3140 137 816 1129 4044 819 5537 9672 4445 6280 7288 7340 7025 4507 3980 3516 5557 5702 1937 3768 5570 8125 6311 6138 5454 1130 8849 2695 3410 6584 6986 7245 865 6413 5905 6673 4330 4090 1695 1770 1893 2495 3082 1643 2085 4411 3022 3546 9609 1940 8176 1191 1744 7054 3754 8349 1875 6068 9342 9908 7634 8708 5666 9083 6281 2086 9216 4898 1419 6521 4481 9141 4775 817 5934 5920 8699 2449 2206 5410 9864 6361 6220 9191 4857 4554 9661 1625 5658 664 1280 9095 3899 4584 3706 7870 1890 8094 7461 8024 1342 6795 127 2801 2383 5300 1678 141 22 8633 5543 8481 5694 3525 8774 2572 2808 5997 8425 6803 8546 7802 5381 610 1992 7861 8680 1217 6590 5795 8494 8117 7899 1137 2456 5820 8535 4982 4759 3993 5939 9931 8072 1821 6780 8108 4682 4267 1585 3591 5680 6304 2524 2329 6012 444 4922 6662 1510 3468 5078 5717 3963 1887 3686 1833 4398 599 9179 7239 2056 5164 8660 5187 9098 8307 205 7332 8613 9513 982 8206 5243 7989
3274 4396 1833 5235 407 8100 7107 9081 7515 8149 2384 935 3362 6942 6809 8192 8859 1547 1964 4249 5995 9659 2859 1714 3839 7324 1031 4320 6912 2757 1947 2620 4124 5790 5320 8552 7448 6438 6783 3346 111 6814 2196 8232 919 6538 6947 813 7565 8231 6121 4662 9074 3901 5024 7266 2537 5589 187 1735 4674 6692 6399 9521 231 3008 7162 3167 618 1241 2663 592 6402 3922 5859 6634 7905 783 3513 1986 9889 7239 2893 4972 7581 5055 6116 651 9701 4529 450 4568 7719 7683 4822 7335 3851 4942 3529 8817 9884 3228 3520 5600 3007 2357 1291 2745 4329 122 9634 2818 4849 6979 4468 7555 209 7375 5918 9933 8512 5381 1447 1800 6782 8548 8242 8941 5284 5691 9961 2954 7874 1933 5399 7881 5547 8524 2999 3945 6297 9754 9019 9815 1914 4167 2258 5932 7154 4755 5624 8250 7353 278 8689 5271 3268 5587 584 7990 8928 2861 1317 7591 3070 4862 9402 8842 9925 93 380 8456 6490 6468 828 9591 6350 4237 8377 7161 8369 8749 3368 5751 8058 5437 338 6786 7754 5739 433 2939 5848 3814 7283 4166 7460 4056 9281 7843
2277 9710 285 4842 5911 8865 2902 728 1966 6398 7262 5877 5607 9167 2997 6888 60 4473 4105 7104 7219 9409 4995 558 5690 7702 8600 466 3938 5229 4144 4366 327 6512 4647 9594 3297 7380 2468 6821 8356 8872 6516 3853 7091 4796 5035 2625 674 2678 5164 2036 2510 8491 7092 9601 6911 498 7593 5219 6129 5620 1583 7371 9258 9951 7485 6643 3661 5175 4856 3132 5108 3145 7531 7519 9901 7403 2906 9941 9470 7897 4917 6034 9467 3489 9296 2408 8724 5873 6401 1663 1498 9233 9910 613 9783 805 1692 745 3595 8269 1124 3416 8776 5558 3883 1136 1034 1267 48 6855 1607 2607 4247 8938 3422 7585 6807 1128 2622 6273 7057 1538 1293 4894 5596 6347 2375 264 4007 6543 3497 7708 7409 1715 1183 6715 9383 149 1817 950 7934 2576 5397 817 9317 3243 8092 1234 1595 4989 1749 4441 450 7114 5234 8155 3739 9706 1079 7345 4412 1203 2745 6875 7644 99 1735 7220 4207 6871 8438 2602 236 9565 4050 3011 4109 6310 4716 901 2650 715 9550 2024 4892 5993 2595 6629 6440 8932 4613 6336 9562 9649 7390 483 5567 7100
9335 6458 2140 8668 3763 1723 6383 2017 8066 3176 3162 5941 9698 9455 2652 7106 3603 3462 6433 2099 1796 6903 8874 2900 7913 8529 6337 1141 1826 948 5112 9139 5336 4703 5266 8591 4037 7376 43 9632 2542 8927 7390 7271 5875 2785 5723 2936 767 6016 9821 50 3239 5667 4045 5788 5044 2623 7859 9241 5103 5922 8466 3832 3037 5736 5359 5141 8386 9705 3062 5777 2224 2001 1235 3181 7173 5314 9070 4022 5350 1924 1509 8834 833 2922 3546 9773 9578 3254 7693 2164 3904 8759 710 2320 2959 1205 9136 928 9082 1640 7848 6421 4481 9305 2406 5902 2429 6340 5549 7454 4574 5855 6755 8231 5448 2485 5231 528 8426 1765 8053 753 8795 3571 9814 6443 114 542 5647 8015 8296 7556 4341 7074 9955 3472 4448 845 540 6044 4263 2543 3725 9266 5144 2787 5326 6688 6520 9847 4896 1980 400 3813 1805 113 5744 3771 135 1377 5015 3376 3490 875 4592 2282 495 9973 9906 8195 2587 4998 1747 1619 7013 7053 9120 4104 9087 5651 7221 5793 9055 1996 7231 3808 7801 740 6372 9204 7444 6559 7109 8011 9090 52 2842 9419
9475 2520 7125 8673 1605 3623 3330 6452 7169 9946 4093 98 7556 8179 9601 7530 3333 853 2790 3565 4836 7721 444 8924 6820 4170 9831 1903 4512 1986 3047 7589 6632 1460 7388 1499 4650 4614 1753 4266 782 1873 460 5748 6815 159 451 2531 9945 9295 8229 9683 1260 7060 6565 9756 1780 3910 1399 4486 7147 4306 2849 6864 5443 2312 8385 8738 3713 5479 5173 5872 2215 2622 6892 9892 4805 8871 2330 4812 2478 5455 9937 876 3228 6685 5950 6746 8852 1098 9196 2863 4085 1686 2555 5181 4284 7216 5620 2202 199 2518 7522 4921 5859 9799 8255 4522 1 1793 6333 5773 6856 7031 7318 5387 3421 3399 7766 6522 3281 1168 5308 4092 5300 5680 299 2682 4989 2368 7276 3717 4685 2670 7371 9877 2779 745 4214 1097 4391 987 6212 4774 14 4216 700 8143 6740 36 9856 1944 1377 8853 5903 1065 736 997 4227 3520 8765 3357 6096 7786 2552 773 8663 3590 4877 4586 7311 1773 296 8281 9368 8749 6533 6101 1790 1925 145 3230 6288 9702 2492 2676 6180 1119 24 2231 9453 6887 5881 5432 9499 7763 2114 7660 7549 4565
6075 5235 1856 7122 2549 4656 1707 1674 3221 1355 1497 3331 9541 7717 9529 92 7031 5602 4059 5131 2486 2151 3603 5584 7632 1384 744 7700 7900 8228 3162 8063 890 8740 1600 7903 2629 8790 1682 1633 6356 4495 8648 9855 5430 8180 2683 8078 2916 6859 9723 1611 716 3251 5407 7742 9570 6964 3891 8458 7542 9242 2023 8997 5624 9699 6375 5727 4264 9470 6800 6424 1004 6125 5317 5593 842 8261 1615 9929 748 6906 5397 9727 817 8220 4750 3062 7899 3423 1286 183 3978 6199 635 4319 3556 9910 9523 1283 5782 8357 2573 9899 6703 661 9165 2297 4643 9291 7307 851 1471 8492 793 2977 9761 4075 1955 2481 8147 4230 6212 3058 8693 5926 9794 2528 3821 2339 6313 8027 8036 1246 8123 8994 1216 4071 2749 4984 6648 6575 6055 9205 4364 9634 4267 3871 2421 43 1747 3741 8212 6338 8068 4901 8113 972 2470 5327 3608 9595 7005 756 5318 391 2718 6134 8534 2463 1713 483 4470 8607 2983 8570 5324 9207 3967 3379 13 7702 7503 1973 8915 1887 5972 663 8768 6049 389 3115 2382 2781 8639 6638 8560 7309 454 5223
13 3630 1156 1902 3926 2442 6813 4775 9038 8424 212 9160 4221 8930 9848 7751 8715 7494 4691 5698 945 8761 8370 924 7926 9002 5563 2725 5676 5312 7517 5129 8818 2059 7786 6771 3105 295 7695 9824 2508 3719 8507 8754 4756 7806 2801 597 7790 5977 602 1794 5350 9981 6368 8048 4799 4274 3413 9206 5097 5163 2069 5801 5517 1849 9443 3084 9467 8327 4456 7314 393 8256 3539 4209 1305 7350 3254 5743 7023 3118 2718 2062 2187 2392 6731 1038 5311 2712 3253 938 5147 5245 5806 9528 1222 8815 7658 2158 3145 2362 2679 4800 9079 5289 7079 2009 7704 3034 9385 4590 729 1602 3434 34 4465 524 7270 9127 5768 7064 9990 9585 4918 5670 6503 6268 7884 7332 6827 1996 5281 8667 7015 4706 7724 9071 6877 2078 9018 2387 2720 1665 5939 8145 555 6120 7241 9880 1399 8705 9479 5945 6954 1804 3365 8727 5112 7189 188 3917 9232 9943 3904 6809 5569 1534 6925 2557 9003 361 4601 3549 2224 51 6094 2395 1132 6666 8937 3455 869 3833 5892 2464 2446 6019 2272 530 6079 369 3013 8550 5222 5368 6408 108 9790 9257
7135 1151 8149 12 9083 4746 35 9521 7866 1149 8546 6267 3330 915 4960 7591 698 3003 779 1935 2630 9774 2677 5448 786 5549 5755 4892 1075 3221 7541 616 9273 7059 6230 5671 1552 3603 1763 6751 7326 8269 6213 4042 9688 9741 4224 3582 928 7383 1958 3068 2887 3791 4473 9194 7730 8131 3585 5336 3004 5584 3811 503 6686 5218 6413 4370 4622 4635 7058 1425 3795 3679 6691 9229 5786 3742 9196 7333 1876 9338 9167 8086 7514 972 8656 4446 9550 7113 5518 6905 6778 6970 8886 8826 722 8246 5775 922 8574 709 5823 1401 8559 8690 7704 3285 4844 596 3236 9567 8742 7389 767 4317 132 5277 9712 4977 9220 2569 6872 8325 5104 9028 653 6932 6422 7587 1492 5506 9287 4280 2473 5914 8355 9156 5266 6892 4355 2596 6516 8942 7717 5708 9218 2966 3120 2572 1273 3946 8730 9771 8276 9827 7167 4806 8139 1997 330 6002 894 4125 8223 5337 7809 7460 1684 7422 9227 6183 9997 3443 3502 6801 7408 1999 9940 9754 6647 7956 3298 7267 4970 5606 9451 1747 9927 7331 2273 5586 3414 4255 2432 9049 1488 6300 1783 2781
1432 5602 8438 5884 2496 4545 3102 4338 9167 6279 9148 5047 3525 5432 2155 7188 3834 9141 1433 400 307 3757 9415 7086 4067 7922 8240 5159 1307 5397 4099 1570 8230 7144 2561 6653 4958 6181 8587 1325 1824 7846 3312 2681 2847 9924 1116 8286 6035 7547 7625 2149 8379 2585 1889 9954 5168 4524 2267 4970 3799 1078 5822 4796 8317 4885 5661 1730 6491 7094 2479 2916 1231 469 1621 3110 2750 4161 9277 4458 5361 1238 4083 4746 8235 1148 1934 6025 9532 8879 3405 9238 7196 2246 4135 4431 5717 621 1470 8066 9677 5114 5236 1033 9751 432 3962 3747 1393 8340 5323 8781 2844 5516 5495 4660 5292 9931 4730 1404 1153 5945 5398 8904 3446 6103 4056 5102 7618 8542 5254 7467 3491 2174 8420 9457 8756 2803 8651 8635 1804 1809 5820 5193 4565 9139 1830 6655 4561 9933 4333 5156 6906 9776 473 827 607 4249 1816 9434 8318 9690 7537 9610 3403 9635 3444 6500 304 9356 3787 3460 3324 299 5345 4414 4088 8757 7608 520 6508 8723 4350 6785 8777 3638 8019 3996 7005 5135 6071 401 5112 5633 7288 3998 6608 8887 1817 4232
1265 1865 2849 7665 2354 849 4385 2979 1874 6066 4535 3225 3078 7240 1657 4109 7730 4462 2705 6228 2399 6927 8749 7334 3012 327 7932 4393 1391 6875 9064 9852 3539 791 5891 4248 5156 5044 7262 7297 5353 964 6575 8572 7444 1191 6547 4123 4951 705 2948 3024 7952 423 8890 4363 7346 630 2825 2422 7365 1862 8448 2037 8735 106 6769 84 1129 8847 7895 6734 2028 5518 3236 5898 7862 8281 162 5660 5070 2101 6038 86 732 2592 3641 558 7110 7448 397 4044 5622 2606 862 6808 7353 4244 5950 7547 5763 9642 5196 7111 2246 2273 1917 2534 5147 1827 385 6426 3124 8116 7897 6337 5780 1264 7067 973 9792 5442 8315 3420 9402 2801 7186 2369 2875 2504 1095 5589 4153 9003 6950 9187 447 4126 9359 6333 6574 3767 5568 3318 9635 1582 3986 7128 3875 4144 5786 73 8316 8225 1271 674 4098 4910 3840 6088 168 4469 6319 9353 7524 5325 6522 4082 8086 3845 92 9548 3841 886 2044 2342 3231 1887 8489 8909 5595 2962 245 4195 666 5686 9916 842 771 9861 6756 7668 6762 6477 8011 3722 9497 8961 5280 444
1032 8276 1343 1581 4373 546 4677 244 4582 4091 6488 6016 9645 4789 8033 4547 6035 870 405 7648 5917 4279 9198 8459 42 4651 5405 5841 9358 6720 9999 4569 1668 2114 3646 9761 1777 5495 7990 8079 5423 2268 3098 8462 4450 272 9031 6584 6974 9615 737 1788 8315 8612 4696 1476 198 3706 7858 4260 7966 2836 427 3281 7161 7520 1304 4319 1258 3443 5025 1215 6975 4413 2613 9668 5227 1146 5661 5060 9278 2586 17 4610 8540 8981 6502 3237 5888 5032 4829 93 9538 1011 7441 1975 6220 9179 7227 4426 5036 4035 7597 1030 8673 7598 5835 542 5471 2747 3083 6436 6331 2156 5316 8497 2506 5890 4635 8581 5846 3362 6093 9371 9143 4366 6939 1552 5126 6184 6318 9740 942 6127 2622 2878 2097 2017 7890 7915 7956 4821 1681 4537 8020 2124 1661 8507 521 4636 3379 7722 1235 3005 1905 101 7950 6012 432 7292 6534 6892 5878 7017 6083 1349 390 5622 7798 6163 5483 365 5581 926 9303 2627 6889 1470 1389 2457 606 2774 2727 7053 8944 8843 3874 4531 9211 875 4416 7021 5289 8853 1889 3277 7955 16 9812 6664
5261 6974 2178 3519 2516 6475 6163 8053 3147 6309 9093 6854 5984 8560 7581 6776 1453 2330 3368 7472 3395 7116 4012 9729 692 8287 6733 4985 1718 4766 158 4209 5649 5 9562 8824 5212 1690 317 7672 3723 2050 8913 2556 8542 1147 3029 9718 7879 7665 109 8932 3788 4158 762 4399 7962 6200 5712 2510 7666 4914 801 1661 1070 3303 5364 1539 5273 4592 4676 8016 5488 6946 7736 1026 2030 2876 5064 1047 2865 2244 425 6248 6191 2495 5640 6795 2685 7953 2983 8842 1639 5437 2059 2123 9433 9413 3376 5884 8396 107 9329 36 8412 6938 9324 6032 9039 7566 4750 3334 4214 9660 9385 8934 3391 7910 6515 8230 3037 8130 2873 656 5426 9246 1501 2809 3353 5446 5276 9000 297 1635 6231 4562 624 1771 9256 9523 1555 2097 4587 665 8643 6116 2372 5038 6208 4124 7511 657 224 1115 9381 9728 5894 6411 8860 8073 9184 3801 6581 5136 6769 7846 9212 8250 9074 5622 361 8945 6211 8532 3132 4283 967 8738 2269 466 3113 3051 5351 9123 899 2222 4792 5004 2950 382 9780 5579 3893 8333 7609 1218 3946 2816 6967 8571
8345 8573 3343 770 6157 2583 1525 1391 7976 6767 1582 5087 4831 5612 5692 9826 9801 9760 2888 6028 3172 9696 5585 6048 9209 7188 3073 4330 9994 6474 4704 5804 7608 9766 1697 7277 417 1175 817 1831 692 1626 6360 7319 2087 9918 1546 2226 7344 2128 6783 8413 5082 820 6239 6320 5252 7103 4935 4982 656 8772 8873 3835 3178 8505 6834 3293 688 2420 8863 5820 4432 9761 7693 7904 1045 6608 8126 7013 2786 6261 1953 6496 337 7048 842 1872 7564 8493 9216 795 6198 9455 8392 4247 1452 871 1119 1926 6852 9727 4435 4162 3314 1523 1788 4224 1014 7758 5 2901 8451 7546 2059 5469 9060 1740 3745 1029 9784 8131 1017 2159 5633 6527 9194 5162 4954 6214 6279 8387 236 2079 1499 6552 9235 2027 1814 9070 9762 2491 9780 8925 3520 660 7978 6370 5334 833 8662 687 7622 6987 7947 7520 7220 6728 4320 1972 7728 5960 6663 2212 116 5885 6540 1610 9536 7324 6098 9291 918 6800 35 6953 4689 3778 9489 1643 7989 9190 5956 7457 4715 8624 8230 6383 7757 5207 1025 571 627 9525 4504 5476 2667 4865 8870 9434
6356 6909 2212 8919 3507 7040 1226 4500 5066 2792 3866 824 4241 1439 7251 4374 56 6584 1679 9646 4299 9940 5982 1092 1078 3857 7614 7371 568 5022 1519 1378 4349 15 9719 4819 6790 816 5829 6445 4253 9064 9749 8871 3028 7055 3252 2619 3182 6507 1953 5292 7966 7548 458 6843 5306 5187 3791 701 3639 852 8690 3932 7737 7973 1155 3583 1961 3704 2960 539 5775 7157 3019 3838 6382 1748 953 3652 3275 3057 6302 7621 978 3693 140 9924 9158 1097 5089 3230 6986 1938 3266 9847 9432 6750 8756 838 1462 7689 7494 1170 5609 80 1820 6675 8633 236 875 9128 7052 8851 6998 9563 5764 4337 2397 7221 322 3818 345 4256 3465 5370 2490 3771 4671 6147 3364 401 3147 8451 6342 9688 5969 8676 6711 1487 7730 4359 8037 8465 3563 5931 6212 5472 2257 4990 7871 1388 2364 8768 8463 3960 2179 459 1641 7182 3060 703 3242 4604 4436 7763 2812 9903 8323 1729 9728 8036 3660 1687 8058 9300 2931 1292 1406 8798 2508 198 8418 7889 7822 6111 503 2914 9670 9542 4929 4969 7036 2020 7003 3567 5137 3709 6971 9919
8914 8722 6806 6866 4963 7446 9917 4763 7118 4976 9869 4284 7133 7002 7988 2400 841 5089 2449 6125 6950 8303 4918 1368 5553 408 5980 708 6472 3116 8820 7367 581 6664 5032 8760 9270 8105 4193 179 6405 1405 3212 9778 7337 6536 419 8800 1330 3089 9176 6750 7975 9984 6474 2719 2565 3113 4412 1739 6962 5921 7416 5865 8525 879 7553 3688 5355 9690 4791 1560 7469 348 7883 8232 4001 8270 6465 9509 5695 2242 2183 8891 8284 3686 5752 5938 9045 7736 2387 8425 715 79 6241 3938 5765 8361 3412 99 2271 1430 3253 6643 4197 9392 3902 2904 867 9935 1190 858 6718 4320 9994 4489 1465 1309 2254 9808 1382 2774 6658 6223 7511 2018 6619 8961 4396 4915 6967 9932 6789 5237 3092 3577 2371 1594 720 4090 5614 3310 332 1052 8237 8012 7643 5837 4076 8393 7067 89 4256 2684 4509 7502 8808 9749 8090 2167 2060 8289 7697 5125 5310 3612 427 7212 6331 6087 4486 7064 5688 8635 9065 3766 9886 5913 9004 864 5527 5569 7239 5975 6704 7099 3744 4246 4669 5763 8758 9667 4353 8447 6355 1323 9482 6051 1625 9577
3974 4720 6744 5260 9631 7593 1849 1235 3030 1971 7039 1741 2659 562 1526 305 7509 8516 3763 1572 1181 3742 737 1813 8381 5543 8494 8130 328 7947 1629 4877 597 9589 5923 3113 506 2635 5326 6537 1318 1565 7574 617 5619 3415 601 8795 3420 4612 8168 2792 9186 859 7617 7092 6231 2017 7915 7981 4887 8619 8335 4667 2254 5902 2278 1138 7274 125 3211 1067 6357 7027 4123 161 6072 8561 9841 5936 5536 4880 5005 5210 9549 3856 8129 5530 6071 3756 7965 8063 8624 2339 4040 1626 469 4976 5963 5180 5497 7618 1890 8107 9897 4827 515 5852 2196 7408 3547 4420 6252 2852 7283 3342 81 1938 8586 9882 2801 2396 7736 8488 9321 9086 695 143 9645 4814 8099 1478 9833 7524 535 1882 9695 4896 1829 5205 5538 4483 8757 956 3373 8938 52 2691 4217 1516 2290 8763 9772 4622 6183 1538 7930 0 3006 6735 2043 2754 6722 9627 8387 4352 9743 5375 1814 3179 7419 6367 5042 2869 8912 5213 3950 9484 1748 6273 3687 6651 8710 5282 5264 8837 5090 3348 8897 3187 5831 1361 8040 8186 9226 2926 2601 2068 2795 3587
5291 3271 3961 7094 624 4023 4794 6859 2240 3471 4289 2028 5525 6857 2637 9726 8543 8204 443 4927 5476 1573 776 3872 9750 3779 3193 9437 864 6418 4719 6736 1638 2884 5728 1586 3199 8246 2113 3663 6205 1968 7428 4374 166 4873 6188 339 5557 505 2627 1704 9797 9460 1302 9538 5833 5761 39 5065 8104 279 7460 8029 156 6858 7442 1595 6416 5116 2984 5892 9060 646 9663 6038 93 4353 9338 5505 820 5145 2231 254 7419 1157 3296 4002 3959 7491 6879 8277 963 1777 310 6310 6143 4268 1193 6157 1489 7443 6400 8292 2989 9903 8433 18 4230 8736 4918 2259 4703 9912 1643 6895 5101 958 7773 937 6938 1569 1570 6375 8251 6124 3036 5577 6542 119 9199 8079 238 588 1162 7307 3375 3331 2058 9577 3095 8876 7149 4717 7133 7893 7138 1897 6511 1269 1078 3967 5903 1873 1268 6280 2091 8030 4961 8734 5315 8514 8957 6081 6568 4965 7940 2812 6 6612 6238 421 9294 4232 8339 8670 8012 8534 4987 3573 4056 3247 8725 2098 1637 8086 3852 3713 6287 5705 1148 79 7132 3088 5262 4024 9599 8735 113 383
9046 8440 8647 2582 641 660 1892 7515 7130 8500 6744 5065 3112 5513 4247 5373 2016 2915 9593 4934 4098 9932 2688 9621 9383 6591 411 6287 713 6382 6873 4476 4948 1319 6175 2931 6417 4929 87 552 3316 5047 6685 1766 2505 915 6313 5559 5123 1606 4244 965 6395 9296 8850 7318 1203 9187 5469 2974 2885 5541 8696 7866 2502 6514 685 1933 4380 3990 1349 220 9176 2649 2352 6268 9488 759 7258 3106 6704 2998 8128 530 7683 3803 3444 9660 6645 9706 7521 5939 9749 3989 6551 8351 1296 5737 9818 5303 5904 1686 8378 940 6354 2424 1983 4462 7727 5076 5932 6135 864 1426 9953 3523 8989 4744 1785 3737 6538 5928 6929 3367 9934 2291 3366 5129 415 5493 8217 7881 4528 4633 8808 5648 2467 8458 5074 6329 2383 5118 7602 4871 1593 1821 6598 4025 9412 5838 4780 4646 1224 15 4837 8342 8086 8867 8947 3074 3049 3008 6143 9283 6427 2944 8840 9303 2457 436 6328 7585 3242 9729 7959 9059 856 3014 4952 525 3672 4430 4072 5086 3947 4881 9615 567 5342 3166 4801 5481 592 5383 31 1661 8337 4075 9494 9575
5057 132 2062 9230 7376 5136 9468 161 1309 3592 5735 5647 3101 8132 5175 6730 3276 8419 3244 4764 3254 2779 2000 1523 1141 6919 784 2731 1521 1538 3167 5038 8907 6446 9615 6006 6892 1140 2114 8915 4858 4609 9004 2202 1454 9834 7566 7449 5656 6318 5002 6046 8959 6131 7097 5479 6428 3181 2259 5150 6689 6411 1552 388 1281 9150 3242 5161 9509 7033 8176 6448 9218 9758 2638 4971 7196 838 2019 2755 6764 6534 2154 975 9849 9592 5568 3772 26 3089 507 2677 2233 304 7948 1671 1784 4371 6212 6029 7330 4260 3228 7940 3259 6790 1373 895 5715 9617 5609 637 6893 5945 3990 6788 1770 7150 9969 5786 527 8714 9732 7799 6230 2456 1070 6002 7686 3643 615 1253 4701 749 4675 5910 5934 1170 6166 5153 1090 2032 5178 1131 8904 2038 3987 2380 6149 3524 9226 8170 7639 7969 2506 1152 9739 1406 9355 7581 9475 3775 4434 8717 4133 3420 9856 3199 8693 8897 8431 862 7262 7751 5751 2471 3096 4121 5802 7358 8709 5721 8426 6858 7889 8379 1177 9780 8278 6215 430 2951 7886 3971 5556 6154 7535 8599 7542 2206
7581 7476 3301 6461 9642 3651 7035 5780 9726 6991 4507 7238 509 281 5511 8084 2697 6271 7329 7463 878 2087 7272 3767 4023 3242 3162 9035 9060 9101 5966 2826 5682 9165 3269 2806 9652 1666 5781 4524 8867 2380 4150 3050 1246 9095 7157 1577 8437 7679 8037 7023 8162 7228 2494 1535 6767 8943 7308 6628 1510 6726 2071 441 3772 8034 2615 2534 3602 1751 3919 3872 8198 82 9988 5019 5676 349 2020 5561 8166 6434 9998 3034 4422 9100 1161 950 7809 2246 728 1841 6068 2593 6901 2358 8517 1806 8012 6982 1290 361 9645 8059 2656 9406 462 4607 7402 7983 7735 6928 2002 9134 4419 4692 5540 7331 7066 4630 7840 1096 8849 5953 403 1308 6795 3385 9801 7114 5109 7825 9077 723 7837 6695 3221 2327 9667 3692 3900 2640 2575 467 8618 6775 7355 2302 9626 6827 7040 9791 9099 6363 9081 9936 5334 8194 876 2484 3520 8021 192 8167 1232 1867 907 1334 1634 2126 4534 6882 1126 2894 2191 6642 8738 2969 2314 7244 9325 1530 2756 9570 7936 2054 8819 1901 4165 5076 9372 7211 865 9671 2898 1397 4139 230 624 2471
9185 4959 3232 800 3216 3976 3221 7987 2594 7359 7168 50 1986 7963 7358 2363 8181 4113 1044 4817 1398 4597 5040 2164 2651 1048 4023 8902 6096 2695 2321 6511 5377 315 4422 4753 4095 4617 1070 9663 139 9337 4808 8188 7727 4169 9942 9803 2370 1788 7238 6169 3215 9178 1345 107 5682 4818 6203 6473 2913 9083 5192 2013 7607 7975 4976 4861 2671 7085 1515 6390 4378 3480 1607 8142 6851 7936 7714 1746 5568 7433 2486 8783 4700 9612 5259 3724 3208 5564 8227 4989 7284 7045 9455 1399 9402 6916 37 9570 3589 4988 2479 5169 1575 4487 6861 5951 6460 490 4709 2822 2129 4595 5437 8419 6905 7224 8948 6972 8935 4549 4561 2179 4677 9174 2139 2610 4183 7163 6046 2613 8591 2784 9672 3356 6207 5679 410 575 2847 2170 1460 2297 1268 381 1328 8485 3811 949 8664 3304 6522 8197 937 1039 806 2025 5225 466 9473 7833 3142 8658 4495 5273 945 9458 5807 5023 535 780 7186 6484 5733 9705 1809 8073 5537 8583 4372 4671 358 890 5365 2697 1924 256 1123 4146 9504 6683 1256 2763 8837 3988 839 478 7091 324
5970 3185 619 9620 9171 3231 1495 5853 1392 1281 8304 208 6144 8674 6819 9781 2230 5057 9293 9035 206 6541 4922 1066 5950 7155 3127 2125 882 2446 2209 4222 9925 3667 5012 3215 4671 5858 5403 654 7676 4782 8842 3492 4725 5146 6637 5880 1036 1898 910 6895 4702 4708 3517 4766 2011 3497 8736 4519 6009 447 3734 6723 8823 2260 9109 5531 5267 7636 2715 3851 8516 8161 3576 8065 2618 8095 6670 4333 2902 1756 9083 685 6526 2896 2947 7834 3440 5040 7664 7164 6344 9002 1753 4675 5064 2900 2153 5331 4939 2695 7821 1017 666 5294 7280 3332 6464 5196 6719 9617 4763 7610 7876 5110 3776 8393 7559 2989 9504 2176 5769 8059 3809 6846 9425 2847 7670 5973 7593 6247 3239 9914 847 4390 6598 8618 7928 4795 1258 7866 7095 5030 9649 8418 7600 9861 6364 5032 9252 2163 3346 3685 1439 6962 6413 309 1106 8017 2139 8110 8696 2452 1018 5471 7170 5153 244 9005 6161 296 8690 3643 9776 8226 5684 9921 4461 7515 1716 7016 5701 1543 6332 1377 9262 178 2092 2429 580 2351 6056 6128 1843 6824 3785 1603 4429 3860
2563 9099 2606 5567 3218 4169 525 3355 1992 7362 2159 9237 5234 4273 9902 8326 938 6434 6241 9527 7711 7935 3499 3429 7317 6088 4873 879 3135 5634 4929 9777 8121 6606 2120 1968 2119 7170 243 9297 3331 6756 2366 3172 3293 4292 1127 3942 553 7804 4485 7848 5758 329 2233 4555 3960 6987 1544 6227 2299 1461 7692 6703 7883 3814 5947 7844 6552 2832 734 6900 3803 3127 7222 9935 6779 2804 6292 4407 3317 9535 6123 2929 6497 8746 7631 3801 3524 3470 4182 2948 7729 4362 7246 5171 1768 1791 2229 5349 6463 5488 3889 6070 8446 7139 1393 1176 9226 2414 3651 3278 2266 3008 5826 6845 9717 17 4123 9656 7122 9771 9312 5357 4875 482 6887 1380 8760 4852 44 3767 266 9735 6451 7870 1391 1573 5474 6668 9827 8203 336 5847 7680 9085 5385 9324 2975 7373 4979 9859 1851 326 7832 8934 334 6244 3928 3332 1554 4242 1045 205 6833 2092 7526 9633 6684 6651 8198 6332 6474 8308 4511 2687 4499 5069 2001 572 9036 101 7463 7128 8580 554 2602 6361 5721 2670 2870 3198 8139 3033 5867 3710 6577 2873 7606 3760
6678 9860 8674 3927 545 1403 1209 9697 6005 8356 7008 4397 7320 2507 2219 9352 9442 1584 305 9015 1284 9820 6607 8943 5569 4839 9646 1118 2743 5408 1773 7820 3327 9568 6594 6520 1195 2469 9762 8113 205 8851 3817 2366 5190 5018 9139 6691 2276 3041 6297 429 4415 3747 6254 3961 3803 5145 8947 4775 2336 1138 8780 2900 9268 6102 4112 8854 8225 7994 8816 5761 6755 9586 3021 260 2937 6927 5465 5469 4675 2172 3671 1326 1483 5343 9672 5964 1484 141 1541 3837 8403 2682 2506 7421 7476 1562 4672 7771 8050 7707 740 7727 6777 5219 4265 3501 5050 2787 6681 4261 4295 7553 1288 9026 4104 435 3224 4996 3499 5447 9042 928 430 9220 5623 4127 873 6344 6110 2524 3848 1216 3304 9130 3474 5406 2170 4068 7581 5737 1512 4590 4034 4323 1995 3781 9512 7703 1534 223 5278 7564 4108 9648 721 6495 1154 5604 2895 5257 6729 4740 4280 5527 3169 903 389 2348 8763 1271 7397 2233 6573 5685 1827 7108 4561 4787 9961 3636 3270 5872 9739 7675 7092 7737 4792 3965 3009 2642 439 2430 2493 4998 3102 9199 4788 4759
1094 9963 5695 2298 1130 2817 3182 5782 39 4230 7901 4715 6695 3938 5821 7308 7345 5004 4367 5724 1545 5499 1176 3693 9422 8010 8096 1032 2256 9467 4081 2453 5387 3394 3728 7478 3621 3700 3029 1128 3214 9437 29 6215 9155 5971 7554 8549 6178 1489 6608 6197 2721 2224 5812 4091 468 4133 2138 2869 2867 3264 9519 3766 9942 4860 2930 5769 7623 9863 5531 4831 3683 1400 9264 9352 1891 6867 9824 8269 1716 6580 1748 228 1738 2213 2992 3469 3851 8080 4208 2261 3471 3454 1825 9961 6092 8553 5384 8993 8107 3852 2878 6084 134 383 5995 2790 3538 5165 7433 7550 9343 8681 9997 8953 6040 8868 7902 9520 8571 1811 2733 9849 8310 8588 3440 4604 3711 5849 1750 9838 5490 7966 6823 8551 5781 5241 2354 21 7803 4154 2973 2237 8235 8465 2838 4017 5150 5407 9431 1220 4966 1903 4485 2315 2759 4688 7051 3321 3208 621 8787 8970 7669 732 1764 7059 1733 8209 3619 4097 9284 5382 9390 4355 8106 9054 1002 8211 3222 7849 5030 9213 4465 6285 5267 7200 8769 2536 3922 8997 7313 1349 4377 3739 291 4243 317 9089
8044 6032 5134 3261 9796 8505 9590 9368 3400 7222 9087 4140 430 6354 1259 6913 5378 4862 7218 9881 6643 8938 8699 1102 3053 1049 8570 1691 1217 5243 6642 4133 6823 3229 6141 8515 7605 8114 2144 6363 4476 3783 6249 7091 66 8559 8878 595 8626 582 6203 6215 3833 6331 821 3793 4264 5837 8817 7700 4267 238 4438 1319 5010 7861 7333 2064 2229 4501 3824 3114 3951 2922 2035 2982 132 5465 2603 311 4958 8176 9851 2591 2693 2460 3679 6879 2120 1120 9487 4796 305 6149 6927 2599 1105 7461 6677 2189 2434 8840 8138 7387 1352 3463 9727 7191 230 6026 6325 2012 2544 7019 4351 3578 1910 2777 5800 1151 8337 2910 4417 484 5642 2493 2132 8745 1978 9293 3277 6620 8500 5579 9995 4028 2648 6389 9322 2524 982 6859 6090 3628 1992 6514 9527 6863 5296 1125 3491 4169 9684 716 9625 7424 9018 2826 1077 3012 4184 1703 8842 7741 1132 7105 7294 4802 9121 7398 4172 4085 6344 3244 8167 6634 5721 1822 231 824 8201 9892 9463 9560 5316 7162 983 1657 7966 1501 8911 9055 485 440 4369 5 5657 4519 251 6861
3659 8577 3033 2747 9483 3318 1213 3765 7550 1749 7446 2379 2475 3433 3403 9358 3113 6881 9458 3277 4348 6905 4694 8273 3335 2842 5636 1412 9295 608 8777 3361 7688 4377 6152 9063 6632 3846 6482 3600 5278 2426 8156 1542 3504 4320 2456 2201 7787 9743 1743 8637 1130 5230 1947 8171 3568 1623 2436 6171 288 2248 3461 7852 1844 3599 473 550 276 4630 963 3355 8879 3128 8907 7577 1393 8063 4992 9162 1991 9444 6056 8105 6662 7898 2720 9839 2701 8607 7085 8992 5715 741 7394 2694 4993 3960 3867 7317 2968 639 7627 1475 1793 8719 4867 8957 7659 5130 1783 697 6121 206 8518 9741 2140 4885 5384 1399 6872 6241 6407 3477 4676 1839 9595 1100 1178 5709 1932 6145 5449 3507 8728 8084 5827 8530 7359 4638 9382 8356 1870 8445 9221 5290 44 647 6039 6476 4791 4029 5181 6670 6310 7721 2830 8018 8921 4798 7643 8306 1788 4708 5494 9585 3085 2432 6965 2791 749 5806 7695 7991 9277 4181 5030 1619 3230 8674 8796 4593 3304 3992 7522 7307 4953 1893 8883 2334 6404 9076 9055 8220 8852 3484 8290 4964 4713 9505
2934 9671 8311 8082 8507 9204 5944 2599 1116 285 123 2259 8564 2893 2799 1444 5226 5024 5093 6407 5760 9102 6177 1380 7923 5044 1123 3899 3248 7384 6962 666 9554 6518 8744 7191 241 8857 9778 2082 8674 1072 9019 7642 5784 4338 1166 367 3860 5986 4269 9859 1014 518 8911 9066 3316 3893 4439 6135 9717 9187 4315 728 7254 2746 6961 5868 7678 8645 1825 4650 9283 5273 698 3202 6508 722 8445 1497 9716 4382 2439 2855 335 205 5996 2284 8605 9765 9666 4300 8709 9135 4630 3246 7781 3210 4920 5723 1436 6814 23 2095 1090 5446 1382 7526 8796 6876 7730 8330 9314 4123 8819 7314 843 9444 8339 2524 993 9690 9543 3698 8122 567 4188 920 9170 2686 8864 3385 5207 3792 9477 6792 4390 851 7856 3333 5522 6310 10004 7256 2349 706 1614 1502 3720 3755 1811 7429 3033 5030 3902 7656 3005 581 1409 7170 9413 9489 4410 6888 5348 821 3804 7095 9290 8887 3823 8327 4906 8502 5193 6571 3227 6549 7594 5305 4353 3192 8493 1976 9701 2356 4320 4739 6627 2118 1528 8566 2496 6551 7197 9057 99 7023 3568 3906
7675 4546 215 4320 5048 638 5414 8043 1547 100 2130 9462 5075 282 6031 649 8234 8665 8171 6160 60 63 4471 92 3718 4461 2077 4972 5717 2936 9583 6074 7124 8846 7267 5478 5346 1527 4070 4638 1967 6793 9504 6745 9025 6760 1044 4879 9167 8594 7254 3055 972 9164 4186 1626 9436 229 1541 1291 881 2210 3589 5050 241 9166 3789 5378 5182 4060 6623 3221 8049 356 1349 9382 941 307 6072 7521 5094 1514 1647 264 9604 6909 6492 4207 2461 8804 5597 6742 4617 1132 7425 4136 1544 5699 6509 5836 4332 2666 3136 9911 1008 2018 1673 5110 8345 1642 6260 224 7537 1918 1509 7643 891 225 2335 3794 9389 4555 3432 1190 5919 2867 8269 6721 3782 1764 2057 8942 8225 5448 1294 5289 7838 7215 5793 7864 2054 4534 2597 1822 551 7673 4943 6470 8574 1217 5563 3484 875 3401 2340 7805 8762 3927 8006 3888 737 773 3634 1121 4605 3514 4927 9646 8579 5228 4936 2856 5449 6099 7165 5711 4127 8334 8829 5638 3607 1477 3988 901 8247 1081 2538 8530 9951 3075 7009 6656 1674 9915 214 9522 3172 2765 8502 5502
4043 3208 3840 8479 3278 9959 9708 4493 3946 7452 1994 4651 2604 3650 6166 7090 3802 6015 2039 722 6968 8005 7304 1351 7199 7183 352 357 4368 3741 3113 7687 378 5203 3109 8481 2881 3704 5454 8324 9028 9382 9162 2797 364 7982 6866 8238 6085 8158 1951 8183 1992 5048 8859 7904 2335 2008 1872 8854 3893 2962 2636 7305 6156 9075 5056 7271 2898 5333 7325 2186 6567 2544 5553 3683 4619 8956 3660 4181 5836 2546 5156 7435 365 2780 8742 6111 2997 692 2916 1760 1065 3928 1018 8254 2909 8153 7947 8810 2620 474 6161 3079 4429 6643 7472 8031 2143 92 1932 6951 6376 5433 7489 9660 4014 3961 9478 113 2767 6319 1737 627 808 9911 9229 4508 5972 5571 110 8366 691 8118 9891 3192 7016 8484 7289 9332 9080 9067 6644 2270 9907 16 7011 4473 7916 9960 4506 6369 1819 4364 4535 5616 6188 2723 5046 9256 4152 6589 8184 6797 6924 6732 4816 4876 2973 5456 7927 2773 5128 2986 7879 2294 5143 5012 5998 410 8858 3099 459 4135 4960 6313 2928 9385 3563 8425 3990 8725 4482 1126 6830 5377 8598 4674 3042 6770
7904 9970 149 3256 1947 6605 2636 4933 4297 452 8156 9983 2572 7630 4317 6489 5648 7471 854 8415 3603 8120 7122 5085 4146 5408 5076 929 8538 4205 8707 5683 5527 6472 4019 5600 6992 869 434 1722 6236 830 3172 8614 9133 1178 4143 1000 9455 7310 7795 6589 5812 4938 8308 9832 7528 4550 5270 2448 2223 1854 48 8294 2604 1278 4307 8474 6902 8727 1713 3019 3960 2301 6385 6278 2500 1908 9343 9528 7830 4645 1423 542 298 8704 1275 9906 2846 3276 7984 4097 124 3215 5082 9745 9787 1450 186 915 1310 7962 8464 8887 9981 2969 3878 8571 2658 566 5541 3693 262 5843 3788 6422 3937 1863 3265 5164 3475 3507 7162 7152 9137 384 1640 2499 7110 7467 1648 911 2104 458 6965 1225 9824 9116 9556 2272 7138 1909 4141 1397 5703 1557 3964 1507 3882 7777 155 2065 3196 3850 4122 165 80 1942 2594 3263 5561 9730 7761 3331 2070 7207 3223 3494 4739 2778 6767 500 8635 9968 546 9511 6201 2774 7561 3003 7136 2306 389 5651 1872 6482 2034 4346 5736 10 5830 1365 2048 1567 1979 253 2626 6918 5551 1708
7059 5862 8302 4298 8539 2285 2836 8543 1491 333 35 9153 490 3895 3475 6789 9422 2132 8189 1711 6698 2468 1535 1606 2523 5628 4716 5622 5907 4373 8662 2887 3423 7104 1933 2659 8653 9677 6553 6233 9711 9811 9975 7442 4889 6306 224 6661 4809 2172 249 6702 1674 9039 3105 178 5785 8576 9951 2199 9900 7319 4287 5719 1663 6219 2483 3561 9732 639 9343 2803 83 9632 475 1869 5356 8673 5707 4045 3721 7993 589 9261 9073 6363 3920 3516 3654 6282 4988 1665 5822 6235 9314 3556 5721 1266 9971 8236 7392 4807 2569 6504 949 7850 3957 1175 3017 7639 809 5619 1499 8752 5036 2144 5807 4209 1188 5440 2006 3179 5503 4511 1283 1593 100 1254 2346 5738 2895 1835 2098 4931 7976 8967 7390 5204 8824 751 7125 2768 2027 4014 4871 9879 6484 4919 351 6469 2893 2232 8353 9185 4145 3885 5460 8043 671 2991 2793 2068 879 1731 2728 9967 9030 9895 3308 4914 6347 7096 3521 7665 5655 4360 6239 8520 1053 7220 8928 121 2089 1714 1099 8096 5161 2349 139 8523 5461 2841 2547 864 9712 4609 1844 5315 1801 8847
8996 1269 9011 3295 7130 1411 838 9505 5306 3223 1408 6437 3877 1680 2480 3792 3542 3132 4461 5840 7301 2492 1410 6040 7629 7433 6311 8874 5472 293 2607 3600 1626 3192 2558 8323 9772 7345 3765 3898 2515 1848 9160 8743 6458 4712 1048 7848 8993 6868 3383 9676 6387 3795 7950 8760 8087 6583 4917 5387 2155 3259 4269 3924 7361 589 3893 8511 2475 9788 4169 3760 9894 3142 2476 4586 6045 1633 6806 5683 3441 8170 5118 513 8972 6033 4015 4308 1186 469 7699 3545 7540 82 9466 8044 108 4305 6785 4848 4073 2802 9924 7194 8721 818 3468 7814 5735 3126 5652 4591 49 1006 6178 250 6139 2988 3024 5885 3372 6856 5765 7178 1890 823 7479 7187 5107 7700 8350 9416 7962 6378 578 1073 7889 5858 3728 6239 3152 491 3332 4789 774 2195 5326 9260 8907 3925 2159 2465 1766 5423 5016 746 7753 2833 8774 5308 2826 5160 2183 7708 6762 4410 953 1688 892 8793 6540 8449 4775 3553 5952 5083 2457 3354 422 2018 5436 7439 5120 116 2717 1779 7846 9390 3116 7637 5845 1305 1865 782 607 320 2251 4217 4239 9879
553 7025 3229 6210 9898 8341 2185 3297 2719 7375 3803 2348 5966 8297 912 809 6244 3149 2076 9923 8382 9057 157 5575 851 7914 1885 2805 311 5027 9559 580 6669 3846 8823 6578 6899 8226 10002 7711 7156 2243 1791 1450 4093 4825 9628 1894 6022 7188 5898 1781 3435 5347 6081 480 6505 6379 1369 5161 2974 1789 1847 341 9079 5797 6819 4092 20 7752 4021 9110 4647 4933 8204 4362 6467 3915 130 5931 234 5301 5205 4247 4277 8329 4567 799 8229 4403 3332 775 2986 9414 4345 4838 2044 6268 8392 7072 8910 4319 9999 3303 1528 8624 1048 3834 1198 4080 2402 5254 9531 6138 4176 3360 5224 5479 9900 7944 5937 9050 6550 2450 5733 9516 4112 6057 5244 1509 7392 5432 4219 9835 5836 4081 7207 7130 7404 3050 6717 4325 8808 4552 8780 103 6287 9624 2688 8525 5689 8243 1624 9582 1018 9789 4960 7848 4979 9080 595 8695 1965 6939 286 4986 2687 3720 3813 363 4712 7041 53 6205 5887 8968 2813 8730 21 2550 5897 6983 1559 7474 9169 7946 5540 2795 2296 6281 808 1439 1273 4203 3004 5841 8092 6580 6502 1971
9746 8764 3551 2607 9865 153 6641 9676 2645 2322 1392 5871 2409 9140 8971 7493 666 9884 1385 2257 9291 4015 566 9720 3918 4810 7874 90 4136 1565 6555 6733 1421 5118 6778 7499 9482 1126 8637 3743 4523 9805 2056 4158 7205 7799 9974 3534 978 7994 6291 9102 6507 6254 1436 7144 4897 5615 3190 9220 3098 7468 625 3012 4525 9408 5808 9911 1029 2874 1897 695 9131 5754 616 9802 7655 8537 3579 7056 2351 639 233 768 9651 2604 5457 4532 3015 8933 5029 9434 647 8652 5769 2642 7921 5771 2245 1666 1517 6076 6748 3447 3237 4894 1207 7569 5594 2355 9852 7737 2267 7306 2761 9317 8861 9314 4453 3686 827 2943 3211 48 2466 2829 5826 6338 4776 4616 6355 6405 6487 217 3944 9656 6615 4830 3904 7589 1624 9854 7340 6019 3052 6592 4392 784 6475 2599 1446 5159 3643 4359 2331 4609 2741 3280 1362 1819 6171 2901 1541 1312 1737 2434 9181 5836 4353 3522 3360 5496 1794 6130 6036 4681 8463 8261 8330 9644 8997 2332 9414 4617 1153 8281 4360 7136 6485 614 192 3903 2784 9755 1974 421 3478 2087 3008 5319
8071 3700 5738 1475 2089 294 1353 6292 1583 665 2762 1798 3019 5822 4815 9568 1752 2143 9589 2587 1511 4950 7788 4837 5201 2996 5384 1695 8454 2727 3742 7408 211 2818 689 8005 6794 2006 1759 5757 2707 7712 9916 2723 4536 9911 8719 5163 532 4145 2465 5714 6239 7100 1307 5416 5350 8444 4712 4996 8664 1070 7429 1046 2186 6057 3199 113 2257 6974 6304 9208 3163 7259 4770 3490 7395 7795 8451 8326 8121 3782 9475 5202 7801 7260 9575 5366 5268 4707 985 9291 1698 2855 8355 7368 8151 7834 5713 1434 5224 3434 8504 2809 7479 1128 5923 9784 8911 7079 472 6048 9989 3243 1386 4745 3449 523 928 5595 4843 4010 4245 2629 3181 3686 8517 5232 1846 3498 5807 2789 1442 3636 8435 1495 8126 7793 8848 4574 2368 9958 4393 3272 633 9114 1808 1034 4568 3559 8709 7148 1786 5401 3324 318 6596 1281 570 6609 3704 4944 8979 3588 7956 1510 145 5912 6964 8289 455 4419 8118 9381 3847 1576 7058 9644 6680 4621 8049 8067 4494 8241 9983 4434 137 7500 1963 5291 5145 4105 398 723 1256 529 9744 6844 2088 5496
7292 9458 9808 375 6520 2588 2544 1271 8790 2308 8089 6362 3930 6346 7106 6351 1110 5724 482 291 3180 5116 1086 481 5493 1304 7243 4174 7947 4528 7727 8170 5294 5781 4178 7153 2025 9226 5825 5451 9641 8507 3445 7552 7883 7225 7747 4200 2786 3269 2460 7938 1311 850 7299 3065 2926 5500 4918 361 9299 6345 2301 4475 3237 8812 7948 9333 9603 6043 2206 8322 5143 730 1098 8106 7991 5801 208 4645 9520 7508 6610 4737 1265 9981 1059 837 4876 8698 556 5616 1906 7830 2735 8389 6854 6338 8694 1350 8119 407 168 2578 4529 2525 39 3167 2693 6719 8118 5609 8299 4705 7617 9991 9081 9590 3620 7839 5952 5259 7725 8567 1542 28 347 2071 95 2058 7679 7691 5309 7807 2297 5269 5740 7313 286 9176 5743 1714 5914 2795 6486 9337 8809 3540 3705 5977 5300 4590 5427 4398 3511 4458 1608 6941 4079 1787 6434 9652 1320 4067 4169 3936 5155 8355 3596 2596 956 6272 1781 7625 8403 4075 2581 8937 8153 3665 3910 309 9614 8863 2828 4939 1196 8667 1706 7502 7801 3488 4020 8495 5827 5054 3386 4253 7276 2627
4767 2571 8176 1357 8987 5489 9359 1696 6741 1005 8810 5599 7538 7916 2932 1563 8124 1672 1498 6016 9823 9662 6596 4770 6979 3797 4983 9730 3105 2247 2441 3960 7652 5301 6649 9260 6337 1143 1431 4305 4215 2066 3345 4642 2366 3837 7050 4714 8088 8818 4011 2532 907 8249 1877 5837 323 4089 7063 7137 2455 1181 3895 5544 3445 4806 9840 1284 8467 8639 4518 6966 1374 609 7360 3221 9242 9910 7403 9696 9854 8512 4710 8882 1314 2512 4877 750 4389 7555 9545 4803 5432 5663 4841 7896 6902 4071 629 3390 713 6730 8192 8188 8982 1478 9986 2324 2167 8314 3985 7693 2166 3509 2109 9820 5254 968 1144 6236 6181 2088 8985 5886 5607 5950 2910 5930 6880 8438 9392 149 8607 863 6976 9396 9362 6104 2362 4631 9553 3215 426 8661 151 8210 4615 2722 3220 4437 8034 9530 2777 7313 7547 1126 9809 2434 346 4527 176 8251 1480 9589 6076 7920 2138 9067 9623 9334 1655 9876 4145 5954 2116 3427 8379 6093 9549 4009 2929 7162 2496 8053 755 8400 6928 8917 9377 8130 481 2747 3261 1302 4894 2379 6260 1417 7084 7972
7476 5426 2064 8959 6257 2226 6823 9959 7897 6917 1307 4115 7119 1238 2801 7766 7903 5726 2556 1360 8605 6477 8591 9256 2341 9013 5545 3460 2042 3319 5013 8992 4710 4092 6681 8125 1687 8741 9502 3545 180 2667 4344 6694 541 6061 1104 9386 6557 2718 9231 2300 2141 8685 604 8566 9215 5476 2146 2689 9984 7938 3782 8174 6971 595 5349 2338 4605 9924 9841 1299 5703 2118 8247 7491 7452 183 7075 9972 313 1284 3677 3999 124 3776 9365 5722 3350 3863 7106 8822 8434 5396 8019 2714 18 4803 642 1023 447 4706 4886 9184 6626 4032 8584 5642 9223 3888 7147 5687 5294 8252 1495 6825 9562 1642 2663 5138 9197 9049 8406 947 5526 2228 6426 3704 3643 741 6389 6045 4280 9391 561 2091 8603 6874 4839 3503 8517 3931 3615 6299 3896 5559 681 8292 3562 1809 4538 8213 4233 3710 2452 1990 3634 7531 9519 5174 2051 6536 1883 9863 6939 6947 5359 353 3351 8668 8982 6695 5346 7937 8984 6298 9098 3683 2808 1373 1021 844 954 9140 5353 1544 2102 1416 7496 1456 9563 6447 4539 3011 6109 1583 9371 4531 4599 1108
1728 421 4682 4465 2508 5703 6940 6567 5555 6297 9115 127 2999 3306 7412 2938 404 3053 2594 8646 8164 3771 169 4669 2042 8141 3333 7056 3555 3017 9740 1152 4680 4862 8763 9957 3109 1485 3625 9136 962 2367 8674 2606 6264 655 8268 3141 5140 3615 1114 2216 3623 9533 7217 6621 4843 7531 4334 3494 115 5381 808 2915 9973 9940 1480 9621 9763 1590 7800 5976 7788 8358 5290 3861 2318 3390 745 410 1862 3843 5891 9650 9010 5959 6159 6487 1421 6322 9156 6999 9866 6162 888 7049 9948 9899 4615 2754 6907 8114 3689 6439 942 6337 1175 5118 7982 9877 8982 1510 3666 6001 7829 5223 2150 6717 5801 7501 282 7256 3883 7958 4634 3986 2523 7729 5059 4683 9270 4384 3576 3852 9108 6520 9881 8188 9014 5165 3656 7986 9083 6479 3009 1321 6158 1682 9552 8449 2237 4458 8901 2578 1815 8169 7782 9549 4041 6616 832 8158 4962 8927 7424 556 2902 7550 5566 9117 9737 6751 9059 1236 8020 2334 214 740 6406 2489 4471 1317 6952 4185 8053 787 2080 598 4572 6286 6295 9512 6382 7253 9482 2330 1008 3243 4907 4834
5513 1887 1144 3528 633 9895 2669 6029 9538 8488 6766 8345 127 259 4078 1535 967 3638 8819 6108 8867 6587 8852 4561 726 6445 7018 8358 2550 4633 6448 1419 3979 6176 5376 4064 4314 4724 3395 2016 555 5364 6446 1816 227 423 1545 8989 2384 7563 5249 4256 6230 4664 5298 9540 8091 511 4091 3958 5341 6008 8703 9120 1398 3144 6808 8 8870 988 4473 8187 1469 4061 9913 9103 9776 1273 2939 2469 5701 4597 3587 3932 495 7267 3963 9352 5381 8075 3687 4096 7969 4714 5380 3270 1811 6223 1050 2173 4415 9693 2738 7343 8891 1823 3841 3548 6670 7387 157 4311 316 7774 8397 9819 7748 3551 1071 3008 3783 5054 7939 662 9142 7038 4388 42 2121 4730 2204 3265 7807 6850 1678 7606 1717 4868 4832 1971 4484 1000 2091 678 5966 7033 377 669 2749 156 9513 8447 9901 1478 7278 6783 9974 1998 4128 1617 4704 7365 4524 3067 7082 5661 2530 8603 8956 3931 5697 5391 6090 2433 2840 7110 103 5023 9089 2548 5030 2696 5673 148 1094 3446 6903 6168 6964 9070 1316 9414 3081 4303 1904 2773 5399 4502 7434 5838
2225 3453 9870 1981 1852 2441 605 4799 2871 5313 912 8905 8404 2779 3561 8446 4449 2297 9175 4844 8949 9677 5267 36 2665 6176 4729 6759 4084 9704 4911 653 5278 2856 3287 2793 782 4689 4692 9100 4721 8347 9090 6706 9601 339 7565 4205 696 1746 3468 1889 100 9975 6156 8699 9267 6596 1415 4126 1367 3647 1382 5673 9508 3789 3216 1876 7684 5601 3786 8815 6255 4058 4858 6170 5920 5510 6839 8218 9679 4870 3788 8418 0 9811 8689 1245 7850 2671 4985 5978 4004 5570 4936 694 2143 9723 6143 6276 4893 4226 1531 1114 8836 7090 3426 219 1364 9246 5761 2047 8765 6173 321 1131 458 8961 7295 7765 4533 5637 6647 6302 9739 2967 6271 882 4853 2159 6547 6138 2265 5520 4854 6964 8423 4011 9184 8061 5819 541 7496 2891 1343 8411 6393 6686 3564 2847 70 5923 9918 2460 1837 415 2486 6683 9163 7226 6451 5180 2295 9572 1092 3196 5846 185 8113 5504 8030 6969 2427 3384 8556 2628 8517 5366 5402 8263 5750 9234 8143 9556 4268 3201 9857 9565 7485 71 721 1787 333 8756 2956 3451 260 8236 6106 8617
3450 4020 952 9530 7987 9059 6414 6079 7531 9512 1553 5312 4672 1621 1821 2149 7090 1984 4818 2661 5528 1824 6557 2711 5610 5561 277 8423 2569 3776 9358 2101 6611 1999 6844 780 3644 5539 4644 7179 9335 1663 3491 885 7819 2379 1463 3163 5951 2918 9552 3620 296 9655 8192 3391 721 345 4932 46 9245 9521 4770 2182 5543 3850 4676 827 9325 3648 4745 2141 8678 6990 1820 7351 5214 4111 7906 120 4563 8247 7484 3831 3444 5211 9710 2278 6501 3820 624 4589 3086 6225 8571 3212 1228 4779 5399 2413 4721 6905 3682 8003 5883 6409 2068 8158 133 6986 2614 9854 3715 6456 7749 6267 234 1948 1957 5174 2044 2915 5144 7999 6677 8912 569 496 9983 3126 8292 3555 8195 7799 6349 3971 5675 7669 2133 259 1989 8829 2034 4900 6398 9255 7536 3516 926 4684 9246 4319 6646 55 2455 6391 5641 4411 8398 2528 6911 2491 9252 3128 7895 7307 3941 1623 1424 5901 2836 5815 9900 4591 2689 9977 4317 7043 6310 6709 2560 559 2481 1230 4382 9151 8166 8552 1980 5612 5164 4029 4169 6400 8858 1281 9269 4757 9766 1169
3721 257 7385 3464 6240 5589 9725 9303 3007 1888 8859 1078 9532 2582 1191 2112 4423 1008 3413 1353 9983 8125 6679 3507 2708 6201 8327 6610 2193 3355 2859 1245 1400 5657 6234 6780 8476 2051 1521 6656 3069 9595 5087 9302 8209 12 979 4166 6991 1617 7614 3039 5543 8849 3063 779 3838 2050 6723 4780 5196 2676 2546 8337 4625 939 2099 2000 6641 1043 1469 6971 5587 115 5551 7261 8064 3777 9155 2364 4436 3431 7787 3723 9867 1130 9217 64 664 1648 6464 1153 9655 3184 1778 673 4865 3334 2024 1877 6039 456 2908 6529 3261 1504 5027 1198 5726 7548 6133 1811 9133 6731 3192 190 5674 7863 8651 2338 9597 4690 3047 3955 3843 6061 6096 4152 9770 5374 7371 6243 9997 5346 2922 3750 9511 1747 1823 6751 9229 7689 3162 6145 9436 1624 1221 6164 661 7247 836 7534 8912 5568 8890 9935 7646 6694 5533 827 4317 2035 4697 6661 7080 8968 4459 3869 900 4837 8892 9538 1391 2440 9364 5909 6247 9203 2843 4421 1405 9668 5607 6152 3043 4749 6346 4562 8441 3995 5910 1045 1072 716 1333 3946 626 9191 5225 1923
5717 8729 1260 7824 5780 1227 9371 3914 1369 1198 117 9552 3010 687 6484 1581 9151 7556 8943 8816 9008 917 857 2760 277 7813 2960 605 2747 7861 3439 590 721 9742 5323 6882 2634 5274 1598 773 9427 2805 6355 2170 7315 1743 7015 1251 4607 8910 356 7142 1059 2691 8970 8460 9625 3530 7544 1318 6318 4511 7952 386 1187 7304 8930 6393 4634 8554 973 9755 7746 1249 5004 5158 4610 3311 5984 761 1802 307 1858 9205 6844 170 4035 2368 8040 2932 6163 254 7375 9847 9498 3722 9460 1258 8221 2028 5481 5540 8839 9446 4037 1971 1785 8685 9994 5336 9305 7008 7644 1482 3785 1958 9369 4311 7624 5452 6293 4470 1080 3526 8338 3821 4819 6856 7795 6533 6865 1005 3403 7736 3234 6258 6414 5469 7922 6341 4949 1065 1500 212 5705 1104 8769 3327 2808 756 7798 934 2486 4631 4146 5352 6129 7003 3633 2109 4413 7391 6671 9493 9718 80 1886 3647 9337 656 7634 3467 5039 3214 221 8922 7981 9640 5556 5663 9441 26 2598 2413 4111 7296 511 1392 1636 3237 659 2035 9095 8665 3957 7844 1810 8726 6859 2196
2989 4550 9912 6297 8374 1373 5102 410 1121 5089 7994 6754 2719 8110 3742 181 1546 5786 4734 3409 1236 7279 3580 2317 7851 115 4640 2054 5018 7077 3649 3631 7204 3457 1715 7264 1554 4198 9735 6407 6553 7593 1293 968 435 1162 1954 4854 9610 6202 2214 3279 7027 3567 9901 3477 7752 4756 9049 2480 513 5693 8184 9067 8914 4260 7435 2635 4770 6270 8730 756 2489 3730 2563 9055 1289 1762 2938 9670 4299 4697 5750 1873 5922 7759 8370 2167 7605 8918 3466 4932 4134 2425 6427 2583 5085 8788 9257 1220 448 3585 6328 7224 9494 9214 4752 9843 4983 9021 8038 8027 5207 4585 7968 1908 3978 3370 3974 4164 6477 2665 8822 2508 4962 8186 8670 2659 6 1259 7717 6700 3431 6876 8523 6821 4430 3711 1331 3432 1674 392 4694 1342 6252 2296 7016 747 9279 6860 1692 6826 8441 3084 703 8006 4372 5217 2600 6714 652 3119 8766 3617 9983 7214 1472 461 6008 695 9594 9378 2219 7290 6400 2939 4468 6175 2570 2662 4414 6887 1336 7443 1047 9771 9268 4040 1070 202 2381 5154 95 8610 4562 7530 8795 2864 4345 5573
621 5970 9939 7642 8278 2116 4419 2592 10003 4945 8258 6086 6927 5104 1714 4160 8972 4455 5453 7490 8429 7167 7499 1639 4037 8370 3868 6892 7048 6103 8556 6975 5583 1699 2134 846 6339 1738 9403 3961 3442 1390 8432 1568 3120 5265 4780 5986 6763 7637 4267 2743 5047 8025 7305 120 345 714 2520 4281 9971 1290 8268 4101 5673 3848 855 9556 8615 267 6190 6297 68 660 3232 3047 4745 7930 1145 2026 2270 3871 1293 2669 9729 9299 4591 8478 2444 9360 7493 2830 2788 1118 2382 1653 1258 4613 4111 3688 2594 9606 8697 4004 9917 2002 7034 8882 2306 6732 8787 6153 8638 705 9310 7411 9100 9068 5413 5423 3438 2184 928 69 5465 5108 920 1657 464 2110 5610 1343 2751 3459 3019 296 5437 659 8434 1171 6872 1011 8611 1061 8693 4798 2413 503 9379 8725 8453 2403 2488 626 9981 9312 7014 2845 4814 9244 498 5368 9352 9081 7836 9797 5808 2068 3940 2607 2022 3064 6374 9801 5014 9572 5439 262 2179 6924 696 6093 534 8229 6839 2558 6745 1203 520 1001 589 2315 9949 5657 7024 860 3560 7988 9646 757
6665 5794 3565 710 2032 9804 8140 8213 8733 5583 417 5154 514 910 2360 4738 3034 1040 6576 8450 6720 9887 6675 3809 2311 9461 1173 5193 7783 4025 9470 4390 2063 8654 6254 2318 3068 4298 311 6181 1798 6218 9464 5581 814 1402 4768 7086 7285 2808 5873 2894 8816 4118 6020 8739 4392 1666 2399 2000 6149 8150 6228 7479 4327 9565 543 157 6729 3097 3545 4680 4540 2309 9858 7428 9447 3952 8950 7540 7229 3917 887 1922 1618 1920 2015 8175 6269 4344 1187 2414 4026 4268 6266 9943 5566 8795 3283 6652 3371 9198 8347 2148 6792 5602 1649 770 129 2280 604 3059 1081 3441 5310 9576 3363 779 3346 9157 1475 5288 3936 2119 7545 1233 3290 259 6496 4316 6745 9928 3540 669 5167 2937 5284 4730 4622 6046 3578 3133 6406 2167 8024 1218 1264 2140 8380 601 8658 5460 9822 4567 1953 468 34 6127 2510 4984 4238 2214 3698 9334 1365 7109 7723 5928 6987 1919 7217 6299 8396 7432 8653 1449 442 5195 7386 7777 5216 8221 7145 577 3415 464 828 8630 1011 7329 4081 8361 9376 3035 5845 8452 6323 3632 2421 7640
7128 4350 5398 7517 2186 4651 688 1794 2407 5814 4997 2056 435 6983 8115 3567 5715 9638 6465 861 2478 6731 8102 1144 1341 7268 6581 7856 9947 167 139 5697 3204 2718 9126 8027 1021 739 6681 8020 7414 7621 1556 9622 9641 866 6489 6104 7474 5718 4039 2086 4487 3221 4347 990 1889 8567 3908 3072 8906 1662 8595 8357 5565 9392 5261 9694 5356 5847 3450 3922 293 5149 1905 5391 3903 9068 9533 2290 4021 5659 740 1479 9896 5287 4533 4097 580 3218 9946 5369 8270 7824 6292 177 8161 4443 1948 1859 4515 7670 6840 1476 5488 9666 907 3354 2964 323 9201 8150 1623 1326 5242 8462 9740 6232 2080 5678 1972 7102 9511 6657 2777 2418 8634 5619 8680 6495 4913 8723 2963 5525 7325 270 4711 8792 4277 4878 660 7352 9921 5328 1398 957 3436 6701 4050 4906 5109 9845 400 8927 2497 7963 3718 759 2711 5512 4902 5903 2341 8908 1265 2340 4103 9396 4467 7191 6855 3502 3607 7782 4622 1441 7432 4048 5303 1357 4092 6576 3845 567 795 5572 2999 8386 4812 3754 3620 198 8996 3811 7316 7060 7841 7921 2048 2023
1602 7968 5199 9464 8453 3993 8687 7579 7363 204 5275 4385 924 2453 4160 555 647 2399 4872 9328 5428 9039 7756 7253 2025 9062 8194 366 3139 8087 6595 2547 5515 6780 849 2330 3558 9975 2086 1957 2546 710 4904 2976 5418 1017 9010 8509 2884 3666 8551 4554 2402 9280 4949 9054 9782 5372 141 2770 6281 4834 6864 4189 9809 5016 758 5383 2961 3392 2898 887 4794 4797 9205 4826 8452 9195 6811 9706 444 7670 4310 801 1851 3573 1994 205 73 6261 8804 9372 6701 1520 4231 1472 3752 1487 5778 9613 3894 3321 1981 7789 5706 3891 8920 6360 4163 4963 6275 6025 5615 6944 8323 9784 4975 3893 8523 105 9916 8794 1350 7955 2776 5090 6083 4109 5675 5041 799 2248 9828 6248 6381 4998 4331 1636 1219 8941 7195 3531 324 1469 9351 5866 2152 8870 6278 426 1236 563 9066 7400 7870 4638 5742 6752 6407 9844 3072 6376 987 4958 2264 6652 6243 2370 5625 4959 7069 8528 4116 9289 8166 5924 646 7601 2996 1448 8516 6498 6791 3669 2952 175 6028 16 2565 1942 520 2591 6788 9268 7331 6556 5285 2400 9677 1197
8573 4447 2884 7926 7789 9966 3129 4325 7087 9215 7101 6436 3344 6679 140 2225 3643 2366 672 6700 975 1593 9011 7567 3998 6951 6190 2140 5505 3018 1341 8998 5144 9631 4581 6306 9135 2967 6461 3385 3544 7007 5081 7126 6477 209 3539 2996 5708 7754 1903 7518 8721 5090 336 3347 1080 5768 5851 4386 9989 3567 7445 8201 8240 5502 8617 5720 5372 4401 2008 1686 5561 1909 6327 9970 2335 1822 8586 6870 7258 289 7673 2971 5667 882 5043 4662 5238 979 799 6508 9066 1653 7108 43 6469 1797 8545 10005 391 7440 4190 8867 6130 4043 3022 547 6495 6643 7286 4738 159 3457 9266 1981 2042 4944 9303 9647 1405 6301 5124 3594 7089 8818 846 2182 7175 1754 2070 9393 1789 126 5004 7400 2123 3876 1147 7479 1452 1975 3233 3695 2051 8161 6173 511 3634 9156 3802 5829 8753 8745 326 5332 2334 7024 6710 8997 339 7755 6708 9394 6594 2002 2877 4312 4664 4841 4731 6552 332 4141 3583 4269 8196 4229 6129 9245 1146 2674 9583 4102 6321 1154 1086 4577 7100 1631 1468 8806 3228 9691 2678 8789 1599 7820 8816 1243
3678 9901 493 6679 9619 6435 8018 9013 6642 1953 7072 6661 3185 2688 6276 4555 932 4597 2602 3333 3331 3728 9983 4230 399 5324 3394 6233 8087 320 5995 5295 4147 1864 9728 9816 2355 7331 281 8733 2180 7044 2212 692 2202 2677 3456 3933 4315 8544 4672 2725 3935 3918 2289 418 6556 9017 5848 9457 8571 4316 3342 6548 598 847 6459 3254 4002 5629 7897 8014 9807 9145 454 9417 6504 9332 8366 9984 9035 2275 3197 306 8774 9052 3904 5068 4175 6313 2214 295 5954 8430 7287 9015 6245 5705 2818 485 8267 4618 3437 2701 8699 8929 3302 4481 5614 5871 9895 1684 5430 2367 4949 2779 3223 5152 7515 3785 3672 1085 9251 9434 8133 1196 2228 7523 2197 8673 4083 4561 9748 5846 9854 4819 8570 9518 1466 8675 3686 8313 5494 9677 4929 6749 5731 7664 9233 3000 4386 9461 7777 1813 4841 4203 755 4707 781 9553 9529 4286 9297 303 4366 3424 278 4325 6559 3418 1469 3076 9314 1932 6237 7293 7824 7494 2950 4304 5724 4050 6108 7882 5988 1681 1022 6746 1323 2036 5607 2257 6770 6566 7032 4594 8201 7712 9712 2985
1043 3249 5666 1224 2345 4984 6510 3809 4583 1049 2058 6915 8476 3831 216 2293 5299 9028 4336 5047 9015 1913 673 6645 2029 7668 4107 5472 9712 8660 7335 5162 1198 7506 6243 1770 4041 8566 5980 8944 996 7575 7557 1123 7383 5641 1183 5480 8124 3654 326 472 1512 5219 4894 4361 5088 5880 8780 3529 121 6140 7205 946 7493 3820 7403 1671 8682 2968 6406 4439 9619 2103 2986 2833 8186 1354 6561 8696 189 2649 4682 6415 7656 6489 2974 5215 5688 6864 3589 8225 8623 9676 5799 9848 1678 2289 6093 1524 2837 7392 8858 8060 6351 346 6509 9011 2707 3176 5146 4374 7511 247 1143 3413 3133 8678 3762 8909 2940 1957 1946 9133 8511 1887 5834 7904 7296 7900 8090 396 6591 2741 6434 8888 2105 2589 6585 3932 5185 1636 619 7357 795 2442 740 8356 7637 5257 7358 5600 4318 8620 5268 171 6222 935 4673 3198 779 5618 745 2360 7010 4629 1925 8298 9143 6526 633 4578 7045 2685 7543 3902 1133 5398 4387 9934 4621 3513 3297 6145 1209 319 6865 8394 94 6496 6588 8340 806 5262 1362 4973 3690 3187 7966 4996
7853 3256 120 2182 3162 8772 5964 2960 8841 7278 2313 2176 4353 7523 8719 1474 3602 1488 823 7738 1066 4534 6619 8037 6760 5066 1087 5369 5987 3398 1954 8392 1338 577 6534 9899 7412 5735 3385 9538 4018 8975 693 3522 7361 848 7779 7938 1394 9475 1513 864 4603 7933 7390 95 2141 6297 1905 3108 9484 4730 7741 5474 155 238 8780 4376 7961 1832 2588 2627 9896 3004 107 9766 8795 6402 6080 9955 6303 714 4357 6729 6216 2973 1257 1645 4683 2060 7365 54 5276 9437 9056 9632 5373 5193 895 3453 6047 1495 4437 856 6191 2932 4392 4785 1827 8584 3254 517 8437 7416 4941 882 1030 1673 9132 4553 7851 3653 6375 6436 9338 3690 4034 5799 688 9518 7988 1476 3205 5240 6576 1562 6148 6464 3780 6183 4520 9398 1787 6517 8270 5541 1866 5846 6369 7627 8089 6445 2548 560 4905 8028 3543 8196 216 3140 3132 4720 9726 6728 1411 1097 3384 4733 2142 1095 3781 981 6396 7271 8706 9058 9235 9125 939 4726 8535 7977 8663 2583 8623 516 3632 5540 7068 3970 8496 708 5548 5480 8971 1487 6025 5862 3193 7622
6868 3086 3288 3219 1905 2552 9217 2135 6932 389 3268 7189 4413 5064 928 1350 7646 8765 1794 9575 1121 8071 9462 8541 6230 9645 7240 9300 670 2528 3974 7146 7945 4452 2326 4043 8460 7298 7794 9408 9253 4996 4419 3873 2177 8602 9132 3997 7584 1058 5566 1351 2444 634 9674 6487 3662 9036 3039 7614 5110 1804 7590 9874 6815 8603 3930 5873 5457 7977 8107 2316 6028 9714 8554 8653 4012 9610 9184 3682 5066 531 5102 3392 2589 6876 1498 8289 6217 7222 2866 6930 786 9523 1436 582 9989 9005 4189 9500 998 7469 8875 9980 5788 7319 8629 8776 4614 190 7745 4124 7392 9149 5626 9455 4927 3105 4520 8842 1520 3922 7461 456 4979 2790 2002 8315 1056 5963 7606 6698 6810 4592 4557 6501 883 5279 3282 4410 656 5307 7731 6903 1142 8906 8830 3902 1424 2964 7491 4508 1217 9029 9432 4489 9992 3406 9817 3119 1741 5085 1763 718 3007 3959 5120 9826 6336 8618 5956 3992 3573 1685 6194 6784 9753 5816 1761 1115 9262 8213 1289 4744 4406 1450 7810 6232 9248 985 5046 4501 7610 5904 4307 6091 2212 6658 4743 9608
2198 5785 9266 3767 9559 645 8842 7875 4688 1863 7237 1240 5815 3311 5 5791 8075 5016 6804 2131 4074 3658 6178 6308 517 4229 7915 6755 6854 2213 7811 7385 1883 3267 8739 3303 1593 790 5077 9706 6490 4418 5423 1067 5131 8994 7724 9644 8790 8190 7206 2390 7701 9206 5670 7076 8181 3989 5520 6830 6977 2815 8398 5946 2325 5593 7350 3827 7656 3128 1306 2721 7043 9728 2123 5662 8664 3180 991 203 6516 9264 4164 5807 4899 5011 2793 2758 4702 9091 3480 1483 2611 8864 3508 5932 5104 9350 7107 7031 2103 9632 1165 5692 2709 9425 7230 7633 2690 8193 1607 8018 1320 9949 3286 9971 8926 1208 2160 3321 8027 4537 6819 4157 2193 1774 9893 4395 4985 7954 4017 9969 9323 7463 6414 9497 2945 2607 9658 6011 4433 7449 9193 3247 2702 5811 4105 2508 4292 413 4859 2944 7809 7782 8138 7521 4908 8228 9670 3629 6931 1939 2158 3718 4275 8791 2988 9082 263 4613 1740 6635 653 7254 2869 7686 7180 7551 8960 4466 5902 1052 3105 868 9608 5929 696 3722 3481 6288 4487 6737 420 8473 6069 2927 6180 5911 4269 9982
9824 3139 4184 1895 943 9789 5083 8573 6291 8953 910 1329 3217 8715 8125 5156 9093 3141 3787 5647 6696 3613 158 496 3452 7099 8677 5661 3917 9863 401 7299 9005 595 8818 2690 8251 159 5301 5328 4972 5589 8202 4882 3440 9481 6179 1164 945 9392 8835 4319 115 4028 2840 8497 1363 6475 2450 5856 234 5424 5930 5559 4150 8644 7208 2051 10005 2235 3502 7181 2407 9388 9629 6822 8623 6373 2683 4637 7041 176 6930 7199 8841 3128 1364 1273 4326 3729 7153 7965 6895 9143 3223 7524 9374 2401 572 8380 9577 7137 1134 6900 3147 2596 6896 3941 5099 5397 6286 4942 1537 1957 8650 6017 3300 7250 3721 8741 2964 3897 3826 2909 9811 716 9817 9532 1059 6777 2545 2009 8335 3499 2773 6786 5762 8886 9206 5728 5628 5464 7997 543 9133 5208 8778 623 3260 5183 8737 3758 6400 2327 5254 9654 6863 5488 3233 5539 8120 1145 9720 3769 9220 2949 1871 5707 4793 6096 2629 5349 5807 4957 3563 76 6766 9732 1387 1711 7446 4843 6178 6366 9076 1512 1916 1778 9157 444 3767 9617 9204 6125 1876 9718 4166 5468 7203 8047
1888 7357 7520 182 5760 9304 6310 199 7389 1168 172 7745 551 7566 1058 1993 1525 4360 7008 1744 5920 7565 6260 117 3652 7448 4467 779 2336 8492 7380 7958 3302 6874 8329 4711 2380 9765 9868 4433 7528 8601 754 2295 1620 513 5102 9826 2763 8792 7872 359 5650 1118 90 4008 6831 1854 4099 3778 2451 675 2966 3521 8434 8886 9227 6584 5852 1049 8783 4655 3489 4779 8896 7242 5330 4596 190 4172 4298 9308 5516 7703 8888 8830 329 1598 4880 3858 6585 650 2925 6656 1567 6030 5744 2473 6315 4210 6762 540 4746 436 5376 5472 6430 6400 2348 6110 9878 2448 6274 7345 9902 7691 1263 6332 5839 8633 4409 2285 3605 1767 6358 678 7374 9149 2053 9629 6843 9479 6597 8275 5423 1146 4539 6501 7317 5453 5198 777 2733 4740 1627 4127 8227 4944 1161 6565 4620 5433 9168 3285 5245 6458 842 4841 6596 3470 3547 3273 7627 3960 6352 1869 6125 1897 567 4390 1053 7989 2152 4988 2434 9053 1095 9659 888 5717 2829 5698 1597 75 1982 8712 3738 384 5691 7990 6957 6864 307 5965 3636 617 4472 4790 1709 7864
5916 7849 9418 3185 4571 9646 7962 1998 5026 4388 940 4892 966 9738 9714 4471 9482 488 4551 3609 463 4510 6744 3603 1654 3261 9499 2117 6422 7478 8009 7679 3135 4489 5909 4235 6293 8067 6173 1866 1207 6931 1508 2221 5792 2442 6955 6751 7217 4779 8386 7897 9897 3170 2545 1520 9846 8290 6939 9927 7222 8790 7759 7269 4464 5868 7370 9433 5211 2690 7762 1670 85 9494 8113 7049 8106 3435 4981 8317 6583 537 9835 5470 6317 3303 1162 853 7151 7873 4654 8181 3558 5583 8904 5144 979 2154 4081 6841 9366 3500 7089 166 8426 9964 4881 8153 9116 3090 8418 1545 9887 5155 3799 2776 698 2894 7296 4108 6485 9983 6113 3769 8731 4460 6662 9873 7934 7556 2533 3902 7348 3793 3967 9456 5649 5810 8876 695 8493 1668 482 5742 2360 3218 3024 1505 7820 164 8823 6212 9135 4322 4034 1160 1250 3399 2120 823 3099 1628 8422 751 7384 6654 1454 2933 4558 7223 3588 9635 5142 1376 8409 8335 3010 4284 1570 9928 2020 659 5632 4181 7005 6833 947 8506 4091 4856 8112 2244 6230 5562 8069 5776 5618 6960 755 6590
5304 7337 9070 304 9144 5629 7870 8343 9519 6244 873 1271 2324 8454 2496 4333 4944 8748 4179 5492 40 1506 708 9006 3001 9164 1659 5362 5831 7801 7029 159 2902 3798 6068 5788 1326 6417 1557 5595 4612 4601 1781 1159 4542 8489 552 9951 548 738 3051 9246 5396 9089 1536 4760 5244 9240 6587 7840 4291 3274 5 3450 5097 3395 1004 285 7912 6 8255 6973 1268 7923 2826 8877 3590 7328 5853 3434 8273 3400 5015 9665 7284 4580 946 1791 9181 3288 7233 9700 5340 191 6557 3788 8053 7042 2582 7276 6168 5952 8800 3864 2974 9520 1042 2749 9151 9243 988 3461 7917 4017 7628 6345 5842 614 7651 6783 8962 1728 6676 5184 1136 4104 5369 9445 919 2147 8564 675 546 1135 9306 3493 1565 4007 9613 7599 7098 1473 2255 7140 3143 991 7869 3538 7643 8371 3961 8737 1359 4870 3423 5453 2778 8398 3605 9354 3972 1550 1981 1487 9483 3383 3386 7794 3415 7041 7784 5400 8295 9040 6259 2899 9397 440 2162 583 8801 8669 4850 7393 7961 5290 109 2820 61 2341 76 4367 8202 2483 1910 570 6378 4295 2480 7509
3012 4046 8944 7370 9592 8833 4386 1496 4762 6916 9648 7724 9372 2468 1953 9114 3646 8288 7495 9797 3165 8700 5769 2163 7457 7333 1926 9470 3029 5675 808 1232 7131 1995 777 2382 9017 7890 6442 3667 9123 6863 5158 8366 2019 6020 7378 8004 3827 7384 6813 5076 4629 8299 308 412 9789 4753 3699 2771 6853 7143 9620 3275 6879 1982 8361 8015 6647 8006 3430 1129 2559 8907 9711 222 7476 8565 7549 9085 4399 3919 9136 9286 9532 729 1903 9032 9916 4561 1783 2831 4950 9626 2084 8128 9234 9847 3247 2430 9496 7875 4416 5548 1000 3148 7071 3898 8301 9918 4164 5535 8584 8781 4701 4014 5289 7380 7607 7579 3130 637 151 6559 5460 8461 8179 4114 5453 4847 5054 8996 7055 7074 8306 3922 3537 4907 3151 1472 9526 1920 654 1780 8430 9329 6000 1341 505 6339 9102 6028 5790 2998 6825 2694 7127 2789 3280 883 1355 7733 2582 9345 2824 1336 6501 6966 9730 1454 3092 8180 8919 7329 2720 1966 1530 8020 651 7379 2802 5703 5257 3725 7617 5594 1876 9388 9299 1948 5103 4273 8916 2921 7099 8347 787 397 7763 6634
1492 8203 1997 3027 8719 9648 364 1950 7353 603 9547 5402 2607 2026 2274 3081 8007 875 5590 5317 4469 2678 2943 5379 2169 8913 1160 4056 9606 8701 3214 6624 208 2895 4900 2184 932 9286 2172 3314 6788 7682 342 6317 6109 7369 7434 9542 1391 3234 2654 7707 383 3182 2969 218 910 3646 928 73 4675 1815 9133 7525 6489 1988 9817 1842 8777 8142 9102 8675 8375 7883 5475 3127 8883 7115 7818 3367 1271 7040 7695 2765 684 8479 7253 439 2073 7955 1190 8108 5844 4933 637 2798 9144 338 7111 8612 5870 9779 9385 7538 8912 6362 2180 1726 1782 673 5659 6631 3822 6020 18 582 8712 6034 7246 6832 8955 2830 2792 328 9096 9866 7126 631 3989 7895 3093 5625 3373 80 8289 4940 4251 5923 4262 8743 4884 5360 937 3290 1545 2686 1355 373 5167 4223 1474 1769 8257 1285 4261 3938 3008 7487 4025 749 580 9109 2282 1493 3001 3873 900 5631 2182 1329 5534 6426 9490 1706 5752 3181 8171 8349 3037 6734 8394 9115 1091 2742 246 5359 6139 1414 3672 5774 8821 9415 1583 5150 2594 9610 7907 711 8123 7870
2667 1599 3450 1282 1329 7010 5119 5220 182 9532 4852 3181 9647 7042 8774 5210 2167 779 6108 4040 4251 7399 2955 4473 3360 9140 2608 8307 2843 6691 3395 7196 8226 3911 4840 5563 7149 2545 5802 4739 594 7806 7225 7473 8280 3199 6074 782 509 9668 7877 8142 571 7368 4105 6359 9255 4798 3893 8413 1816 5407 8094 92 7383 6131 4478 7371 8513 1980 2874 5541 1509 1301 2561 2626 4734 6590 8433 7853 2899 5582 8381 8168 5417 6109 8845 6127 5272 9874 7014 4325 2717 1681 7187 5009 7041 3969 3334 4294 3867 3567 3075 667 8326 4075 2307 3010 8566 6470 2232 2887 7964 5883 3671 2445 5638 7272 3147 6389 3300 1036 125 5836 7997 4336 5537 2303 3804 1062 4971 4577 2730 4104 1554 7379 6925 6981 5872 851 1823 9021 1212 5217 5781 3904 1226 2438 2024 4147 8029 7991 5527 4288 5058 2318 5830 9188 3087 8292 817 8572 5279 3481 132 9450 1115 9461 3935 76 552 6136 8489 6744 7885 6554 5572 359 9422 6673 6968 3449 6484 9460 9137 8207 2679 9224 5948 5779 4301 7481 6692 8200 9072 6099 823 7381 6528 726
8441 4729 1043 2203 2104 6745 1147 1573 7075 5691 219 5655 7365 8168 3881 9259 2468 4540 3535 7891 3827 9971 1234 9321 168 768 1752 6568 1257 9759 3288 1882 777 4969 3438 2128 1981 6143 560 3012 6633 3365 1608 5131 1302 5830 7652 6237 1915 9237 6835 3296 294 5778 7967 8755 2442 9701 4794 3151 4059 3947 6165 6200 4256 9874 5478 7475 6347 94 5450 3026 3854 9615 1851 1927 6855 9333 7793 3266 6249 9540 1728 1325 6268 765 7351 940 7638 9016 5672 8994 32 7750 6798 5637 931 4421 2139 4801 6765 7184 9072 4563 3973 1004 4941 8996 9642 1495 2544 9468 6013 6351 9307 2947 4525 1509 9772 5711 6256 3147 4853 6450 4666 8545 4099 6014 1149 1176 820 1437 4050 730 9295 5329 2027 7019 6800 5240 4683 167 5970 9883 8695 4345 7218 2323 8305 1704 6089 1272 1778 1407 10005 4492 3056 7906 5853 8090 9357 3029 8262 5236 5477 2670 4471 2221 8538 485 2889 6031 2778 3047 4689 8983 7219 7128 174 9584 3001 3813 2743 4991 9078 3372 5222 8256 6427 4228 5425 2985 6989 2748 9002 8451 2744 9796 947 1245
2595 4482 5175 2709 1867 8892 399 80 8363 332 8376 2755 2743 5125 2627 8137 5165 4694 3121 141 1258 4691 8720 4520 7639 3948 1097 1625 6894 6729 4457 5134 5844 5007 6036 6923 5976 8826 3493 6355 8647 4000 782 9114 6367 6265 6498 5279 2079 6838 7838 9478 4162 8653 2809 2031 6359 7853 1497 2281 6769 6524 118 820 1571 7606 5495 9238 1767 8728 2932 2633 6946 6414 1939 4607 5380 7048 6181 3158 7807 621 6048 4541 8474 3316 6465 6826 213 6980 9672 5681 2338 458 3379 8970 4930 6310 2569 9643 6434 7976 2099 2868 5330 6966 2444 9438 2095 3662 7833 5467 4789 9281 8242 9340 1534 9947 6132 7881 5946 4774 7255 116 1217 7826 1853 1664 4156 9844 1560 4786 4873 2614 5714 791 2324 3237 7136 8727 8134 757 9073 9502 9405 3642 1796 7975 7301 992 7457 47 9910 8473 8518 4589 8953 3301 4439 8707 2097 3265 1578 1213 8620 4356 165 6501 9687 7707 457 8581 7094 7057 9398 28 8678 2850 8903 3219 702 4980 6392 6306 3363 2139 4935 314 1942 9015 1001 667 6924 774 695 1366 3267 1181 4965 4366
8760 9051 6326 1857 3334 5356 4269 4888 7104 7536 1840 1705 3485 400 7349 3935 1138 954 7457 2511 3606 1399 4184 6750 7756 8205 4138 5874 1516 5977 6088 9072 7161 1225 8702 550 7595 5139 2312 8083 8341 7163 828 2447 6303 1419 214 4242 5244 6487 4923 5160 3147 7451 3702 2357 4154 2698 1511 1966 6715 9700 2587 8534 3877 2644 2223 732 1489 6333 5471 6459 474 2667 2661 3852 2603 5358 3872 8640 2850 1360 6922 3635 646 8553 5109 8267 1838 2102 9740 4654 3518 8860 9215 3793 9311 4751 9281 699 3036 4467 5613 8293 6684 843 4473 4422 9542 3929 2329 9712 205 1025 8374 5616 2694 2305 4469 5216 2038 2430 4674 9555 6352 6703 2075 89 4037 905 2173 650 7759 2606 9766 9500 2259 3593 8983 9817 4380 7872 5193 1600 9317 3560 523 7951 4522 9706 1396 9783 1122 4130 7462 6522 2979 771 8758 9448 2574 6111 9510 274 2339 7727 8958 9776 7515 1005 2337 8124 5206 4023 3684 5930 407 956 7060 6263 9359 5230 9266 8680 4917 6351 1898 199 2216 7125 8371 1208 7073 8686 3726 7600 9150 1685 7455 2908
7714 6737 5535 3964 587 5456 4635 2488 3370 8419 1889 7191 5479 5073 5608 4484 7444 290 9372 7855 3766 9869 4267 5487 3485 602 7482 2754 604 7085 6506 6357 909 1581 8287 8077 9734 6047 2402 427 7195 4685 2570 7107 2139 7601 4150 3694 4147 9293 8526 5667 7783 8051 4888 7306 7669 659 1171 9616 9456 1188 1238 1320 5057 8784 4489 1448 9670 8744 2422 6464 4687 2173 852 7892 1425 9232 5624 1308 7439 6286 9999 8483 9199 7171 9449 7581 8120 6202 6659 1004 7741 6381 6152 6577 7274 4014 669 9193 8362 8200 329 6634 963 869 9521 3296 3094 3163 4477 3830 7172 4247 9457 5993 3114 9200 1969 1318 5454 5032 8743 7624 4588 6814 5261 8318 6927 7848 152 6744 9149 7089 5712 3854 2408 9243 8444 1930 4056 2339 7929 9091 8595 6981 7136 1386 1963 2509 4205 7787 7257 2385 8805 5324 816 5031 3938 5748 6715 9902 2720 7353 3343 8775 1272 4578 8799 6515 9574 7786 2452 509 925 8412 8282 4066 354 6675 7835 7736 2370 6779 7205 2700 1316 5851 1280 2990 3793 9513 4884 8100 165 9167 3516 9459 5596 6866
