400
60
838964826
728866598
85969799
962560181
936831681
609656799
616064967
573057582
526730282
519030932
141810289
942954013
857558766
695136328
341576239
691179090
853097929
689966003
907461956
879642010
104596595
693149719
899330862
201866664
160158629
284094685
613040967
57064604
753876376
836888777
272413691
427406102
945433403
841500569
243456624
895106564
677850774
431993118
80383003
289692531
25239455
214933754
689489122
937439271
537135397
223779972
200041346
934809149
724817626
355122557
177077254
950288353
92843211
592457786
948709194
991792633
639086538
500621953
960801576
747648937
2601 8184 5732 2111 5379 7136 3613 7442 2914 1092 2507 6829 9514 1909 5448 8450 2966 777 9996 6302 9050 3950 5593 4685 4797 2579 2544 4488 8877 3266 1269 2397 8650 3294 5718 4890 9136 6893 6817 1889 9418 951 5478 2495 9211 7016 7419 2476 7979 1393 7804 1106 9735 3072 9757 8712 994 1946 3107 7813 4323 6605 3943 1979 1560 9679 4181 4771 7740 3803 9755 9109 7249 6200 9283 2731 2393 9444 5797 4219 7235 8979 3033 2488 5597 3891 2294 4078 199 4645 2730 7595 7568 7924 7307 4694 8014 9456 3415 6717 1725 1944 3504 4061 8577 2774 8868 49 4399 1526 6421 439 7040 2655 7472 6966 7337 8746 4252 5688 838 2891 654 9394 5715 482 3508 3267 6074 4273 6523 206 8259 5855 2713 5966 5697 4055 9768 1525 1616 8570 9167 5743 4931 6001 3753 9673 5372 3522 488 2317 4516 3319 5759 1755 5996 9749 293 6000 8955 7797 7499 6610 7954 1352 932 4246 6879 9596 5646 9175 4155 9932 8999 9070 9987 3085 2173 3079 3364 1830 6119 344 880 4561 9397 116 6110 7134 4010 3690 7168 7268 7432 4899 2346 3763 7688 4118 2266 9636 7713 4159 9138 6496 562 7642 3242 6033 7408 9663 7357 4776 1744 3176 9127 3676 9947 1018 7189 8103 6800 260 7547 7089 7939 9333 2813 6130 3164 1502 1178 5450 8053 6718 6530 3820 1377 973 1111 3739 2445 9129 3279 3692 6771 1013 3178 8730 7428 5693 4849 2264 26 3961 8413 5307 1414 8639 474 5096 8273 3076 8963 6209 2493 9608 3264 1666 8652 2897 9470 636 2960 1968 8747 9057 7564 8718 9810 3195 352 9299 9562 2388 5433 6424 4847 2661 6281 8215 4582 225 9491 1471 2328 7336 3941 2376 7815 3926 350 9696 5810 6642 1602 1342 2917 5500 8135 448 250 9532 8343 9195 185 7424 6487 7352 765 2371 3804 4553 978 5122 3112 1817 3696 5977 8517 4677 6385 7585 9553 9178 8563 5553 2618 9813 7603 5980 2918 298 4 8328 7169 2066 9308 2772 9265 6304 8653 7702 1339 8516 9879 4509 9712 2634 6637 7598 1969 3545 926 5437 5630 2344 4160 3936 8372 8442 4554 5783 6998 985 8736 6237 6942 2094 3750 5265 9751 9903 9752 4701 1621 2574 8540 5115 9505 8699 8578 7579 737 7929 1311 4067 7386 4023
6470 5735 6531 8637 883 8981 2648 3870 1471 2340 4966 4069 7001 5405 1987 9991 2303 7307 4706 5644 9584 8040 4307 9793 1578 6118 5558 6641 6816 7103 5172 3206 3184 7551 6307 3066 953 5093 3877 5085 5465 84 2467 4774 2153 7061 3502 4470 2455 7156 9662 2564 530 3999 882 4176 772 5997 4559 9806 4001 485 7928 6525 9828 9641 1729 1162 8638 5688 850 521 782 4012 3305 8550 3142 5881 7571 2337 558 8448 3375 4662 4371 7096 1558 81 8066 9153 8534 6318 5886 1575 1710 9937 3015 6073 9487 2277 2461 5965 904 9816 2016 9238 6672 5666 5217 9284 7548 1899 7445 7334 4350 6261 2190 4720 2865 5827 8283 1103 5339 5081 6259 2587 968 7119 1996 3201 9180 8178 6935 8499 8262 268 5971 9720 1058 9268 717 1904 1449 6707 3722 828 4888 9545 771 1192 2683 1926 7089 7951 6963 2941 748 754 9570 812 8064 9550 4782 565 2055 6500 9787 2769 4869 8313 5155 1577 1313 3682 8768 9904 4562 4207 9629 4111 8671 4141 2716 379 8955 7809 5129 6738 2572 8949 9000 3880 9493 1086 3710 3210 2390 5048 7806 721 1110 8953 8206 1377 985 8748 3867 7070 6719 1340 3326 9385 2510 1242 2765 5663 809 3656 3922 1156 9829 4439 3605 9042 5550 8229 1815 4105 9862 2892 5471 8900 3716 2019 3639 2293 9292 5960 6900 436 2644 4664 3974 841 7311 3912 3141 1076 5695 4464 3646 5907 2410 1078 5298 8216 9399 9738 7492 3008 2459 6362 7159 4063 8192 4156 4742 8505 7071 1517 3216 1199 6297 5051 2207 6349 4736 9696 5822 4272 1730 5967 507 3561 7769 3062 1747 7596 2378 7430 5308 6231 8145 8482 6633 8404 2102 2174 7896 2870 9838 7656 475 9913 7779 1077 493 6340 1519 2819 4951 2043 8882 7289 8279 1897 7842 3582 8604 2430 7115 2790 5704 7681 516 6778 4639 3933 3976 444 1056 9665 6972 6158 7625 1625 1792 3667 6742 1778 6446 492 1535 9650 4946 8039 9509 7917 3705 9206 3017 5676 3232 8030 6292 1040 2834 6977 162 6998 997 6366 6365 1560 9691 1811 4899 2358 1393 7816 8743 9863 7697 7347 6773 628 4560 4604 5877 8365 4840 9066 786 3218 802 42 797 6038 1424 6666 6857 3968 2032 6062 6667 1655 5844 9912 2974 9208
55 699 2956 253 1424 4145 9408 427 6913 338 9569 3493 8739 8136 2744 2307 3992 4754 3602 2113 2473 1062 5953 765 9869 3985 1140 477 6995 4075 3289 9205 5698 6351 1818 5992 8034 2977 1088 792 9513 4602 3753 7164 5553 109 9994 4190 5479 4791 1261 1476 3830 6890 9907 6449 2379 9714 9735 563 9938 5299 493 3819 4070 9285 9832 6326 1777 9127 1167 121 7612 6688 9976 7763 1732 3049 6810 5773 6474 2420 6579 6595 3419 3414 9410 30 658 6091 3393 8575 662 5297 890 67 8324 5454 4750 4396 4616 974 3407 5796 6912 5540 7693 5620 1820 5595 1779 8730 4919 5874 1436 1763 1899 4924 9885 809 1135 6473 7622 4703 8722 6507 873 8445 6453 1585 7211 1227 8225 88 9159 4822 111 9597 7942 1225 8622 6343 3406 991 5036 7667 774 3079 855 2011 2706 9850 2753 5524 862 5625 5831 4968 1151 3297 7617 692 9349 7135 6306 5747 1628 3679 1839 6827 7402 8345 6289 4118 9764 9817 4300 3658 1004 7459 2034 3144 2963 3867 4549 9270 7806 8207 3661 5412 3080 5660 3887 579 6762 5294 6489 4446 4698 4711 7134 1501 3871 3755 6767 9305 5862 3818 9272 7409 1952 9414 9243 8162 7590 1048 8732 4522 9626 7189 5594 6981 6854 7046 8962 8902 798 8322 5851 998 8650 785 5899 1477 8635 8766 7780 3361 4920 672 3312 9643 8818 7465 843 4393 208 5353 9788 5053 9296 2645 6948 8401 5180 9104 729 7008 6498 7663 1568 5582 9363 4356 2549 5990 8431 9232 5342 6968 4431 2672 6592 9018 7793 5784 9294 3042 3196 2648 1349 4022 8806 9847 8352 9903 7243 4882 8215 2073 406 6078 970 4201 8299 5413 7885 7536 1760 7498 9303 6259 66 3519 3578 6877 7484 2075 9 9830 6723 8032 3374 7343 5046 5682 9527 1823 10003 7407 2349 5662 3490 4331 2508 9125 1564 6376 1859 2857 4894 5833 4571 4903 9050 1441 5774 1272 4296 4452 3507 5960 4379 2987 9110 9545 8257 3743 9149 6807 1365 846 8801 5836 8979 524 2669 2184 3390 4167 5041 1671 147 2451 5429 4709 7531 7756 8125 9931 1685 7375 8701 5672 1505 3077 1252 8266 6960 6019 7678 3594 3701 7479 8071 636 451 2149 5334 8556 9437 9681 1275 8704 73 7133 6703 1995 5882 9855
2632 4608 2645 7031 7019 9401 6903 2406 9441 8970 7397 4417 5534 8967 2989 8796 1908 8224 5373 5901 1163 998 8733 9410 113 9283 305 1192 245 3095 7769 624 2916 8276 5058 3383 636 534 767 9555 6355 1107 2107 3747 8438 2922 7085 6307 628 2122 5773 6557 1038 793 4394 5096 5847 1875 9771 3507 6043 2997 7208 6909 1215 683 6215 8883 9656 1317 450 7434 2076 4897 317 8817 2743 7592 734 1095 4489 1249 3941 9957 6614 4734 7655 3239 9206 579 6845 3912 703 2245 6375 7144 9606 1235 6720 3707 6371 7938 2102 9743 9065 3550 2511 3609 5810 4216 401 2150 215 9050 1524 4392 5493 2095 6129 5940 8432 4113 5836 9062 9149 6890 9990 5067 6600 7513 1405 2996 2403 5033 3342 3771 3674 7918 6072 2244 1570 5268 1726 4323 4179 2742 2787 8865 3222 7577 8715 2976 6373 7541 5854 5489 2889 8632 4441 770 3956 1976 4733 2850 1363 1326 3667 4304 2947 7126 3172 7495 4978 9256 661 575 7639 6415 9211 4590 6218 3284 5277 4943 1193 5050 4971 5642 7543 5457 9241 8642 2456 9523 2700 1117 122 2493 7182 2063 2474 5950 6447 2859 4580 8203 4538 6533 5802 5804 5407 9159 4905 8736 3811 5741 2902 1048 8815 3140 3840 4988 7271 9414 9326 6780 1804 8854 402 6955 2091 6923 8443 6933 6458 5679 5202 4820 591 4463 6410 5200 5217 6846 8717 2579 118 3287 9685 564 4819 5793 2587 8537 8288 2676 5881 5133 3506 1238 1121 9335 9997 8681 9725 2631 9810 769 9158 100 6860 5938 8829 361 83 5231 4067 4960 2822 6921 8840 3181 705 1848 120 2890 3430 6317 8650 868 4517 5698 6434 436 206 5833 4654 3521 3264 9247 7451 3705 6768 4186 6356 5912 3983 1620 5350 5463 8050 9891 9708 1002 7939 6907 1612 6938 462 5052 4574 9394 3289 9288 4316 565 9624 7669 460 5449 822 3641 9465 4206 2386 3404 1471 9909 6135 4749 9681 1358 7322 4294 4932 8380 4428 8354 9589 9613 4849 9845 8832 4769 5711 8857 4810 2576 5717 7666 6059 9828 7203 2898 1842 1311 1641 6185 4831 3411 5085 3027 1253 3147 7454 8113 2389 7812 7099 3528 6878 2365 2569 2103 4541 934 1423 9430 6150 6775 7800 9481 1030 2381 9400 2098 530 1561 2051 4856
4127 6468 7105 5748 9927 5973 289 7779 2050 3462 3376 433 9216 2005 7391 9019 6085 8078 7744 3994 7851 7772 8443 337 8258 2035 1436 5257 2317 5501 3918 2923 5294 9983 4864 5275 8751 9248 5660 7381 997 7339 9334 8603 8605 8208 1953 7706 1530 6612 8542 5703 3849 1609 5941 6641 7789 65 2208 2120 9581 4605 1648 3203 9756 4892 9724 1237 9734 9259 8480 8003 7621 3392 7264 9211 8001 8018 9647 1511 5380 2919 6088 2479 3365 7620 8594 5388 1331 1082 5477 8682 7934 6307 4039 3922 2129 2791 1475 2519 5432 2604 3570 1952 2901 9661 8739 1623 3162 2884 8032 6868 7761 5623 9722 1634 5982 3506 4649 2921 5691 6231 9118 1444 3669 7318 8499 9235 3237 3007 8634 7455 6322 6065 2041 245 6506 9569 6987 9157 8713 6784 4421 8151 8264 844 2685 2502 3803 733 9708 4413 9739 3263 7853 7375 2188 6090 2082 7117 3366 2418 463 3261 8250 3623 6442 2259 7007 5187 6205 4272 2703 8936 7550 2475 4159 116 7095 7733 1174 7229 1148 2383 2407 7650 2639 1626 7570 8512 1651 7611 5377 8518 460 8860 2622 10004 5699 4643 4112 4442 8986 7632 6212 7886 5828 4054 5948 248 907 5190 606 9900 6329 9679 5166 5370 4904 7342 3735 4224 2224 8951 9576 594 2275 3831 5182 2194 4899 3331 4362 4852 7657 6253 4751 2688 6910 9431 4359 444 2029 2627 4008 5072 4015 8686 7140 3804 5538 1577 2286 6651 5804 8818 952 1261 4970 4248 7467 3940 8563 6538 3217 6977 1135 9967 8040 5280 2755 8621 5032 1948 3695 2157 7240 3968 3005 9031 3703 569 2234 6966 8322 9345 1416 9227 4825 8013 5636 2138 6008 8352 3390 7661 5459 2248 4187 4565 9588 8219 4773 8328 8154 2665 6472 6311 3245 1419 3628 446 1632 6379 9761 8903 9097 609 4301 1950 3298 5909 2986 7799 8087 954 864 8722 10001 1291 9022 486 3699 1363 4737 5467 660 9188 7563 4898 8533 2486 6979 738 3712 3786 9111 7837 544 2193 94 1455 6489 7940 5116 5288 1167 3615 8030 7265 4009 9877 5891 6559 4052 6345 6503 5161 1359 5531 7970 9168 1526 7406 1038 4204 6194 1452 2081 2312 1490 4545 3551 720 7285 39 7369 3379 4841 4837 5631 8134 6635 8980 8823 4963 634 4342 8822 158
4439 5986 4120 4262 6096 2299 475 2287 2857 9796 8367 6824 7896 5251 4916 6368 8349 390 4149 3509 458 658 986 5927 821 3655 1498 4365 661 5394 1548 4447 4398 9121 7260 1406 2613 8195 938 5448 836 5681 9624 2481 4376 3481 6016 8172 500 2328 9729 6656 1216 300 2000 4788 1755 8389 2457 9140 8492 7029 2228 9565 9189 3769 8890 8082 8358 3607 1019 4380 2687 3513 9671 8162 2485 3582 978 7515 5827 657 6188 4051 2948 6743 8964 3400 7084 6321 2668 2281 4048 8547 1115 5338 2657 9468 3426 1923 5062 7408 2049 65 3616 4236 1250 3558 5742 2519 6840 4720 5246 905 6995 8977 5823 1451 8691 2552 5293 6586 5104 9078 785 794 4011 881 1752 3981 6836 5514 7749 9413 9340 8820 1963 7129 2392 7032 6636 5186 2808 4512 6506 970 9103 826 7666 871 3737 5235 8092 6373 2353 9770 3521 8083 3156 5483 8899 1292 5228 4478 3248 7235 1365 5748 1328 8089 1965 6732 6144 2778 460 261 4738 1673 4652 8737 3428 1526 8814 3154 5880 5147 5546 1397 9403 1318 67 3219 7988 7003 7389 817 4449 4001 2866 3006 5237 7695 118 8106 3594 8603 6 317 3629 6659 5624 5928 5626 5531 9378 1277 3202 6359 5132 3520 3278 1280 7610 1980 8758 4263 894 4175 8355 9206 5398 754 1944 5897 6776 7417 5266 6942 4487 6465 4105 2236 7977 4183 6767 4200 8396 6071 2258 3610 5427 1 6313 4256 7287 1050 3230 801 7625 4006 6877 2379 4609 2262 2816 2924 1500 3968 4413 1140 5379 9529 6328 6282 5406 9173 6945 8895 2086 7731 2979 5593 7078 7512 1419 5036 2562 3308 5332 3848 8219 6181 437 9830 1618 559 5627 329 1247 9157 114 8900 6097 7104 2351 160 9776 2330 9332 401 6969 4131 7082 6718 8923 6535 217 3465 9192 8177 4511 1701 9101 1223 3914 5125 9913 153 6162 9212 4207 2003 9196 7383 2008 3200 6756 1380 7774 9454 6205 5680 4819 605 6503 6569 3475 7207 6923 3255 842 4490 866 9733 5862 8720 1799 9662 4945 5615 2711 8756 4660 7149 8429 4524 4124 3468 3593 3798 8137 2444 6717 4118 4659 2344 6553 6651 7212 927 2628 214 9064 3564 4551 3768 4085 6206 478 6695 8485 3415 9110 4440 784 5996 2135 3008 4840 1440
8942 8844 8283 4561 2860 5274 6431 1924 937 1720 1403 9289 5010 8800 7010 2073 6385 1048 4704 9499 3353 2480 648 4048 9624 3558 6819 4962 8321 7025 4099 4504 9171 8419 7586 7821 6205 6757 7262 2086 8808 5422 7074 9383 6365 5018 7212 2004 5071 1695 1362 2417 8150 5944 3527 7969 6848 4209 2683 5384 4610 8144 7135 2278 717 5362 8977 6900 3894 165 4857 4146 178 7280 8520 2548 7164 1525 5086 3721 9488 533 1858 4031 7995 1687 2950 7423 5152 627 3213 249 8197 1618 1636 8070 1810 3552 8010 3713 1069 5539 8867 8721 7681 3974 4299 4832 4105 3313 413 5664 9072 3053 1988 8247 1700 5373 1790 7522 511 6225 2787 4754 9581 7090 6207 6360 1007 7839 2632 497 9004 6544 4511 2778 1537 2704 6219 3978 3505 2329 5604 968 570 9524 3394 9352 7515 6904 3100 7669 6356 1801 335 1133 2842 8847 2684 182 6486 6017 4047 4819 1682 8946 8050 5780 6060 515 5431 284 6253 7236 7247 60 682 7306 3359 1289 1897 1293 1103 8797 2602 6452 2759 305 7088 6604 2608 5261 4008 7557 8574 1836 8398 6751 8453 837 1556 3936 1835 3593 4875 573 3925 9022 2971 8258 4520 5995 8414 3575 8448 6833 2183 4564 7268 895 50 2667 8560 4615 2148 6508 1650 5291 8060 3795 4806 9266 4572 5680 5896 3048 7984 8874 2328 799 9099 2697 2605 853 8387 3931 7831 4220 5503 6006 1227 4197 5065 2886 113 5172 6664 705 7744 6479 2403 922 9701 3284 1166 1295 706 2542 8355 276 7841 2235 4249 4750 368 9593 4708 8705 850 3979 8310 4205 3477 7887 3111 482 6978 8425 6395 9070 3450 8243 2494 7876 291 9867 354 2365 8465 8462 4054 8433 4807 4064 6448 3553 2808 5589 8949 2451 1401 9686 1258 3047 3179 6998 4455 3887 6558 1732 9028 1780 9507 1765 7481 3646 9365 9938 1271 5470 7553 9368 4339 6899 9096 8296 6984 7234 7644 6315 4936 3475 8284 9366 4736 3147 3343 4465 1902 5304 476 8169 7176 9150 7584 8218 2453 1004 3431 7011 6878 8261 8928 1616 2033 4318 6064 9728 2928 1783 3908 7393 1100 4389 6981 2826 2016 2689 4193 5859 5389 8621 7517 6507 6852 3415 180 6883 2265 8301 988 6607 7016 882 7634 8300 6190 4731 9143 3970
1093 7178 5149 2622 8885 1544 2714 630 4017 7170 6737 7628 5887 6234 2400 2917 5366 4579 5690 307 3087 1642 3275 4352 5718 4756 5580 2128 6874 5451 2717 5038 9645 789 7480 5244 8782 6979 9626 9564 1857 5629 7412 8735 1298 1510 9463 6895 6286 2085 399 4839 4115 7731 452 9329 3473 5077 6907 3904 4583 4896 7811 4586 9304 3432 8212 40 1048 1100 785 8274 7747 7283 9324 9469 5704 7535 9337 1885 71 9905 9221 4897 2609 6462 7177 344 746 1005 4632 173 9672 433 8097 7857 5462 5537 5660 6262 6849 5410 5852 8178 6789 7313 3369 5707 1936 4958 5511 814 7521 2109 5642 9835 3102 3668 1394 2468 9433 2843 41 5853 2976 8665 5186 281 8248 2901 8542 4584 9701 9687 2459 6216 5973 9177 3624 121 9987 2951 8624 8321 3421 5392 9425 4431 5047 2855 7666 8351 7473 1630 5657 1854 1221 1784 5109 555 3894 6568 6150 9067 5445 3908 3789 2393 9310 2241 9461 7292 2534 6339 6575 9764 2185 563 2306 1562 9148 4377 5759 1621 2440 4984 350 9562 2254 1877 1659 4904 6223 9587 2295 8749 8526 7760 9706 3691 1832 5588 540 1868 8449 8034 5352 7358 9447 64 6291 6096 9779 4211 8689 422 5277 7235 8845 9484 7730 5654 7453 5600 8165 4366 2939 999 5823 8931 2420 8954 2858 2067 3972 1092 2373 3273 4749 1966 9010 1749 7053 4944 8290 4571 7278 5313 89 6332 2961 6639 7067 2165 4533 4814 4074 859 3592 6473 9997 966 7370 7065 2562 781 9068 243 5784 1662 9312 1844 3206 3038 6365 1414 8505 6925 331 8330 6638 2262 289 6660 7902 1533 9901 8 7400 1110 8807 7020 6491 6424 4713 9112 1516 8272 8144 3531 3571 5638 622 5605 2169 3739 2311 5573 8521 3749 326 4319 7265 2890 5722 3962 3077 3627 4529 5608 6577 9367 5937 6316 6137 6644 1071 1538 3905 9388 6772 5684 1498 1838 4397 1789 9120 9935 3266 1135 8848 3885 3351 9280 8196 3216 1053 5111 158 7646 2314 9981 4142 7375 1069 1935 153 3635 2941 602 9575 4677 6251 4029 4788 9235 2118 8859 6705 3973 5897 4249 1146 1661 4507 9975 5333 6126 3824 449 4921 7852 1451 6164 6288 1688 4151 585 7946 2806 2382 6490 1619 2837 1232 4604 5731 7179 9954 4498
9723 5264 4756 5524 3181 2941 546 621 744 1346 1933 494 936 3262 1873 2397 8460 791 7027 42 595 5905 2605 7200 726 4919 8193 8759 6485 7559 4517 7934 5132 937 8067 3749 270 5372 3332 7992 3626 9675 4785 4771 7550 1300 1057 4261 8715 5212 5071 8042 3708 3405 8512 476 4509 9522 131 7946 2750 3435 2557 6721 741 6945 6312 6875 193 5646 8985 1652 1234 4151 529 8999 8880 7484 4394 7332 4545 2376 7625 1423 1659 4848 7276 5654 7397 6653 4232 9468 843 6712 7531 68 5441 4646 7345 6968 6750 9995 1307 4671 7386 3833 3610 2844 4790 8782 6923 672 5631 6959 3533 3118 436 2442 4531 5155 1375 1180 4863 9302 3773 5513 361 2319 3929 4568 2814 738 2537 684 3249 9457 8030 6090 907 4015 7511 4038 7949 7158 9063 6183 7464 8364 9840 7057 4094 6840 2137 28 3374 9662 2362 397 5180 1416 8052 1723 2151 7256 9624 9905 9165 5950 8683 1557 5081 6057 2454 2149 7653 5872 4152 5334 868 6753 4396 6935 8297 8129 1449 6505 3589 2009 5422 3414 1722 7353 5380 1744 2986 6624 4985 5099 2484 6201 3891 2104 1575 1508 9804 4196 6607 3356 3228 8622 8662 722 5713 689 7260 8830 7402 657 3605 8840 5417 9410 2349 7981 806 9053 8168 8718 9620 692 1661 4451 1021 1400 1221 1728 6162 6629 8996 4472 1856 768 6589 6929 9488 6880 4204 5019 8357 6226 3932 8976 8442 4364 3280 8307 6144 195 5249 2730 7405 5065 9233 2459 6160 7026 5244 8726 8032 5693 4659 9768 1335 9120 9879 4319 7209 3943 1789 9064 981 9340 6237 6752 9598 5059 417 1210 8915 5540 5 2936 6542 1248 1372 6779 9242 5676 3030 7897 7473 1574 6710 7928 6323 9695 815 2263 5038 9589 1842 3547 339 6686 2685 1327 701 4878 1321 1892 3629 4076 406 8397 8293 8923 3952 5006 5934 1852 1562 9092 5430 1826 6723 344 690 2058 699 5275 7576 6146 9805 9001 8483 1229 140 1156 9627 4306 4786 9576 9426 9180 7976 6802 9680 8796 4144 6922 5874 3755 9086 6621 577 9478 8865 5458 6275 9216 830 4289 3157 7705 5557 1634 4807 404 8794 4541 3170 121 9931 4004 4691 3416 1325 1098 1126 5575 8068 8554 2146 3245 244 526 4591 3252 3858 3651
6303 2080 4761 7957 3992 5495 2356 10 5369 7353 3802 3182 6168 3860 1676 4899 578 2698 2172 6513 423 8448 1595 5967 8734 4866 2125 832 2314 8347 6633 6624 3407 6537 5666 3437 582 1904 9676 8012 8085 8605 5455 289 5026 386 782 2232 4610 2906 912 6448 8322 6592 9759 6547 3681 2183 9333 1045 5065 7655 3897 9342 4262 1935 8526 6126 2190 2940 4170 183 6053 1670 6090 9336 5453 686 1274 4640 6958 7157 2680 5745 2766 8688 3990 5892 8611 4264 1538 2271 1872 6021 8022 6100 7351 4199 9437 415 29 6601 2969 3417 4552 4412 2181 9730 7300 9319 3824 8822 7412 7101 3789 759 1794 1490 1792 1887 8047 6141 4216 1059 2286 3898 4140 6138 9815 5438 8667 3155 6524 3243 9070 8219 2020 6664 5474 1521 642 1 2152 476 2931 953 3313 5182 9448 3235 651 3218 9029 1347 5160 3808 1991 7417 1105 3162 131 6368 4188 6617 9800 3412 541 5039 2809 5156 4602 4494 5918 3450 3005 6278 2039 7896 1090 1136 2012 8252 473 8530 5332 9694 4439 1825 340 9913 5999 2382 4856 4110 2086 3570 9206 1237 6981 7595 5800 6859 1791 7089 6171 8268 7304 8525 1321 314 5067 7258 7649 5088 8093 7017 449 3287 336 700 8502 883 7201 3953 8233 9248 2907 5717 8324 6195 3504 2293 7512 7265 1256 8213 3211 5415 8229 35 5410 4218 662 6038 9651 7971 1213 1738 2599 6813 915 849 3943 211 495 4163 6576 2928 6552 7692 1556 8705 5619 7763 2473 1803 4707 8669 2758 269 8996 2894 3294 3950 3825 3620 9288 4974 701 3300 2759 5074 865 767 206 6491 4790 7204 8361 3854 2867 3650 3333 1212 6940 723 8940 4003 8315 2978 6634 1422 5283 4410 2578 5978 1547 5488 8749 6892 244 8955 6029 6434 1094 342 9516 9751 8135 8687 9192 4016 731 7352 9004 1306 8295 6948 9142 3934 7001 3625 3292 4347 73 7874 5457 9899 8778 6139 4613 7314 6540 67 9065 4208 2647 7292 900 8830 5824 2095 6787 6076 2108 9210 443 4478 9094 3455 7016 5651 1411 2463 3788 5961 9925 3617 4880 9353 7082 2557 5143 2179 120 3548 3566 10000 3740 5482 9940 5643 2999 7469 790 644 9611 5904 6229 6762 6035 5243 2343 7594 995 4983 3918 170 3630 7303
4284 3852 9548 9683 7903 981 4039 7453 243 427 3931 8877 7782 9989 7204 4638 3632 3183 7250 5514 9872 5411 5300 2316 4227 156 2686 831 3793 6249 9076 3305 3047 4225 553 8941 5085 9969 1167 7146 6144 4901 6465 6228 8241 3937 7686 9031 7234 8690 9877 9422 4673 1688 8801 2854 7511 8744 9165 649 9899 5055 5917 4929 907 8721 8727 7536 8785 6030 7516 2748 8538 21 4466 7753 735 2835 6279 3121 9550 9286 1648 6734 7870 2528 2173 7595 2077 6637 2107 682 8352 6921 5775 3095 4704 538 6915 6966 1846 7459 9059 1676 1176 356 3014 5772 8694 9083 6919 6172 9350 8958 6714 1833 5036 4685 9313 1292 7351 476 9215 731 3629 8782 1622 1888 9129 7795 2405 1571 7008 3516 6195 9788 2071 7828 858 3437 6866 1682 9992 1605 259 7258 3926 4866 8409 610 2630 1940 8814 5277 1878 1107 9049 3661 2430 1612 3873 376 9051 3264 6182 7365 7704 5458 974 425 4328 5125 2029 6158 2122 2708 6471 5037 9490 1182 9172 4263 3017 173 4315 2702 7662 3788 2238 9703 3933 8480 1527 5735 1028 9720 5562 344 5396 3274 4197 6111 6448 4599 6370 68 140 5862 836 7804 5622 8448 7879 5745 9050 8466 4306 9492 785 2917 9 6848 5255 6245 9870 5808 1548 6570 396 5081 756 3670 5647 8489 4744 2605 1899 1942 8417 9029 7631 4938 4124 5591 9598 9765 1633 4708 9751 4412 8465 9508 7616 2912 6005 7475 5883 1671 7172 983 3642 1198 5996 4258 9013 800 4943 8135 4964 8970 4332 4331 9533 7657 9784 2865 324 9366 5782 6709 7829 5663 5313 4739 8601 2526 2570 3843 6331 2806 7032 8759 1184 8775 8015 8770 4004 9397 4632 4823 1934 10005 4028 4633 9628 3810 7878 940 7174 586 7394 6951 9827 9340 936 7968 3089 5895 9296 9670 5480 6614 1669 7569 7238 7896 7374 914 2328 1845 2654 7183 3803 4264 7822 2049 2188 9621 196 4753 5822 8776 2813 639 1877 6309 7173 5788 5518 9078 2908 6799 9978 4384 4016 7015 7130 9320 4906 469 5601 7613 8511 377 3849 5140 4055 4277 238 6423 4558 9505 3208 7291 2379 6732 8267 8783 6427 3764 7002 4707 4946 2536 585 2589 5075 1947 2421 8402 7003 9512 6822 409 7504 5130 6040 5531 1494 7282
643 5179 5413 8999 7675 300 8219 2393 8049 6117 9353 7455 3942 5786 4 6933 7489 7200 9528 7742 2011 3820 9989 1293 6245 3959 7415 1875 795 5028 362 5919 8628 6266 4794 6783 7243 5996 8354 613 1127 9175 2760 245 4126 9290 4950 5838 9696 4415 6962 6736 1562 7887 8253 5651 1784 3848 4431 3786 6731 7558 8514 8881 1077 9093 9030 6525 8421 2324 6735 6764 6011 373 8739 9250 2883 847 4713 7851 5392 8164 8307 4939 3018 9074 7798 902 8806 954 8491 8443 7964 7979 10005 8124 6240 9955 8042 2503 6228 2330 5544 8013 3256 1859 3971 5033 4373 5292 8000 833 7492 1601 5149 1361 2754 1436 2877 2038 3464 599 3906 2925 2517 3449 8580 5787 4809 8809 5362 4112 2062 8707 5595 2893 8869 3459 6595 4533 3553 7950 751 3755 7881 9444 4402 4539 2362 9199 8003 5241 3113 5227 5892 8984 5649 2181 96 8685 9962 1649 5628 1346 728 3317 4761 8330 5377 6138 181 6823 9310 980 3330 7184 2697 7747 6022 3193 9361 5867 8943 8784 5321 7247 5202 5851 2112 8789 9332 6620 4574 418 4810 3607 7238 1985 8981 1241 6560 6477 7942 2339 8761 4883 4127 4088 6826 3711 6608 6956 7927 313 635 6767 412 6001 2358 9993 499 3742 5458 5070 2032 4655 9357 6661 1439 7285 7666 7090 1342 1522 5820 3262 668 5220 2278 5859 524 3783 2323 1930 4888 8138 3461 6198 8285 9306 1774 5833 5685 5042 7590 2162 8871 3062 340 279 7384 3025 2681 916 6027 7204 8734 5239 3510 1475 139 5153 567 251 2935 532 2195 7324 4928 198 8452 1174 4849 869 346 9095 8633 270 4167 6155 1810 8694 3172 8526 6499 3575 3583 1995 6996 9994 5304 5618 3331 1982 4573 5620 2934 5734 319 9451 8016 7664 7487 7597 5776 1989 8187 8745 8059 4132 8099 6199 3083 1175 9654 2745 8226 6007 1167 1235 7751 5228 690 853 3522 9100 2637 9650 3539 722 4508 3512 1078 3891 899 4398 5333 4865 7700 341 5084 9260 898 9600 3457 6992 781 7807 4119 5676 1825 713 1291 6642 207 1662 8051 5720 3098 3201 7773 861 1934 4094 5635 4960 3853 8442 3159 6103 2125 1205 3699 8990 4458 3430 7348 164 5194 7439 7118 5791 4015 6306 6861 1767 2219 2560 9924 9192
9194 757 9336 2591 5539 767 7351 1337 4283 9915 2740 980 95 645 1547 2626 3595 6385 2955 3334 3155 3662 8096 8563 923 6406 3790 2702 8523 8863 1415 8814 6138 6953 284 8160 5866 903 369 6298 5214 234 8078 2129 7183 4664 9339 6999 1160 4393 8094 8960 7178 653 9966 7627 6593 1695 3269 1047 1806 6253 9143 5877 3723 991 2915 1267 8171 8686 1525 6993 2351 3144 842 7474 1939 4870 8476 3182 3306 8713 1169 7610 4964 9831 9407 3508 8644 9862 8257 1622 2749 4197 6972 1516 3776 5481 2273 8620 4619 3261 2635 6812 3255 3826 5563 6010 2340 324 220 850 5886 6940 7868 3786 3496 1019 7364 3760 8657 2278 2624 3992 2633 7209 9510 8080 1732 928 410 3163 2074 3090 1554 6240 6720 1503 1353 1107 9910 8736 1607 723 6078 8856 7808 5689 1013 8555 2511 1405 792 7392 8209 1143 2764 6223 5091 9639 7491 3568 6741 2338 721 6475 5104 2055 1858 5938 6625 5350 3259 3032 3060 7509 10002 481 4080 5179 2178 2460 6525 5186 5792 5585 1643 3584 3565 2333 6717 7102 5732 7488 9167 1113 8719 9985 8859 2209 1310 4639 9298 127 4300 1537 4611 4849 7641 3814 7945 3512 7850 7359 9756 9284 2906 8057 1294 7815 9303 4138 3673 909 9185 7547 2459 1720 3310 7919 8673 9109 2619 9988 3260 7837 4936 5382 6914 3022 5045 8763 1251 1340 8691 5536 6366 1723 7718 3540 2292 9852 235 2876 4005 5056 1576 1873 7964 4744 3466 6974 1119 7528 1227 6104 3695 6549 422 781 4572 7587 4526 6711 8293 4483 236 7681 5881 2929 8495 4414 8929 8328 2539 5854 3285 7878 1801 2242 9770 6505 9156 8300 8097 3361 2799 4279 702 5243 9488 2440 488 7694 8304 7303 858 4298 1934 859 9103 3810 8739 6015 6351 9704 9599 5424 8584 1758 5774 9158 7903 1842 9114 6630 9361 2632 2404 7634 200 4820 8394 9452 9586 3001 4210 9395 5890 6146 5365 5285 1151 1176 1217 8089 4949 7805 1281 5392 4929 1768 3789 7904 6647 983 4503 6273 5173 3369 1211 9280 3700 553 9802 153 9146 278 9351 4617 3658 8890 1059 9431 8751 3633 8849 4194 2564 5895 150 4738 4657 5725 3874 6042 5995 314 2205 2104 7142 7799 2472 4143 7684 282 8557 2114 5157 6545
8194 4098 6587 7867 3962 3562 2906 3031 3236 7575 1882 6155 3556 4097 1782 5991 6089 6650 365 2066 9659 8502 3002 3989 3206 3523 5644 9923 6133 7923 2853 8548 3878 222 5434 1573 2446 4278 878 5309 1368 8114 9971 6612 7908 827 422 5762 6514 7347 7112 8728 8176 7671 2840 6125 9511 7859 5550 8568 9915 7721 2922 9862 3231 3564 2509 6783 8989 1399 6964 8085 717 2243 9549 316 6789 7798 2648 4209 9571 5956 8033 1032 4761 69 780 4748 7653 6413 2378 7769 3401 9847 1205 5445 4393 3068 895 6938 3239 1976 7510 9781 4299 1713 4677 6736 3308 3290 6863 3116 1374 6923 1213 3857 9394 6066 6212 7252 952 627 94 821 1613 4513 9269 5861 1873 2938 6686 3226 9560 3136 7411 4415 8708 2139 172 5352 7843 8726 8573 3919 7094 2294 4429 5929 8389 415 2148 3389 2222 8714 948 1421 2597 9329 3958 4356 5409 1532 5581 7418 8029 1826 7264 8577 3125 4591 3793 2084 6086 2242 4744 8447 8916 879 107 3244 5987 6883 9153 8873 4411 9502 4642 8680 7697 7686 4866 4244 7627 1567 3637 3029 3633 3823 6136 2324 8481 2167 4621 7845 8329 2318 9672 918 7376 6359 3090 6535 8182 6480 4089 3370 990 3091 1333 51 4353 1001 5911 1955 6675 406 8938 6519 1351 6485 8100 2743 362 7665 4031 4876 2259 6373 311 2778 8425 3276 9642 6873 1131 120 5667 354 9253 9037 1878 6949 6059 2598 4127 5834 2229 2321 4073 6546 995 7102 706 9430 8927 3699 729 9868 2040 4813 9761 8269 4221 7189 8454 2523 4004 5232 1642 3760 3631 4220 2384 6578 4650 7092 2691 677 176 4558 5340 218 6228 4076 947 6623 721 1449 7046 1815 4444 7955 6508 8538 5863 1476 6690 2432 7057 4635 5066 4572 2561 6468 6471 872 6500 119 862 8485 1373 2118 9344 5984 2475 3525 5247 3668 1879 1747 7935 471 1039 8375 3194 5905 3146 5426 3161 7452 1280 5568 4995 3655 9463 7380 5565 587 8034 5837 6637 7949 7699 7289 8618 9997 1451 6649 5567 190 1779 1583 461 3024 9629 4450 6764 7757 5783 7349 6715 2473 3922 1495 7922 8055 6672 6005 3310 2893 608 8869 5205 1998 3143 1018 7540 3826 537 7952 2100 2910 2237 733 9074 9544 6312 7416 8426 8081
1459 8537 4534 3573 9202 7626 238 5734 5541 8827 7011 7235 2799 2729 6617 5388 4173 179 2435 4934 4229 9077 7421 5906 1420 1268 1419 6470 9550 8597 2631 6056 1666 2472 2593 3592 427 3242 9860 7104 3785 7148 5058 9636 1533 3855 3260 6287 844 5527 1599 761 6992 6003 7183 3114 5247 7144 5852 2132 34 6200 3103 2427 6522 9235 6079 2104 5592 3707 2617 8835 5423 2229 5797 8046 6931 3101 2824 2770 3482 2248 7029 3662 6546 4471 1068 1091 1529 4649 5763 4788 3189 5370 7746 6439 693 476 8526 1714 2951 2578 1566 2308 5126 6145 9017 9324 3423 8956 6422 9071 8612 4657 4175 9789 6187 680 8060 4152 9351 3067 9573 9035 5751 7170 691 873 4774 5968 9127 7503 9643 5147 6980 8385 4685 8624 2275 6673 4279 9159 1151 9633 7132 8234 9641 5544 3228 2632 854 3542 345 9512 6133 1392 6826 8933 5984 5951 7498 5632 5774 7608 3811 1987 3799 4369 1301 9879 8336 9408 6763 6428 7880 9861 1902 5661 5021 1970 2170 2498 7439 2333 5167 3010 5877 2173 6906 3060 5959 5910 626 8772 2918 4125 9707 2450 6960 2348 7193 1129 3993 5888 4993 7528 9684 2012 3840 1234 8168 2728 1812 3512 6300 3267 9901 3969 645 10004 8541 3740 1070 694 5281 395 9594 9870 5119 2531 5892 4199 5025 1176 9674 3997 5094 2490 9027 7339 2169 7700 5563 4460 8255 469 4912 8596 7833 4180 3793 5560 52 2627 6850 4169 973 4938 3435 6574 8920 3561 1577 5128 5748 2762 5070 7254 4031 8352 6232 6758 2417 8507 482 7335 2963 196 4064 6805 8098 6616 583 2297 2306 5523 2393 3264 5493 8348 7026 9261 918 845 325 3475 8641 3904 8544 8148 6698 4320 6024 8018 2482 608 2338 9178 2383 5249 6747 9604 7885 3865 1275 5033 9595 4668 6995 404 2804 6740 5990 4760 8747 2877 7260 2840 9601 3477 8244 7656 4290 1972 1773 6250 3185 6164 242 4940 3038 319 4666 7392 6659 7058 2909 908 2830 1579 4731 9500 8515 8901 2329 5961 5513 4378 4518 6749 9207 1630 9618 5106 108 1518 1829 5141 8171 7136 7440 7138 7043 883 2789 4714 7871 6644 5032 4790 2792 9122 3492 263 5775 2406 5687 9867 711 6910 2266 3456 7409 8288 8929 6778 8454 5999 7977 5617
7885 7462 6368 3373 2464 7778 3684 5776 801 2649 6080 499 2554 9927 2405 4479 3077 1178 2867 2835 9187 9197 7212 5958 4702 3843 9239 8882 4694 5431 4238 5884 9384 5117 6525 7233 6793 4070 9211 4433 2201 4945 639 4785 2378 4835 2460 8572 6187 4277 3146 2492 2220 6177 6262 4400 3748 3079 781 6619 8588 3011 4272 9142 3119 2848 1603 3564 9582 5842 7714 6381 5796 6838 141 3568 8788 3339 9213 4036 5953 691 4470 9867 4308 1996 606 6332 512 4977 4294 4775 4363 6089 3716 9431 791 4634 7334 1755 3413 4531 2762 8667 2340 2371 1221 9342 3447 7789 6504 6398 7425 8709 4010 1107 1950 9737 92 8291 6927 7492 413 9618 8703 5201 9865 4705 8251 4860 2501 5437 3047 7133 6629 6603 1757 3016 8283 8515 2491 7422 4301 8389 7488 1207 2114 7204 7546 9708 845 3922 8568 6981 6780 1647 4837 2063 2317 1933 8108 8228 4422 9388 4323 4022 8732 4448 4227 3064 8762 8500 465 9303 6185 4674 9401 6746 8396 1095 4332 7239 5602 5319 6456 5919 7440 728 2129 9230 5665 7824 4560 2009 3029 699 2882 4861 7306 7313 920 4045 9170 7568 5341 2089 7163 674 2841 7996 439 4457 7444 9941 9633 722 3320 7981 8420 6338 9328 6226 1539 6261 9602 1872 5206 3869 4078 7623 9434 5199 255 953 2498 1029 7426 3507 5886 8987 8869 2271 1057 1868 6000 6372 2579 9968 9277 1339 5933 4661 6978 2372 6026 1211 1320 4701 9045 7363 1002 7782 2890 3273 2300 304 6237 4359 6883 6219 7932 3136 4477 3474 7433 7121 9011 4105 7267 44 7812 6942 9518 8539 7734 2411 3288 4326 8430 4353 8074 4970 680 1650 9245 7691 5943 2676 5724 1116 5167 6607 963 513 9782 6170 2648 1275 8630 4681 3008 9871 3514 9500 2105 3987 669 8837 8623 1067 9890 4746 5116 1720 5357 8920 7158 6670 3468 8624 5872 1759 2619 2028 4261 6322 2497 6231 5550 5634 8974 6446 7904 8694 1984 2988 3834 6022 2005 3823 3202 1383 7206 7149 3453 6598 7753 3643 8911 3941 9800 2597 6395 3017 3081 384 364 4334 6842 9354 1065 280 994 9370 7896 275 6990 9997 8524 5708 4292 5172 611 336 9892 4349 8868 7473 9188 3995 9088 3831 1614 6384 197 2459 3767 4311 6404 6234
3831 8978 3009 2026 2015 9202 8580 1956 5903 7973 7365 7969 8159 465 6660 2810 6503 8957 2174 2658 6654 4001 5254 1705 688 7426 864 2511 809 8425 7706 5326 7427 5669 4387 8689 5337 240 6291 1004 4742 3267 848 5687 814 2429 7079 4698 1994 8367 9212 6595 702 4647 7114 2754 7612 3971 1202 5467 4456 10003 4690 3582 3366 6214 1278 388 6934 8463 163 6565 6657 8409 875 5331 1431 5042 3759 3256 8035 5065 4197 6376 9149 4090 2598 8557 1518 2783 6859 8340 9568 5978 8096 7967 8556 6720 907 8986 1421 7027 5013 4512 8894 9676 4554 557 8412 5283 952 5057 5785 1375 6151 8780 2284 837 2867 192 5812 1019 6768 1386 8971 9402 8908 6897 797 800 5208 829 4455 5198 2814 5709 6454 3673 313 6811 7861 9583 8004 6215 6083 2264 4807 5375 2704 7530 234 7482 9762 7497 1781 5616 9904 9331 7991 3792 1709 9901 4923 2363 166 966 2278 2028 1618 2947 4326 5787 978 9903 4526 6115 5919 4797 7360 3958 8786 1093 2086 112 1678 1044 6809 8258 5831 2251 2384 1001 334 7646 7229 4944 3198 9541 6334 7479 5354 1869 8162 4873 2281 6436 7246 6573 5069 3403 3873 641 1745 2755 2410 5847 9082 2379 6997 961 8274 2655 2246 8380 1628 962 3072 4531 119 5292 4169 1927 6656 3604 9006 7458 4519 2501 2794 9679 8962 6185 2031 6026 8575 7952 6530 8601 2791 5271 3334 2559 1288 8410 5680 7207 9311 1954 6300 4221 1612 4138 3077 8542 9499 4664 8743 4625 1474 1510 4371 1858 5342 4251 5664 376 9316 5965 5673 3593 6186 6836 7902 6448 4864 9071 9566 6375 4344 2214 4725 1638 8984 1818 3275 9267 681 3812 7746 7393 2411 645 951 252 3909 3502 9239 6239 1319 7260 3794 1312 3646 669 6194 5248 2896 9446 174 9385 7279 5026 6935 3261 2039 4438 3569 943 1840 8915 504 3922 5925 3606 8609 1203 265 6332 7876 1602 6123 4331 9798 351 9275 9100 8813 737 2703 2725 8365 9609 2843 4956 816 2032 824 444 5825 3442 1135 3756 8855 2407 1439 3454 8760 6254 3345 5379 1910 5027 1733 5137 9919 1350 6110 1908 5424 7988 9391 6088 6275 4180 4747 7278 221 5059 5388 5127 1897 2604 7366 2767 28 8345 3572 5351 7468 2534
3246 7380 7355 7314 442 3582 726 7250 3139 3602 6763 4742 627 1884 7548 4028 2258 3358 5162 7320 9258 4831 7978 8736 8378 9392 8253 9187 3914 4873 9648 7472 9107 9787 4898 9689 4337 5967 2636 8381 3793 3874 2806 4657 2489 2536 8217 6326 6427 1389 732 6059 4388 847 8249 9981 6417 3374 1986 7315 5247 5458 8606 4162 5680 4567 340 3815 9514 4050 7898 4602 8403 9433 5118 6047 6770 8356 3752 7009 5946 1801 9013 8432 8680 9487 4406 7281 1989 1716 868 9084 9349 1778 8575 5312 7566 455 6005 5100 9620 3023 6614 9301 1299 8590 7338 5685 8578 9720 3187 4081 6748 2716 2508 3768 3833 5941 7797 9640 9060 4106 6789 9588 9375 6624 7316 45 7334 6479 1074 8221 5532 3924 2888 8394 6216 8248 5176 4541 5501 5074 4774 4282 1874 9533 5282 3514 4217 9773 7677 3439 4094 9171 7090 4878 3652 6845 8479 4354 7596 4507 2243 1332 7043 9204 5543 6744 3510 5011 2269 6178 5784 3937 5311 2761 8586 8132 8188 7079 2058 3030 221 2419 6424 6988 5111 2433 3645 3231 5354 9236 9198 6734 5495 6265 3525 7037 388 4294 9499 2024 9779 6486 4688 1339 650 2322 661 5142 1283 1759 7343 9696 7951 9092 7761 6779 1566 622 7880 8175 4656 7691 660 337 9414 3886 424 7155 6986 5508 8688 7899 9407 272 7306 2030 8588 7735 1933 2825 5889 8112 2151 9587 4570 4748 9443 3133 4793 5514 7497 9148 6652 1758 2538 7820 71 2173 5220 5814 7989 1549 9000 6009 4306 7117 4522 4269 9458 5159 2912 3630 1205 7235 1113 5483 8647 1027 2540 7423 3823 7926 9051 889 9919 8717 7146 3769 8638 7817 5670 6552 1594 5071 366 8661 8255 8790 7666 619 3472 2547 1030 6948 3044 7449 8669 6667 3784 657 5936 3786 260 9688 9539 4091 4763 1462 1252 2909 9229 5584 3609 370 7867 5752 282 5321 776 7332 6876 7329 2468 1701 8849 958 1226 8070 481 844 3841 4353 2791 2631 4370 4420 4502 8239 1959 7671 4630 2845 1919 5604 9646 7869 5355 4034 1067 4607 2407 8806 4490 614 9468 3174 1658 2374 346 2624 756 1295 9384 9841 4186 916 9563 9334 9759 449 7196 3851 2368 1537 1375 3511 9816 4145 4051 2696 6478 6276 6345 7659 7012 347 7429 2632
3559 4523 3302 499 1506 6760 4569 4178 6739 3734 4810 1371 8540 1484 1120 3325 937 4626 7874 3594 2579 8920 6110 3503 5632 8323 9534 4315 4562 564 3614 8616 6412 3598 1785 6417 7609 1158 5789 2176 3856 607 82 9228 5014 905 971 7884 1609 1325 7664 5251 8899 5275 4135 264 3122 6208 4064 9354 17 7120 3158 9069 1551 2831 8933 8533 7877 8002 8207 2539 6853 1119 8527 9068 6753 955 1053 1614 5336 7037 4623 3466 7973 8960 8177 8494 608 4887 1097 2887 7824 3512 8849 5193 398 6544 7417 9249 5849 273 6339 3078 4935 1576 2872 5798 5393 726 1478 2311 2076 3692 3140 2635 7811 1089 4475 2823 514 3532 4879 2685 7893 4826 8202 8535 7480 1747 3953 6370 1928 3049 5688 7214 4513 5287 1753 2762 7619 9180 4535 920 2997 6003 9732 5040 5751 9719 2617 1377 7349 2733 8372 4811 6176 409 9364 8039 5866 1902 8210 6947 2474 4745 9270 6684 9648 1700 8279 8261 1827 8087 6345 1887 6184 8828 4358 1030 1176 2216 5923 5598 5065 5792 6584 9484 4233 825 6844 7909 1650 8197 4524 8107 2375 9386 3672 7110 5143 316 2807 3690 3537 8890 2058 7265 9400 893 3353 5386 7119 8360 7193 3678 5919 6392 7568 4293 8929 9327 373 6503 545 2382 2993 6797 2228 3541 8096 9562 8764 7055 1050 7213 9715 3411 3880 5850 5078 8215 951 1847 4117 3837 9382 4466 9613 3644 2661 2650 9837 9215 2591 6538 8608 8000 8604 8794 1100 7295 3445 7138 9592 2809 3293 7289 4636 5889 2340 1323 8061 1499 3146 1444 9060 8341 5961 8062 6304 5022 9324 5972 875 6926 1639 5377 3902 1483 6322 1449 3064 7714 5333 2629 9002 9847 7230 1337 5282 7749 3389 8247 4606 1837 6102 5091 631 5325 4217 4001 6849 1913 1023 7569 9098 798 7200 7292 9044 1510 5966 2066 5677 4394 3891 8670 5700 4832 7011 9784 4725 3233 9192 2153 3418 7494 8975 196 6613 8731 8602 9191 7355 1542 9621 2056 7662 5648 5147 9529 304 5189 1192 9047 5918 1587 5692 6420 2010 6786 9415 2919 1472 3502 827 6447 1654 7403 2021 9606 30 9543 7532 1432 1435 5843 1464 5090 5833 3449 6344 7089 4308 948 7446 8496 211 8639 6850 6718 2899 5442 6010 3339 8165 869 8117 390
7018 5145 1673 382 1467 1245 5284 9106 964 6024 2314 8238 3143 8797 7262 6746 9102 1758 8527 815 576 2986 4937 2933 447 3575 3101 7127 8526 6017 8707 5113 8025 392 9489 9998 4028 8247 6360 5667 8133 8975 1950 436 755 2479 503 2466 8087 8099 5717 8215 2705 5677 6148 7721 694 9584 6151 2122 6322 3203 6894 9745 9217 3948 4113 6385 5708 4998 5835 4806 3919 4866 2016 7349 4487 2195 6842 53 1728 4475 4577 4344 5563 8763 4004 3004 1364 6680 2189 8033 8811 4483 2989 9345 8561 4073 4318 717 15 9271 3236 5347 1604 9075 2114 7910 8209 3896 4428 8903 6235 5462 3794 4661 7684 3035 214 4794 6301 2368 7526 4377 4016 622 3862 1170 5161 8504 377 7463 1872 5912 4532 8273 1199 4408 2866 8743 7974 5512 3876 8398 1404 8747 7180 3009 5375 6053 1561 2600 1502 9308 895 4710 2961 4896 6068 3587 719 9625 3016 8989 9178 6686 998 9282 6056 5969 8228 5128 44 8518 7605 3706 2115 2708 78 1769 1340 1437 7200 9046 2867 3541 9850 3385 788 932 2369 2324 6253 1889 7541 6403 2135 8745 7577 9264 9629 2222 6486 670 4341 1155 3135 378 2261 3748 3785 1444 807 2164 7992 1939 7623 133 5862 4450 4536 7479 8703 5907 521 8900 1827 9841 168 3918 61 140 9476 7575 9661 5877 6476 2655 5595 2411 3994 4989 2618 7936 3048 2637 9168 8671 2252 531 6915 573 8585 9316 9314 9711 5959 206 6382 1300 9377 2209 4063 6303 1971 1271 123 7847 5704 5792 8338 3307 6264 4709 8163 3020 8195 6675 8185 8660 9439 9916 291 4520 648 8708 9918 9901 8272 6401 2532 4993 1824 5433 4547 292 9325 2524 6581 6830 2435 9237 9985 1605 3873 3990 5783 5121 6437 5393 2480 5308 4342 5960 5011 8258 9180 6289 4750 5028 9887 1044 151 2289 8197 6278 1930 4406 3263 4991 2221 1681 8801 6468 4243 594 9420 8684 4675 4905 9285 457 1590 1847 5871 7667 1406 8350 925 8762 9206 1128 3491 9768 9655 7068 5227 5410 4109 7179 8211 3499 8180 4649 59 537 5724 1822 5830 795 4546 5494 7449 4651 9669 4289 1470 5653 905 2725 1707 3640 5209 8983 362 5437 3753 7796 817 179 6738 683 6764 5529 5505 262 5273 6286 342 9407
8349 6232 1159 2446 2155 4880 9349 7872 5850 6937 6318 4102 3670 9366 9501 7721 799 3857 7271 61 245 3749 8695 7600 9807 7022 4456 3450 3001 7068 5332 9690 5229 5118 2134 4045 9981 2504 649 3611 6067 8894 3123 2865 4043 371 8759 4903 9787 985 6964 5962 4719 6283 6046 8059 3755 7504 8849 7052 8508 9695 9240 4491 1506 8619 2672 7329 8562 8983 467 9717 4873 5735 4747 725 8539 8545 7354 8603 5848 7334 2566 8356 9846 4284 7571 553 2653 6097 2939 9368 9104 1466 6552 7688 2346 1991 7413 1895 6455 1925 500 8170 6739 5593 2913 4522 356 6733 6784 1664 7277 8877 1494 994 174 2832 5590 8512 8901 6737 5990 9168 8776 6532 1651 4854 4503 9131 1110 7169 294 9033 549 3447 8600 1440 1706 8947 7613 2223 1389 6826 3334 6013 9606 1889 7646 676 3255 6684 1500 9810 1423 77 7076 3744 4684 8227 428 2448 1758 8632 5095 1696 925 8867 3479 2248 1430 3691 194 8869 3082 6000 7183 7522 5276 792 243 4146 4943 1847 5976 1940 2526 6289 4855 9308 1000 8990 4081 2835 9998 4133 2520 7480 3606 2056 9521 3751 8298 1345 5553 846 9538 5380 162 5214 3092 4015 5929 6266 4417 6188 9893 9965 5680 654 7622 5440 8266 7697 5563 8868 8284 4124 9310 603 2735 9834 6666 5073 6063 9688 5626 1366 6388 214 4899 574 3488 5465 8307 4562 2423 1717 1760 8235 8847 7449 4756 3942 5409 9416 9583 1451 4526 9569 4230 8283 9326 7434 2730 5823 7293 5701 1489 6990 801 3460 1016 5814 4076 8831 618 4761 7953 4782 8788 4150 4149 9351 7475 9602 2683 142 9184 5600 6527 7647 5481 5131 4557 8419 2344 2388 3661 6149 2624 6850 8577 1002 8593 7833 8588 3822 9215 4450 4641 1752 9823 3846 4451 9446 3628 7696 758 6992 404 7212 6769 9645 9158 754 7786 2907 5713 9114 9488 5298 6432 1487 7387 7056 7714 7192 732 2146 1663 2472 7001 3621 4082 7640 1867 2006 9439 14 4571 5640 8594 2631 457 1695 6127 6991 5606 5336 8896 2726 6617 9796 4202 3834 6833 6948 9138 4724 287 5419 7431 8329 195 3667 4958 3873 4095 56 6241 4376 9323 3026 7109 2197 6550 8085 8601 6245 3582 6820 4525 4764 2354 403 2407 4893 1765 2239
9758 2195 7404 9142 4387 2593 8457 5265 8436 4430 9068 9069 3867 5743 3616 528 3069 4034 7618 6691 5571 7737 8087 8661 4799 867 823 9557 7069 587 6368 4641 2209 4625 5385 4630 9396 4003 8768 8577 1459 3395 9372 8767 3772 9590 5522 2453 6226 2807 6006 6449 3573 4060 2457 5432 304 7505 4104 3730 7920 6786 1724 5831 6162 5504 6026 2479 1065 1548 739 6217 9597 9136 5578 1344 1205 3779 3197 8647 7578 4624 580 2754 1516 7091 6227 7612 7882 4322 485 6601 3422 9016 9384 6385 6270 4080 8494 2924 7799 5787 4889 3016 9551 8260 9345 9123 3155 6977 8842 3895 185 6109 1014 6668 5133 4617 6973 9636 6398 8693 8454 857 2808 804 8325 1446 972 4998 6397 3888 6578 2984 5896 8270 7360 7869 1899 6118 4231 3538 6004 6846 9828 8314 8633 350 8381 337 5958 5970 3588 6086 576 3548 4019 5592 8572 7455 4022 10000 4193 1074 4765 7616 7088 1819 1984 4256 3579 2869 3706 2677 1790 2737 9894 5220 2358 66 4713 7931 9606 2346 2448 2215 3434 6634 1875 875 9242 4551 60 5904 6682 2354 860 7216 6432 1944 2189 8595 7893 7142 1107 3218 9482 6946 9992 5781 6080 1767 2299 6774 4106 3333 1665 2532 5555 906 8092 2665 4172 239 5397 2248 1887 8500 1733 9048 3032 6375 8255 5334 9750 3783 2403 6144 9077 2279 737 6614 5845 3383 1747 6269 9282 6618 5051 880 3246 3924 9439 471 9380 7179 8773 2581 832 2767 3939 1458 8597 7496 887 6860 7049 4557 8876 7153 3927 3840 6099 2999 7922 6389 5476 1577 9993 579 7956 9647 9218 9315 5071 6917 738 1412 7721 1256 8666 8810 240 195 4124 9767 5412 4274 6 6616 5448 7135 7500 93 4357 8548 2212 9033 1006 8256 132 1619 1656 9322 8685 35 5863 9817 5494 8011 3733 2321 2407 5350 6574 3778 8399 6771 9705 7712 8046 1789 7939 8018 7347 5446 7532 3748 4347 526 3466 282 1865 2860 489 5807 919 508 7039 6542 123 8409 4786 8451 6456 7187 7185 7582 3830 8084 4253 9178 7248 80 1934 4174 9849 9149 8001 5718 3575 3663 6209 1178 4135 2580 6034 891 6066 4546 6056 6531 7310 7787 8169 2391 8526 6579 7789 7772 6143 4272 403 2864 9702 3304 2418 8170 7196 395
9791 3876 2181 3404 5810 8555 9054 5069 535 9911 70 7147 8346 5509 3258 4770 4848 9379 5602 9815 9119 7177 2391 1747 9497 2193 1022 8308 3045 2019 5540 2108 2884 8960 3714 4317 9709 139 8461 7699 8851 333 9980 1384 6500 1681 2584 8468 1306 1969 5458 8378 9164 3248 6755 6102 628 6461 4419 9476 1358 1654 2940 7851 8700 5289 6900 2337 2459 8263 6974 7662 1185 970 8623 5563 2546 6004 67 2739 2718 1883 2515 7154 1953 8634 8383 3168 2621 6127 669 3326 1279 2325 4841 5765 2477 4690 714 9404 5643 6680 5979 26 5874 5858 9034 9039 3043 2416 1788 6362 9060 3878 1784 7156 1556 2379 4129 6999 7703 8057 7837 1472 9046 6657 5541 6913 4760 6833 626 6858 667 3723 7534 6579 1010 683 547 7529 2568 1637 1311 5980 4831 7750 3731 5946 1573 4008 6000 861 5242 1219 4228 2358 3294 7631 2335 2856 4511 1221 3831 6110 9047 1455 7417 4786 1672 9374 1591 435 9747 2603 9700 6929 1584 6828 6622 7485 1295 9156 4836 1754 3104 5318 6147 6706 818 8774 607 5626 5051 4108 6164 8335 2689 2636 8153 8795 1442 4994 412 9309 9490 8586 7904 3183 4647 4246 8792 7041 9373 6793 8566 1867 5691 7159 5964 8007 7755 7742 5319 945 8582 8698 5686 3148 6591 8635 3181 5044 494 3039 3210 4291 4863 1398 3721 7931 2827 5264 6859 5472 5599 5407 3491 3551 1648 4131 6602 1448 3803 1661 6554 969 3818 3687 4673 9092 7533 1774 9141 2810 3635 4988 1603 8060 2238 7100 2665 7400 3157 9808 5505 4052 7273 3349 1717 5445 5955 4790 878 6871 3090 8097 9904 6463 4022 3221 7111 5485 8022 9781 5861 3435 4660 6669 3159 9411 9257 9805 1097 8431 3647 2606 4101 2550 5210 7571 4238 373 2040 6375 1476 8252 4154 7040 4568 4917 686 4955 3150 6194 2380 8934 8875 5576 4969 371 2437 2623 5730 4421 9079 5110 7407 6771 2926 623 2450 5046 97 6791 8963 8122 9945 3328 882 6077 587 9596 7559 6620 7882 7550 3403 1005 6679 1174 8157 8001 8946 6493 8074 9466 3343 2908 4196 8710 3304 5646 1081 1600 3652 6617 3474 1922 9784 262 9063 8286 7412 775 2299 10002 7024 7744 4922 4697 4328 2522 761 5078 3752 6781 941 9376 1194 4187
5360 137 1178 9690 1234 8581 6220 9553 3411 1744 7416 2308 5539 9637 6751 9223 8874 3098 8836 634 7597 1404 4857 4916 8215 8822 3413 1347 1161 8061 9370 4712 8681 6384 7020 858 3161 1334 8745 3687 7000 4828 5669 3846 456 2902 7714 3197 4195 6232 7171 5909 6241 381 2779 7112 2610 5634 5790 4845 7298 5717 4325 441 876 9595 5081 480 8145 2703 2184 132 7174 310 1862 4007 3522 4728 5505 6379 3009 1485 3789 6767 6047 8869 9094 9463 1262 3023 8713 32 7010 2843 4415 2590 9604 8298 7357 9016 4932 5039 8817 9409 1974 1789 3487 6672 9894 768 1012 2613 35 1411 8471 8041 3333 7220 1186 8102 6235 1572 1530 9867 1124 395 0 3355 2853 2430 1336 8348 7439 2746 8659 744 5776 7624 1048 5474 7529 4895 7380 9454 8052 6153 7842 7810 4155 4165 2180 926 9677 8818 4207 3850 9669 399 9213 852 4352 85 1493 2201 1761 9045 4179 9408 7176 9920 5614 9760 7353 9810 7435 3540 1155 9252 8121 7467 7195 1145 1230 9375 8723 8054 5756 1587 3556 7986 9247 4110 8094 7823 6578 8539 4550 810 2682 1349 764 1806 5116 8543 3756 8314 4181 9011 921 5666 9445 4835 9283 6971 5581 1300 5487 9952 9269 9750 9338 1057 8691 4399 5766 9609 2302 6730 8388 9506 7737 3635 7315 7346 6196 4310 8422 2757 1472 1366 2393 3677 8985 6082 6925 4705 5067 3259 1895 2460 5388 4586 3671 169 4833 9680 3219 9835 7476 405 8022 2101 1597 1571 6732 7991 3251 3483 7466 2390 9276 3357 2456 6182 7089 2172 2514 4676 5820 8897 3536 1949 1748 6622 9812 7038 7292 6908 3076 3196 9397 4356 9298 8997 3700 9423 9202 8039 3730 3468 5440 4271 1153 9649 4369 1714 3364 6070 9307 2207 570 287 1424 887 2408 5703 7104 4198 633 2792 9535 6984 8004 5674 7857 9836 2274 2281 5895 9020 4138 2536 309 7064 2131 5649 7816 2964 5414 9432 2412 4909 4601 5697 8295 2949 3388 1306 4296 1194 6514 1229 4570 6847 174 8844 9053 2591 4402 167 5230 5928 7473 6004 2394 8482 854 3955 3837 7246 6032 6843 968 1340 7554 4936 4245 6314 901 9636 1946 7347 994 6186 6295 9676 4013 2331 5977 2750 7865 8248 7275 5279 1205 9334 1851 1187 2900 8111
8090 923 7582 1691 5239 1451 2844 1526 2967 2128 3554 689 3996 3015 2607 3539 8670 5877 4899 8899 5452 4202 2152 8797 5685 2983 8959 3549 6685 4623 3643 8040 841 3845 7971 9534 4492 4629 2452 9289 8093 5331 3203 5317 5982 9074 5739 2271 186 8775 45 1739 5718 1436 818 3407 4851 8420 5467 6228 271 6913 9400 1070 3420 7274 2787 7837 6112 3283 9451 5957 9033 8874 5411 7337 5292 5941 2202 8879 9422 6710 4664 508 4900 3697 7328 2075 9071 1331 6650 6567 8032 2429 8851 4973 4217 4178 6916 3801 6698 7046 8017 403 725 6857 502 6091 2448 76 589 3832 5548 5160 2122 4745 9447 6751 1529 7375 7756 7180 1432 1612 5910 3352 758 5310 2368 5949 614 3873 2413 2020 4978 8228 3551 6288 8375 9396 1864 5923 5775 5132 7680 2252 8961 3152 430 369 7474 3115 2771 1006 6117 7294 8824 5329 3600 1565 229 5243 657 341 3025 622 2285 7414 5018 288 8542 1264 4939 959 436 9185 8723 360 4257 6245 1900 8784 3262 8616 6589 3665 3673 2085 7086 77 5394 5708 3421 2072 4663 5710 3024 5824 409 9541 8106 7754 7577 7687 5866 2079 8277 8835 8149 4222 8189 6289 3173 1265 9744 2835 8316 6097 1257 1325 7841 5318 780 943 3612 9190 2727 9740 3629 812 4598 3602 1168 3981 989 4488 5423 4955 7790 431 5174 9350 988 9690 3547 7082 871 7897 4209 5766 1915 803 1381 6732 297 1752 8141 5810 3188 3291 7863 951 2024 4184 5725 5050 3943 8532 3249 6193 2215 1295 3789 9080 4548 3520 7438 254 5284 7529 7208 5881 4105 6396 6951 1857 2309 2650 7 9282 4479 2206 8085 6919 8209 2319 665 8760 8026 3620 7602 7728 2731 8946 1126 2311 2253 3759 5028 8310 7288 8 4080 6355 79 4997 9460 9174 5903 9745 7640 185 3970 8176 3866 8806 8902 9860 9830 5778 9540 3301 5878 9704 768 3325 1114 4693 9762 9269 2056 7839 5715 7035 5197 9788 4108 797 2572 5483 3052 266 2902 20 1698 8853 4576 7969 9931 740 8883 8628 4207 6163 8170 5057 7557 1650 8374 4591 9995 8050 8863 2591 6715 8675 9888 4272 8271 19 6900 6977 6703 1050 7390 9782 5299 9555 5327 3997 7820 4483 1412 5582 8418 5864 2476 4525 3082 4318
9965 913 6482 6809 6945 9970 4924 5855 6181 1512 2661 9749 3761 1546 5919 3484 1492 6631 2250 6273 3264 5134 4198 9868 5157 4636 2981 6271 3661 1382 8452 6037 75 2706 5820 8125 5901 7057 7752 4889 7799 563 5908 664 870 7 6197 8343 2656 5738 4388 2174 1345 786 6674 8725 6885 1866 2441 3384 1328 9164 4803 4856 9346 8704 6050 2498 7080 8190 8009 8913 9595 4309 2845 3246 8707 451 8126 699 8933 5625 1801 333 1528 9492 9744 9757 2173 6547 8917 8801 1806 4344 901 8864 4311 2448 6998 4453 4282 3201 2629 6094 3771 9568 4665 2228 633 2020 1893 2085 4001 3941 5844 3361 890 6044 3689 5831 938 6523 3674 3805 2819 8407 9966 5718 8358 4682 3857 2504 5889 9439 5254 392 4827 92 4335 7691 1987 3440 219 4143 5775 2047 1537 2702 6614 621 4402 9402 7595 1029 3470 4271 381 2007 9477 7718 1631 4057 2832 823 4333 8088 8242 7694 6395 9068 3845 4886 3391 4942 2282 9928 3254 7119 5452 1117 6016 9247 3338 452 2924 2575 6806 2537 4342 1298 5112 8565 8624 1916 2523 7121 5055 4869 1762 3071 8420 2382 85 721 4566 6869 5042 2446 7395 701 8536 9377 7554 4164 6610 1415 6905 7903 9940 872 9617 9949 4089 6487 813 6318 9342 9498 8553 999 9425 8033 4149 4584 3296 8789 4188 1846 6411 5892 3840 875 4018 5570 7715 7230 8436 9213 80 6717 5193 7497 468 9755 2570 2795 3164 4970 6731 2414 3740 711 6551 8123 6298 3305 1999 1058 2717 8640 8747 2518 3110 5682 5497 7195 373 3595 4476 4720 6321 3743 5119 2172 1742 7041 921 4894 1803 9943 5280 5238 3568 4832 4103 3708 7063 6561 6138 5044 2049 1140 6454 2360 4452 9484 1325 4756 9182 1230 8603 1081 3155 1753 9861 1543 1511 7863 7873 5888 4634 3378 2519 7915 7558 3370 4107 2914 4560 8060 3793 5201 5909 5469 2746 7887 3109 877 3621 9322 3461 1054 3511 1136 7248 4863 2953 1822 1168 896 4853 4938 3076 2424 1755 9464 5295 7264 1687 2948 7818 1795 1524 279 2240 8258 4518 6390 5057 4472 5514 8824 2244 7464 2015 7889 2712 4629 9374 3146 8543 2984 672 9289 5008 9195 3653 2970 3451 3039 4765 2392 8107 9474 3310 6010 431 2089 3207 1438
3830 1346 4077 7355 7127 2350 4923 9543 3110 4168 4302 7724 8933 4111 606 862 81 1 5874 5899 5940 2805 9672 2521 6004 108 9652 6491 8512 2620 1363 5706 9226 989 9896 8092 5934 3996 8423 5276 4518 4876 3862 5001 4067 9340 8381 3606 5782 4147 3467 8356 3565 8917 7287 611 4873 9461 9380 441 8597 758 711 5037 6928 6827 1858 2515 7195 8866 2400 5005 3273 6837 9880 1261 5939 8007 7796 4648 9092 7574 8687 2907 9439 3740 9204 5356 8652 4851 3821 8136 7207 6484 4898 9502 6245 7308 1446 4241 4822 4574 3767 8848 5973 1258 1531 2379 4170 3905 1469 4679 7942 5688 2792 7249 8154 3634 224 6640 3953 1948 4664 5916 7569 4676 3534 60 9173 6506 531 739 9486 9421 7313 5457 3614 4194 9148 6465 3666 3879 6630 5938 3202 5920 6775 2173 5033 7722 9330 359 4860 7038 5006 8078 8713 7753 8180 8480 8972 1373 3721 7972 9740 9037 3481 5577 9815 9160 4083 6164 8376 9602 6409 4775 8900 5658 8747 1004 1915 6211 4050 7711 6510 9744 8243 978 7076 7470 9317 7943 486 4668 5122 5066 6175 1189 217 3026 828 6830 6266 8143 814 9609 16 7900 4018 4056 6520 7759 6989 9729 6217 2859 8960 3755 1223 3475 6768 8566 1908 2597 925 2586 8112 1964 1488 5911 3558 5303 4162 5493 6475 1681 2625 5374 5079 8598 5563 2587 2910 3840 9368 2823 6099 6268 7746 4566 5355 3847 2975 5948 1217 4666 5519 1314 422 7365 5142 1096 3667 8684 8506 3811 114 8461 7740 5757 4106 6602 1489 709 5434 3176 1074 8034 7440 5265 1698 4254 7245 8948 6137 8732 8985 3796 8095 335 9624 2042 6019 2134 7771 4607 2220 707 5831 9431 5328 4203 2358 3335 4537 6108 9485 4616 5437 7584 6702 1653 8183 2881 4593 4999 4464 5588 2628 9782 700 2217 6306 203 5805 4585 6587 9470 2590 7318 9468 2987 3566 3715 9163 8491 1785 1995 338 4025 7670 9645 2877 5387 7502 2965 7933 2471 5922 6378 5925 779 1546 4405 2289 2021 5184 2766 2403 9413 8901 456 616 8884 8834 8752 5015 1288 5583 8624 402 1328 7650 3608 5385 7899 9220 2180 8647 840 4448 8764 2633 3786 73 1589 873 2901 623 2491 1952 3870 3413 9068 2331 3691 3920 3495 2798 6058
4290 9616 3140 7730 7252 2065 5967 1959 6994 3243 2295 340 3138 8127 3500 6319 2136 6884 5064 6082 4149 2580 8813 7427 2352 4036 10000 6972 7610 1051 7106 1025 2260 2284 7527 2516 1503 7447 8389 1528 7488 5254 8395 337 8737 2499 9881 5576 4520 3989 4319 8863 7509 6089 7763 5705 3931 5825 125 784 5067 483 9777 6206 9556 5043 5247 4781 7219 3612 4101 2101 8828 9453 471 2152 3708 5059 2071 4776 3208 4239 4729 7534 6130 4628 2565 6787 9308 4236 321 1906 2504 3885 4949 3892 8563 7017 3681 5415 1454 2163 6528 5681 8695 829 1138 4847 4125 7344 3817 8440 6415 3094 6854 1012 9844 7917 5157 2632 8498 4909 1825 3572 2034 7117 3845 2882 8908 3580 446 2111 6843 8199 9222 1293 9104 4702 7890 5513 2015 5885 8229 3267 7538 5336 2125 4064 4442 9465 8096 4650 8205 8031 2542 6349 6188 3122 1296 3505 323 1509 6256 9638 8780 8974 486 4178 1827 3175 5786 2863 7676 7964 831 741 8599 9878 1168 8899 363 3576 1240 4614 5344 537 9065 7440 4775 8410 2363 6856 615 3589 3663 8988 7714 421 2070 9978 1332 6366 7817 4993 5165 1044 3492 7907 7142 3886 9754 5768 6436 3929 6222 6380 5038 1236 5408 7847 9045 1403 7283 915 4081 6071 1329 1958 2189 1367 4422 3428 597 7162 9923 7246 3256 4718 4714 5508 8011 6512 8857 8700 4840 511 4219 8699 35 8642 6346 1780 7501 7677 2762 2707 8621 5511 2412 2133 2476 9443 2456 3406 4964 5918 6682 5133 7396 3502 5922 5888 2630 8895 1157 6079 9748 6959 5187 6684 4736 1141 9255 9753 963 4560 6056 9310 3839 4073 7659 6335 8967 6879 1053 6709 4777 8013 6115 2602 4446 8671 5593 6149 5860 8188 6402 671 2480 8649 9960 4905 2619 6075 535 9462 3688 9029 4579 7288 4926 3454 5443 5903 4656 7014 9280 9794 7835 1420 8912 2786 7950 3610 4498 8356 3075 5622 5396 222 6547 6913 4311 444 2508 3091 2446 5391 6218 7174 7541 9744 7753 7690 5185 7081 984 5395 5424 4671 9040 7399 7910 1543 9514 3373 6511 4052 6824 6967 3599 1678 7734 6458 9569 7466 9621 7151 7103 6624 6639 8665 6784 4900 8615 6702 1163 4888 990 4204 6673 1916 519 2631 3693 3033 3952 6660 9500 6152
4386 1770 682 6503 6843 9402 6794 4118 4933 8271 6140 3846 8890 8356 4278 3194 8221 6058 109 5163 2644 7319 4979 9147 2373 6074 6940 5158 8640 7946 5607 4573 9682 1249 9034 9793 4233 7123 3857 1703 8978 895 9254 6151 6666 9512 4973 331 1124 8829 5454 9926 2850 6456 1162 1286 6693 9156 5590 2944 7811 7387 1488 6624 7842 6237 9609 729 2177 4952 9503 1756 3461 253 6600 2599 1241 615 4792 1235 1806 3543 3990 320 8311 8207 8837 3866 4920 5848 1766 1476 9006 5344 1740 6637 258 604 1972 613 5189 7490 6060 9719 8915 8397 1143 54 1070 9541 4220 4700 9490 9340 9094 7890 6716 9594 8710 4058 6836 5788 3669 9000 6535 491 9392 8779 5372 6189 9130 744 4203 3071 7619 5471 1548 4721 318 8708 4455 3084 35 9845 3918 4605 3330 1239 1012 1040 5489 7982 8468 2060 3159 158 440 4505 3166 3772 3565 9630 1564 1545 313 4697 5082 3712 5468 7147 9100 6699 7965 6839 189 9297 2619 7278 8114 2280 9524 2591 2829 5621 1794 5925 1492 5830 5339 7736 7264 886 6037 9281 5795 7283 2118 1653 8896 7165 5527 439 9707 1290 5899 6653 7089 599 7968 1240 5817 2916 3362 4894 1002 3025 6743 9238 9327 6671 3516 4346 9710 5698 1520 272 7832 8222 856 1985 3036 9563 9860 5944 2724 1446 4954 9106 5508 9214 4084 1675 4529 8409 8768 2552 5567 2506 4691 6273 2463 8223 5661 3861 909 6475 2394 6909 6308 519 3834 1265 5858 9788 222 7750 4485 7136 6280 6077 1341 779 2259 8689 3223 7468 420 8475 5674 6284 5283 8845 2278 9921 8846 7083 1790 6719 3995 4331 7684 7579 3404 6564 9745 3754 7138 5883 9829 7094 4610 7341 612 384 5614 8187 2800 6374 7432 7566 981 2190 7375 3870 4126 3345 3265 9138 9163 9204 6069 2929 5785 9268 3372 2909 9755 1769 5884 4627 8970 2483 4253 3153 1349 9198 7260 1680 8540 7782 8140 7126 8265 7331 2597 1638 6870 9046 7411 6731 1613 6829 2174 544 3875 8137 2718 2637 3705 1854 4022 3975 8301 185 84 5122 5779 452 2123 5664 8269 6537 94 3137 4525 9203 1264 1053 7912 2349 831 1944 6171 2696 7004 2461 8620 1909 8115 7085 1393 464 9748 8162 2759 9509 565 4710 7505 8086
4232 7268 5042 6595 3538 4929 4008 1697 5112 2707 4767 6144 8002 9448 2613 3412 9926 7800 9517 3927 2765 3261 4875 4720 463 9893 9347 7651 4069 4599 9471 3051 6532 1033 6825 7918 6108 5141 1954 9136 4503 8513 3081 577 7278 3057 5341 2282 4070 9404 1340 924 3444 3574 7790 1495 5181 4021 4120 9486 5077 4651 9156 533 6005 569 8866 8063 2343 6972 3756 1684 2689 8340 2397 6260 4990 6910 6056 5456 4472 9663 4967 6472 2936 4342 5447 1255 2786 4096 4243 81 5664 3212 9598 2859 4616 1093 4922 394 8579 9994 4309 6994 9396 2928 5930 446 8264 7476 3782 6530 1430 3073 2165 2277 59 24 1968 6357 746 8756 9884 6130 774 3198 2370 6616 4373 4297 9376 6898 8438 2958 9982 6691 4496 4899 9963 5459 8880 5284 8593 7215 552 7237 6192 8481 9433 587 5293 1803 4085 1423 9466 9047 7159 1661 2251 5220 1283 7235 6589 4729 3680 6763 211 9880 6924 3277 1699 4715 6459 513 9975 3077 1371 9781 1558 7686 2125 210 5075 5048 5404 4787 2174 5494 6936 895 4197 9212 9431 984 1541 6057 254 6348 7536 1879 9013 3901 7926 4520 135 4952 4446 4817 6226 1732 3168 8325 371 8141 6874 3195 7969 988 747 3554 1753 4003 7693 5739 3335 193 3446 3177 1535 7248 9012 9103 6050 6647 3223 2411 3481 1233 7153 2852 1002 7975 9804 1996 799 3239 9242 3476 7229 7780 3480 6435 5277 4979 4090 5434 8839 8419 1726 4359 7076 3126 6655 1635 7412 6479 6550 7467 565 9660 559 844 9317 3599 7831 8367 2041 6877 7603 3590 4614 1490 1170 4648 4748 4912 2379 9833 1243 5168 1598 9753 7116 5193 1639 6618 3976 8049 5122 722 3513 4888 7143 4837 2256 9231 656 6607 1156 7427 8505 4669 5583 4280 7747 5027 4569 5419 6813 293 3610 644 8989 8665 2930 5533 4198 4010 1300 8864 8460 8598 1219 9932 6609 759 1172 4251 8500 658 6210 4908 3173 2329 9751 7513 1441 5893 2787 8901 6119 7961 2576 5753 556 6443 3689 9980 7088 744 9153 6132 377 6950 8123 440 9455 6227 6537 5044 6198 7290 675 7839 6779 7042 9875 2913 3904 2327 141 3761 5695 2062 7712 6971 8958 9815 4816 1421 9863 5295 1406 7837 7176 3290 4122 9089 8829 397
4896 1367 6387 610 1543 1472 555 7457 8369 7463 7178 8712 4423 191 9662 5981 1145 419 4432 3408 6532 6852 3374 3274 3110 5643 8196 6779 2854 6424 8276 906 2829 6383 1404 4046 9980 2900 7300 4509 3134 879 3185 5766 8798 7366 1415 6866 595 9524 3353 2439 3742 275 2995 3453 2603 1209 7729 4412 7378 9040 9364 5092 2489 3824 4012 6722 9165 9569 9431 6803 8097 1413 7263 6850 3771 9529 7364 1812 3114 4849 5693 8278 509 6581 2129 5235 9128 1903 61 5446 2269 7466 1579 4333 8049 934 7278 8876 1890 7645 1072 9906 7582 8574 1795 1485 2978 1824 732 7347 183 1243 980 8154 5109 4118 5695 7881 4261 2327 5960 310 1051 9071 8214 3206 6601 8166 2727 6616 185 846 4732 3900 8940 9200 7625 5042 2407 87 285 1010 2199 1347 350 3118 4055 3190 9777 8171 6738 5989 9564 5420 7430 8725 6846 4565 2025 5865 4157 2957 989 1364 1979 4989 7924 729 2939 4562 7624 237 531 2214 3373 8476 1234 7770 1277 4238 1889 2840 9203 2026 663 6033 830 7908 3905 2944 8573 6997 9616 5105 4912 8198 6382 6606 2170 2100 5988 4759 3544 9557 1806 4305 3600 8448 6792 5277 791 639 790 5841 8921 7968 2002 5427 1037 1843 1964 2963 9805 2613 9231 6475 3156 6519 4429 9007 904 3226 2631 5658 215 4898 970 132 6363 5374 6554 2485 4618 6515 5223 1503 9412 5571 2474 1798 5893 8606 5450 1475 4963 3078 1988 8206 4794 1600 5168 7417 6302 2472 2195 2141 2853 1619 6400 3033 5917 3842 439 462 900 4020 5134 4159 2560 4741 7117 5810 64 9854 7897 1085 2322 1949 937 1679 4497 5516 8388 8695 2794 8327 5793 8442 7983 4028 3546 9160 5558 51 7431 3523 8722 2438 8944 8406 5122 6541 62 244 4145 5339 8498 6874 9014 4518 6351 7756 4056 7995 1646 6044 3650 8530 522 9004 6503 7605 9012 4915 2599 2003 225 2913 9723 8883 5504 763 6197 8304 5355 5322 6869 5003 5145 6979 3182 1358 3170 3740 672 9250 7707 8779 6134 5799 7251 9232 1273 5032 4392 1341 1541 1869 6810 1704 4538 2381 5248 1544 6277 2431 5330 5281 10004 8143 2289 3496 9078 1821 6331 1719 6564 500 3364 5259 4364 6899 9055 1383 3211 605 7539 2099
2163 7706 3187 4582 2867 8060 2967 8224 434 5671 1851 9596 8288 7744 5651 5821 2097 793 9462 4866 6535 466 9326 1841 1574 9542 9000 6510 425 2454 4981 8725 6059 4889 6973 3586 433 866 9982 1716 1369 5203 4686 2237 3024 1913 7296 4516 5961 4328 3251 1885 2847 2023 5475 729 2152 4886 2565 7965 6814 123 2359 8828 624 7984 8046 5746 1974 191 8875 6305 6093 8147 708 1317 5518 7204 2764 3488 9879 7151 8281 4130 2526 696 3699 3020 2707 9799 3017 8306 4171 9398 7563 6555 6503 6818 9336 9863 320 8286 8141 1899 68 8273 5718 7532 7705 8389 2706 4994 1141 426 7259 6857 6598 2971 7430 7938 7170 9513 9753 2141 2066 1943 1341 754 2193 1751 9432 814 290 4234 1896 5667 2645 2092 6789 82 5494 1961 7775 4501 3935 6209 5135 8177 4760 7562 1750 4627 8945 2417 7322 9362 4702 9068 3019 7909 7923 5144 1387 1630 8433 3979 7482 7623 4652 8986 9289 4182 2211 8185 3172 2556 4748 9944 9259 130 5973 1946 5749 6382 5819 2494 7048 3709 1035 1453 8543 2158 3695 3814 5210 8300 5362 8149 311 5069 1264 1028 7846 5418 7040 5297 6041 8462 3226 1844 5982 5163 2619 7253 8048 5349 5726 5944 2699 1380 8023 5308 8861 9084 9850 7904 3912 5771 2015 7063 5735 9161 9576 2251 245 8163 7539 1312 1507 7831 3392 8921 7181 2326 368 8765 8126 9880 1949 150 2003 9445 3237 4664 6604 1780 8679 5183 8656 4745 5536 3631 6511 5230 4330 2854 5637 8600 5854 550 2659 9320 3032 325 2290 7514 1271 4642 964 536 5438 3070 2789 3529 6744 4011 1130 7613 6637 233 538 5041 6822 8542 7360 1819 5941 8298 5759 4397 4565 1238 6189 9105 678 7272 9280 965 5341 7314 943 9708 6070 7709 7595 203 6493 8803 583 1112 1179 2890 8498 6087 9338 9466 4072 4032 1965 6981 1998 5434 3864 5292 2030 9089 3854 7277 3284 338 4713 1881 3641 4526 3976 3074 1995 1026 8243 1666 1287 1466 959 6532 6065 3698 8222 831 1919 6105 5765 3206 5814 8490 7675 4337 6468 8762 3718 4252 8330 9414 4387 6550 2492 7445 9964 5289 7629 3461 228 6534 5668 7450 3968 4662 7001 8035 2926 1352 3574 2815 8375 5485 8751 898 3630 1706 3354 6457
3420 4417 1649 712 1577 4997 6603 8036 8785 5210 9354 7344 6049 7928 202 2742 8909 610 1810 3778 3403 2788 9785 6850 4038 1828 205 7150 4530 4236 2553 1394 6298 3533 7004 3490 529 2878 1927 5571 2741 4104 8741 3937 6866 862 1823 6201 7777 5158 9669 9862 6576 8392 8168 2597 2667 8786 8 1223 5217 2961 462 1167 6326 7982 9497 3976 4128 3977 8933 5853 6806 2765 9347 3730 2924 2803 1804 4969 2154 5543 8299 1611 8255 338 5767 3863 1541 2136 9116 4552 9876 3797 4635 8411 9400 8220 2282 149 8259 9551 3264 5362 9203 2293 2969 8881 6168 9324 3292 9811 1689 2779 6568 9980 3167 9606 7357 8472 2295 2572 2626 1914 3148 8374 1734 8857 925 4328 4305 3867 747 9640 608 2207 26 7657 8964 4703 4920 6877 3682 2445 2818 3830 3088 270 9258 6386 6079 1973 6447 8981 6332 6791 739 1221 5614 9216 4716 7343 1244 6052 2329 5830 6368 9652 8233 4705 4523 622 9435 6276 7900 5760 249 8423 7018 711 6779 3121 8730 1117 6244 4245 5770 8271 7169 5762 9859 2168 2764 4542 1854 5051 5891 9270 4004 8577 6470 9419 9452 7905 9771 9629 7795 1585 3409 1597 1027 4095 5524 7067 5995 8640 8975 7523 5542 3494 9742 375 3426 3226 2898 7964 3063 229 2386 9526 3223 8497 2336 9444 9493 4770 6631 2478 1271 5696 2946 8443 3048 8210 4267 1403 9515 403 7875 5719 3384 1556 4162 7235 2668 3584 1884 9103 2129 5502 1427 4751 5399 6862 1656 4326 4702 115 5001 5809 5533 277 2865 9511 1197 371 4220 5729 1399 302 2906 6376 8064 3227 7703 9840 936 7148 4927 484 6807 7570 1216 1603 9843 5344 2769 8553 1227 4423 458 1961 8829 6483 1835 3819 268 9655 2634 326 8149 1365 7051 9171 8645 2979 6896 4914 8068 2433 5200 1332 8598 7305 8787 4813 3099 3090 9880 3003 2132 9910 7055 8377 6142 4478 4551 5071 1921 6762 1492 6859 7255 8705 1076 9379 7385 2914 4788 3058 6225 3013 147 8656 5799 7518 1531 4121 363 5808 728 8408 4992 2592 8663 9413 636 6656 2519 8143 2556 5802 1919 7159 7747 1106 3424 3623 9153 2211 9239 5154 456 2358 5077 730 8011 8744 8345 2487 4488 2566 3817 665 5903 6888 6502 3067 9442 9890
2029 5732 6201 8171 7399 529 3272 4168 6438 6158 1696 6787 1927 5965 4982 4971 2151 1529 4912 8859 922 314 918 1108 3421 9616 5766 9459 1906 5130 5614 9610 6957 8210 4661 3644 375 3820 5467 3765 1374 655 8282 376 8625 7343 1638 8293 3196 9247 3960 7698 6223 3804 8643 3770 5385 28 7654 4950 1316 2161 9551 3658 7603 63 5710 561 6927 4158 8423 7412 2952 7646 6538 6322 9170 4234 3344 9890 1412 3119 9521 9613 1358 3831 8287 4387 7998 6715 6212 984 8021 7153 9332 2098 7046 5554 1506 4474 5739 9815 1289 2517 8934 1045 916 1505 9676 3863 1935 4377 9983 7969 7468 1843 2625 7510 3513 1361 8239 3908 8013 8741 4331 9107 1729 5240 3793 5823 3148 8768 3975 9724 4342 1920 2351 1857 9853 3753 3756 8164 3785 7411 8154 5770 8665 9410 6629 3269 9767 810 2532 953 9171 9039 5220 7763 8331 5660 479 3190 431 2711 446 4737 8572 2853 2280 940 6748 4665 2850 7879 5319 3122 3922 5234 4984 4574 5903 7282 8743 3934 2852 7482 9071 8875 7753 309 6914 1735 4049 5042 3068 4634 4000 9765 1207 8787 5207 5340 3957 3290 595 178 7900 6154 2490 9290 428 8310 4825 1111 7829 5237 9392 195 9529 8025 6359 6829 3597 4701 5711 5366 8803 2031 5335 9953 3917 1223 5611 5202 1329 4584 3918 6028 7487 3075 8248 7125 4883 9612 6560 1955 407 7475 5457 5750 2628 1911 9141 4987 8982 1524 901 9486 1550 5747 8227 6290 5515 4244 1359 8636 156 2260 4910 9256 7177 4568 7094 6033 1491 2448 7620 1692 7581 4430 4466 7327 4814 8298 7207 8620 3332 2265 8921 8629 6549 9142 9792 851 9404 7820 2020 2515 9331 7300 5170 7681 4594 1933 4774 6231 2216 3637 6768 695 342 5367 3601 3907 3208 6865 6458 2188 9195 4275 209 6750 4268 6602 3625 9150 8204 5852 2395 3130 2334 228 7982 9891 6217 4995 7394 6525 3899 4796 1864 3460 6878 8881 6562 1558 4159 3221 9288 825 4558 9079 7287 2747 3307 2224 2049 1762 3693 5659 5681 1314 2558 5799 7912 3772 4988 3780 3400 8781 6398 4091 6712 1804 5363 4395 6410 1709 9210 6301 8335 4866 7983 4689 8093 2868 4306 9066 4864 8380 937 2340 9044 9231 7136 7703 227 3177 8015 8344
3218 3831 7238 6421 3480 1859 8407 9539 4991 7139 1055 7889 2285 3902 8155 9526 2568 2765 8692 8005 9280 1364 1591 1563 7121 4628 4142 543 9451 2445 2163 8105 9444 8838 9045 2980 1039 1058 2290 7913 7528 8898 7142 5463 3510 5911 4645 5771 2414 3313 9991 5332 4496 323 3086 12 9781 6989 809 6685 1111 6780 7271 4874 5346 1717 6573 3329 6815 5327 485 950 3714 5445 7083 2164 2903 1313 6711 5957 5521 2004 4642 1363 6793 9694 9248 7716 1601 9585 5867 3372 3283 5939 9094 8264 2900 6912 1083 2331 4778 4388 1747 618 9574 3047 2750 6666 9886 1157 7656 3504 7102 3396 8526 928 8081 4201 3842 51 7043 97 7919 6337 140 4387 6949 8749 1694 6135 209 5701 6302 2084 8776 1338 6752 2822 2381 4860 8125 5474 6330 6533 1262 1824 344 3921 9387 5142 2183 4135 6936 6326 7327 3765 325 2689 3764 5527 813 5891 8615 8279 4926 5031 9206 6046 2865 8856 5472 6727 2781 5516 8000 5269 1991 2219 6996 4423 9810 6236 5178 5044 1622 413 5235 8740 8484 9265 9345 3472 3447 3406 6541 9681 6825 3342 9238 9701 2855 834 6726 7983 3640 120 8357 9457 1254 3412 5350 923 4070 4828 4470 5484 4345 5279 6 965 5740 3564 5199 5879 990 5781 429 2059 8735 4473 9892 9973 8905 749 8588 8635 4309 2418 2519 7488 6831 2151 480 6946 4341 6073 2509 9473 8085 3407 1339 1550 4698 254 1772 659 6439 9914 5606 142 3990 694 4495 5525 1210 2139 2862 4448 9851 3101 2038 7900 5105 4524 4772 5579 498 3373 8088 7815 6967 5176 5441 7877 4667 1404 3658 6554 2097 1192 5712 9122 2706 5393 7398 4682 3430 1777 4670 5812 9286 173 2840 8815 8607 9867 9932 2033 3889 5732 5152 198 2881 5680 5467 2716 3408 6144 3426 2571 7173 4313 1624 16 8987 4486 2308 4340 1268 633 1593 1166 866 374 7973 5625 1374 9613 309 5865 3769 9538 186 5263 3182 970 9751 2937 4571 446 3688 599 8342 7431 3135 5296 1635 2836 9609 1103 8368 2270 1876 29 1403 8860 4678 4224 4280 3171 8157 9129 6320 8518 2516 3080 1203 8532 9744 9330 1446 5328 5290 2826 1587 2357 9624 3129 6487 386 5591 8123 5871 2578 780 7438 6749 8421 6760 1234
2770 7089 5366 2140 2053 4312 1212 6135 4602 3689 9797 8206 8799 6169 7860 7431 7528 3284 5130 8958 9632 5934 9476 6879 7023 8460 8415 2337 7980 3625 2487 8226 4829 3661 5348 5713 8313 2570 6761 425 7246 9226 6469 8352 9839 9876 7535 6898 8255 4076 8030 3707 6224 1946 534 620 3563 4787 1991 6612 4984 7918 5925 6259 2 6152 6231 5560 3659 5745 1961 2560 8746 1679 8502 78 1073 8709 4020 9139 8728 5252 4755 8343 6622 2999 6664 4669 5400 5398 5795 2043 6297 2466 7391 5461 8300 147 2387 8062 7362 6214 3931 1788 1876 4422 9398 2348 793 4247 9111 4279 2759 4269 4744 5523 6000 6382 604 6739 4792 6002 5985 4356 2485 8623 1077 7915 1517 631 6383 5409 8615 2665 2914 8526 5321 6069 7696 9964 74 1867 1205 2521 1477 8571 1392 426 2044 1095 4342 5264 2373 834 1112 5971 7135 6242 8380 4281 2362 8021 490 9354 1075 8312 7772 4885 2552 327 6685 5504 4768 759 989 5369 6548 7681 7938 1955 3751 7497 4434 7016 4846 5290 7219 9582 5852 5739 3152 1311 1494 193 3263 4295 9590 4264 733 6150 6628 1808 7913 1914 6886 630 1578 3533 735 5753 373 7561 1737 6996 8816 7798 9731 1293 5067 6453 1521 9844 3880 6908 6270 2822 6774 2848 1613 1589 6353 1357 2370 6433 5491 2345 6392 8626 5485 3536 5143 1374 3999 8304 9360 9891 9561 5017 6371 7791 6117 8175 9949 8055 3748 3089 8813 3390 4103 7674 4324 8837 8633 9099 6661 261 9779 1772 5052 4427 3402 1721 165 8821 1802 9104 665 9641 9151 6346 7750 9252 1308 7093 4572 9644 3552 1967 1369 9995 8931 9988 5317 6863 192 8465 2419 1710 7352 8199 5185 3044 2735 9033 9755 6536 56 5440 7465 779 7026 2861 4036 5963 8723 1241 5382 8971 2048 301 1839 6763 28 991 4972 293 3427 1762 7037 5681 4658 2580 4776 9178 5990 8367 1858 7995 5651 606 6342 8544 1748 9816 9438 4415 5784 9230 5675 5849 1331 7531 7692 751 2577 368 3550 2364 7624 4242 5100 4906 3387 9702 2046 698 8094 1010 6204 5916 3042 3132 5281 4002 2705 4981 3510 297 2633 9266 8536 3336 4815 6440 9105 5470 1510 7024 3258 284 210 4892 6166 3452 1803 3902 2541 7514 6063 8887
153 8117 8369 8382 798 5172 7542 7426 431 2969 9533 7489 2936 1073 5623 3078 2907 1826 1254 4719 2396 8193 3290 853 9265 645 518 710 2626 2566 4469 1986 9522 4669 2314 4456 9570 5148 2299 2430 1444 7032 8591 4343 6983 3307 2482 1129 4514 8064 3879 9024 3452 8724 2960 6316 612 2065 8851 2768 4400 672 162 1327 5239 9253 3027 8027 6220 9661 2095 2896 9013 632 8102 6343 256 2682 1457 9455 2958 6713 6867 6319 5020 7693 2470 3511 2016 3567 907 8553 1879 5744 4077 9749 4641 7872 1963 9084 1549 1200 5431 1162 2967 9930 3737 7190 7249 541 1148 5746 3680 3494 387 1696 7045 1007 8717 9353 3191 5494 3667 1071 6020 9333 7161 8002 6179 2789 5235 40 5530 6528 8565 9504 8242 8574 2714 5112 9445 4943 7967 8123 7178 9631 8050 6658 2774 3209 1921 7414 2813 471 5036 4517 2465 9507 2643 4195 6340 5855 7061 7838 8712 5342 3818 6122 9100 8380 1195 1420 1789 3595 5356 1039 2365 9343 5176 6748 4923 1930 624 9690 1342 7265 7372 1143 1735 4307 4122 5820 9005 2220 3101 3345 4946 2368 3744 797 367 5666 9553 3519 428 8568 3905 3863 2193 3457 2728 2333 5688 5186 4763 3669 674 9772 5079 985 3077 8109 9957 3381 7807 9862 7228 9713 1780 378 8486 168 136 6488 6498 4513 3259 2003 1144 6540 6183 1995 2732 1539 3185 6685 2418 3826 4534 4094 1371 6512 1734 9509 2246 7947 2086 9686 2136 9768 5873 3488 1578 447 9800 9528 3478 3563 1701 1049 380 8089 3920 5889 312 1573 6443 420 149 8911 865 6883 3143 5015 3682 3097 4139 7449 869 6089 640 6514 1337 3254 7999 1771 7168 1609 9304 7914 3633 7820 2278 1595 2076 1664 3390 1017 6732 8099 1935 4635 9063 714 1832 63 5968 9648 9679 8529 6643 748 5090 3805 3699 4726 6010 1311 8415 9258 7038 7400 5592 4228 4793 7721 6919 6004 2502 7166 2006 5552 2161 9809 2738 348 4434 3930 3904 9065 317 5584 5816 9799 4723 1602 5690 4789 8515 9422 4505 4847 7009 8153 1223 5869 4282 4081 8955 2138 9371 9625 9241 5409 5529 1723 6689 1624 1323 6033 1749 1528 365 6063 5801 7773 6604 3486 1975 6702 4047 5697 8403 1633 4540 2903 2620 3757 3220 4741
390 5634 5428 6291 101 7962 3642 560 1910 4124 4953 5512 9631 7580 9420 4432 3857 2914 4970 7141 1495 1442 6959 7601 248 3800 9225 8115 8296 7392 6710 1989 3453 3052 7598 5847 8179 5599 7372 673 4497 5965 4770 6813 6561 6548 4125 9758 7388 7504 4492 1954 5397 7441 1987 3850 9307 1845 2016 3097 3669 204 2527 6737 1633 4070 5665 4278 4405 4213 2297 2357 454 2937 5408 254 2609 467 5360 9782 2624 2493 3479 7898 6339 580 7947 1616 2441 3794 409 6866 1044 5906 1471 6206 1963 8614 4311 2858 6079 2155 523 4251 4761 3596 9691 5677 1896 6903 8710 5269 2828 2027 5917 4291 6828 8587 4667 2241 3466 5475 1965 8217 8063 8611 9910 7237 2453 1412 2907 1356 4016 6377 3044 9186 846 5181 282 7058 2960 5846 3374 3723 9499 3761 1956 5000 1186 7740 7681 4382 3775 9184 1243 1429 4536 3227 7885 3916 6213 5577 1732 9436 1256 3852 8910 5597 7769 6928 8751 2134 9695 4883 9400 8402 6365 5426 6688 6356 2209 9818 5485 9987 6963 6807 7752 5299 6880 8272 2149 1714 3002 7516 2110 4452 9894 406 2458 5423 2280 728 8590 9075 7869 7092 6218 9588 1105 8808 5830 6550 3728 3503 3134 1328 9574 3884 2558 5587 9754 8182 0 2993 4299 5240 3581 7665 7558 3780 3188 616 801 9110 5925 2703 1822 1578 9984 2555 1179 4126 4556 9264 5377 1404 4495 6362 1018 1060 2730 1466 2195 2590 9242 9744 160 1254 4249 5158 9851 3938 1846 6821 4973 1542 7123 5068 7702 5217 3143 4545 6444 4755 4787 8442 8432 410 1664 2920 3779 8390 8747 2928 2191 3384 1738 8245 2505 1097 389 829 3552 8418 3189 5421 2677 6983 2837 5244 2787 5162 9057 1435 3345 4476 5130 5402 1445 1360 3222 3874 4543 6841 1003 9041 4611 3350 8487 4503 4774 6019 4058 8047 1780 9915 1241 1826 784 7481 4054 8841 4283 8416 3586 1669 6931 3152 7762 3314 5626 7016 1290 7110 2645 3328 2847 3259 1533 3906 8198 6831 2988 288 5867 4209 3091 4860 8962 5282 5251 6401 8287 4175 9840 1118 1224 197 8920 3612 6515 5672 7892 7530 9338 695 130 7209 8011 8926 2421 7764 2917 9378 2762 5121 2185 4575 489 993 1019 5865 4606 9346 9114 5131 200 3321 9240 134
3137 6073 3683 7769 7265 7239 2393 3652 8919 9151 3127 8058 4937 9025 8124 1843 2750 7840 8182 337 1481 4558 9204 7617 7416 2283 5473 2699 2953 2569 8744 8864 5058 17 4959 4658 9368 5084 4863 3700 9398 9136 1101 9939 6821 5310 30 7382 9032 1731 4968 7875 6238 5955 7092 6555 8076 1364 2765 9866 6301 8460 5196 2645 3665 1335 3518 5497 7942 7949 1556 4681 9806 8204 5977 2725 7799 1310 3477 8632 1075 5093 8080 570 262 1358 3956 8617 9056 6974 9964 6862 2175 6897 231 2508 5842 4505 4714 8259 63 5835 891 1589 3134 1665 8062 4143 6522 9623 9505 2907 1693 2504 6636 7008 3215 597 9913 1975 6569 5297 7614 3008 6662 1847 1956 5337 9681 7999 1638 8418 3526 3909 2936 940 6873 4995 7519 6855 8568 3772 5113 4110 8069 7757 9647 4741 7903 680 8448 7578 147 9175 8370 3047 3924 4962 9066 4989 8710 5606 1316 2286 9881 8327 6579 3312 6360 1752 5803 7243 1599 1149 411 6806 3284 1911 9266 5317 3644 500 4150 129 2741 4623 1305 9473 9259 1703 519 5382 5752 2356 5993 9556 7794 7306 4104 9260 6508 2395 3255 2664 4897 6958 3133 6867 6186 6270 9610 7082 8540 9330 2620 3624 4470 6658 2641 4459 3838 2019 7842 7785 4089 7234 8389 4279 9547 4577 429 3233 7031 3653 3717 1020 1000 4970 7478 9990 1701 916 1630 10006 8532 911 7626 626 9160 6344 4928 5808 1247 972 521 4985 9504 8109 9824 4631 9724 4467 2250 7020 833 3095 4403 4947 7040 6870 587 1891 3229 7825 6156 2218 3365 843 1110 3149 3691 6181 2259 230 7710 3966 6632 7802 5718 9105 2251 1818 2709 968 1315 7488 8005 447 9667 771 5395 8175 6730 8363 9440 799 9844 661 7216 1955 532 7805 119 4726 5877 2561 325 3863 2060 4707 4645 6945 710 2493 3816 6386 6598 4544 1976 1367 7173 5487 9927 9203 2812 5540 4410 8561 158 1988 8992 9671 9984 2892 9674 4385 8520 3293 5128 6136 6188 5873 3355 2828 2364 4405 4550 785 2616 4418 6973 5159 4986 4302 9985 7697 1543 2258 5432 5834 6093 9720 5261 4753 5521 3178 2938 543 618 741 1343 1930 491 933 3259 1870 2394 8457 788 7024 39 592 5902 2602 7197 723 4916 8190 8756 6482
7278 8079 4189 5815 3278 1519 5439 7865 6640 4631 8141 1889 2043 1495 196 2869 7653 8694 7199 8750 6090 3729 7062 920 9260 4925 9824 3048 7146 4260 6732 6383 607 6345 8150 5106 8920 2366 2425 5724 6331 922 8863 8677 5570 6879 2221 6190 3893 4529 8374 670 8850 6254 1196 4509 2337 3178 1355 7972 411 5223 706 1704 3741 4680 3418 3750 7897 288 4621 119 3143 3299 2354 4807 3226 1834 7957 8392 7104 2590 7996 5654 212 9700 7648 4683 7826 9378 1516 1031 2237 3014 3888 518 9001 1298 4276 3556 6378 6603 6972 8778 532 6222 7548 4519 352 1924 99 7113 5807 4866 6525 2441 2548 6326 6918 9490 9305 996 4181 7403 8284 8528 122 7551 8927 5980 5550 842 4729 8702 5611 3744 9088 9046 7376 8640 7911 7516 864 362 9946 8852 5857 4948 255 6168 8260 3285 5133 8564 2983 5038 2404 4889 6963 5561 3662 5351 5319 1664 1674 9696 8442 7186 6327 1716 1359 7178 7915 6722 8368 1861 7601 9009 9717 9277 6554 1688 6917 4685 7429 3123 7269 4862 7319 4944 1049 8671 6761 5630 4976 4704 8661 8746 6884 6232 5563 3265 9103 1065 5495 6756 1619 5603 5332 4087 6048 2059 8326 191 8865 8280 9322 2625 6052 1265 5823 1690 6520 8437 3175 6954 2344 6792 4480 3090 8816 2996 7461 6778 7259 6847 8573 6200 1908 3275 7118 9818 4239 5897 7015 5246 1144 4824 4855 3705 1819 5931 266 8988 8882 9909 1186 6494 3591 4434 2214 2576 768 9411 9976 2897 2095 1180 7685 2342 7189 728 7344 4985 7921 5531 9617 9113 9087 4241 5500 760 992 4975 9906 6785 866 9972 3691 4598 9688 23 2185 3329 6406 1045 9465 9264 4131 7321 4547 4801 4417 585 705 6906 1865 6807 6506 1209 6932 6711 5548 1239 977 2949 1780 8669 7158 1878 9230 873 3579 6816 9723 8086 7803 8940 8403 9924 3212 4613 1707 8149 301 7044 4493 5513 3183 5366 7345 9790 9797 3404 6529 1647 45 7825 4573 9647 3158 5325 473 2923 6941 9928 2418 2110 3206 5804 458 897 8822 1805 8710 4023 8745 2079 4356 7690 6353 6562 100 1911 7683 2739 3437 4982 3513 9910 5991 8370 1464 1346 4755 3541 4352 8484 8856 5063 2445 1754 3823 8417 7145 9462 4856 8510 3695 3804
7098 5278 6296 4363 2794 9027 7641 2566 4250 207 7186 7824 1265 7320 1239 2474 2498 7741 2730 1717 7661 8603 1742 7702 5468 8609 551 8951 2713 88 5790 4734 4203 4533 9077 7723 6303 7977 5919 4145 6039 339 998 5281 697 9991 6420 9770 5257 5461 4995 7433 3826 4315 2315 9042 9667 685 2366 3922 5273 2285 4990 3422 4453 4943 7748 6344 4842 2779 7001 9522 4450 535 2120 2718 4099 5163 4106 8777 7231 3895 5629 1668 2377 6742 5895 8909 1043 1352 5061 4339 7558 4031 8654 6629 3308 7068 1226 51 8131 5371 2846 8712 5123 2039 3786 2248 7331 4059 3096 9122 3794 660 2325 7057 8413 9436 1507 9318 4916 8104 5727 2229 6099 8443 3481 7752 5550 2339 4278 4656 9679 8310 4864 8419 8245 2756 6563 6402 3336 1510 3719 537 1723 6470 9852 8994 9188 700 4392 2041 3389 6000 3077 7890 8178 1045 955 8813 85 1382 9113 577 3790 1454 4828 5558 751 9279 7654 4989 8624 2577 7070 829 3803 3877 9202 7928 635 2284 185 1546 6580 8031 5207 5379 1258 3706 8121 7356 4100 9968 5982 6650 4143 6436 6594 5252 1450 5622 8061 9259 1617 7497 1129 4295 6285 1543 2172 2403 1581 4636 3642 811 7376 130 7460 3470 4932 4928 5722 8225 6726 9071 8914 5054 725 4433 8913 249 8856 6560 1994 7715 7891 2976 2921 8835 5725 2626 2347 2690 9657 2670 3620 5178 6132 6896 5347 7610 3716 6136 6102 2844 9109 1371 6293 9962 7173 5401 6898 4950 1355 9469 9967 1177 4774 6270 9524 4053 4287 7873 6549 9181 7093 1267 6923 4991 8227 6329 2816 4660 8885 5807 6363 6074 8402 6616 885 2694 8863 167 5119 2833 6289 749 9676 3902 9243 4793 7502 5140 3668 5657 6117 4870 7228 9494 1 8049 1634 9126 3000 8164 3824 4712 8570 3289 5836 5610 436 6761 7127 4525 658 2722 3305 2660 5605 6432 7388 7755 9958 7967 7904 5399 7295 1198 5609 5638 4885 9254 7613 8124 1757 9728 3587 6725 4266 7038 7181 3813 1892 7948 6672 9783 7680 9835 7365 7317 6838 6853 8879 6998 5114 8829 6916 1377 5102 1204 4418 6887 2130 733 2845 3907 3247 4166 6874 9714 6366 475 4023 235 1628 310 1751 912 2338 9480 2780 1799 1391 2323 7454 4661 3683 7683
4885 7478 8128 9194 7740 6156 356 851 7667 5636 3506 6017 2930 269 3110 4567 552 1973 5104 9038 8685 3703 1937 2243 1544 5201 4794 524 7531 2611 8552 5086 2604 4938 1961 7486 6540 4188 731 1466 670 8571 6318 8227 4553 3331 5730 4861 2235 3132 200 1796 5214 7217 4898 9901 2495 1557 7624 9168 2894 7415 5623 1083 1643 560 385 98 2029 3995 4017 9657 894 4135 6248 2108 3324 2116 1736 7117 4734 2427 5048 140 3699 2731 4746 45 7546 4637 6671 3202 6319 3025 6429 1204 2642 7402 3200 6716 9280 676 7380 7567 5472 6039 8570 1513 6351 6680 6419 3189 3896 8658 4059 1320 9637 4864 6643 8760 3826 2539 2830 105 5643 7120 9142 8055 8674 883 1315 5626 5491 7271 4186 1128 7721 4924 4740 1236 6297 7392 5185 7970 529 1535 1984 7924 9660 5302 9763 9874 2851 940 5011 2481 4336 1374 8925 6098 1862 2120 942 4614 6233 82 5205 4000 8028 9030 266 8709 8946 6933 1230 7488 6143 7940 6484 5297 5752 494 3479 6373 2313 7663 6430 6009 4518 5275 112 9257 238 4260 6453 6447 7638 6389 9144 7658 2419 6636 5146 701 7421 4432 2332 8895 2046 5624 5888 3519 8440 7304 2639 2994 7579 3090 8537 3060 4485 6822 8253 9399 2072 463 4629 8259 8208 3321 7715 6115 3491 3991 4811 2153 9402 6480 6091 8255 9002 5824 6216 8460 3334 131 482 5861 3875 7823 4691 5959 4436 1538 6392 3545 3279 6045 7379 2762 3596 8166 1651 8979 5386 3096 7346 4309 1730 8308 3485 5182 3562 4908 7916 1241 301 6765 4557 2537 3227 6360 9897 3289 4060 6125 1506 2737 3555 1294 4791 6123 1903 8992 7809 7470 9716 4193 4742 839 42 3138 9016 3045 2459 8703 130 5684 3985 6002 904 2150 4994 852 2465 7512 1379 2929 5471 1234 6694 3640 9439 4139 5454 9612 4823 9778 1893 970 9063 8726 568 8804 5099 5027 9312 4331 7370 9552 6726 7295 9429 6124 6708 861 5682 4382 2250 5158 8326 9919 8929 5304 9366 3619 8604 4771 86 4411 1497 9527 6685 423 2562 3268 3225 6757 6145 7543 229 1043 9583 5576 5409 3534 459 5423 755 6709 5666 7558 2255 9169 7699 9291 3496 8002 4184 1525 3969 9178 909 6161 4367 224 7039 203 6204 835
3640 2281 6857 9158 7728 1380 576 58 2811 1722 2738 1202 5888 6368 1151 1001 755 9558 8384 1255 371 5726 8504 7456 5337 661 8203 2159 1053 440 7040 7857 791 2412 5871 4739 9287 7139 3216 6389 1986 369 6123 4752 1703 1506 5586 6273 4998 2907 2680 2708 7157 9650 129 3728 4827 1826 2108 6173 4834 5440 5233 1291 3232 3213 1981 6365 6750 5380 7136 8815 761 8367 9633 8507 1857 958 4287 8946 9782 3948 1185 4259 4497 7289 3462 7593 3160 7498 7007 9404 8932 2554 7705 942 7463 8951 3786 3321 557 8833 7195 2107 1368 2958 7567 8321 8757 2267 9636 2908 7485 4584 5030 6562 2670 4693 8411 899 988 8339 5184 6014 1371 7366 3188 1940 9500 9890 2524 3653 4704 1224 1521 7612 4392 3114 6622 767 7176 875 5752 3343 6197 70 429 4220 7235 4174 6359 7941 4131 9891 7329 5529 2577 8143 4062 8577 7976 2187 5502 2933 7526 1449 1890 9418 6153 8804 7948 7745 3009 2447 3927 350 4891 9136 2088 136 7342 7952 6951 506 3946 1582 507 8751 3458 8387 5663 5999 9352 9247 5072 8232 1406 5422 8806 7551 1490 8762 6278 9009 2280 2052 7282 9855 4468 8042 9100 9234 2649 3858 9043 5538 5794 5013 4933 799 824 865 7737 4597 7453 929 5040 4577 1416 3437 7552 6295 631 4151 5921 4821 3017 859 8928 3348 201 9450 9808 8794 9933 8999 4265 3306 8538 707 9079 8399 3281 8497 3842 2212 5543 9805 4386 4305 5373 3522 5690 5643 9969 1853 1752 6790 7447 2120 3791 7332 9937 8205 1762 4805 6193 864 2932 2721 9580 4017 2499 3612 7839 4364 8672 4129 281 3577 9783 8753 3061 2132 1409 9830 4427 1170 2233 6378 9173 9754 9506 8699 3773 898 6190 6463 7311 9102 8837 6401 9611 2867 613 7724 2174 3079 8566 5156 1565 8885 6880 9596 841 2494 9608 8466 4992 4098 1431 5463 5671 4411 4346 2238 382 8546 9126 4073 1390 8598 8811 1555 863 8134 845 1700 7105 9965 2647 4255 5291 9792 1963 9938 3003 3638 2678 3105 3405 3897 6305 8653 2897 4665 3962 8413 502 4740 4085 9015 1089 3301 4527 1334 9707 3825 583 3672 5936 6847 1136 8982 2636 1435 4669 3168 5910 2001 2395 4242 2868 5418 9600 47 9998 1100 6121 5149
2510 4155 2850 6714 242 4038 1057 7376 8933 5082 3970 4548 9899 3464 4919 1301 8977 6355 6458 1023 4118 5191 7351 8892 8217 7110 1692 6416 9360 5382 4462 6956 2240 7715 6687 598 3421 8451 689 368 9048 7272 9563 111 5024 5476 5817 3174 2442 7646 5373 1245 79 1369 5486 3832 1920 1186 6787 762 888 5898 2106 4293 5478 5420 6926 8195 1470 448 3175 7247 9522 3246 8164 2620 2334 9070 2905 800 3352 7137 1336 7033 1966 2062 3020 2990 8945 2700 6468 9045 2864 3935 6492 4281 7860 2922 2429 5223 999 8882 195 8364 2948 7275 3964 5739 8650 6219 3433 6069 3187 4865 2013 7743 1129 3091 3907 2043 1788 7374 9330 1330 8224 717 4817 1534 7758 3155 1210 2023 5758 9882 1835 3048 7439 1431 3186 60 137 9870 4217 550 2942 8466 2715 8494 7164 980 7650 4579 8749 1578 9031 5643 7692 6249 7485 2307 9426 2288 8194 6672 8579 5302 328 6981 2281 4580 3547 3454 6904 2555 226 7214 1062 1380 8306 4454 8544 7246 4717 1370 284 5708 9800 8105 9328 1727 4472 4971 986 6459 5828 5994 3064 4263 1426 9182 687 765 5296 1519 5732 5036 3094 8315 7671 5414 8117 6946 4225 8969 7943 1457 8032 8808 4877 9638 234 5626 6063 4378 3616 4768 6257 5897 7308 2417 7605 8508 4385 7230 7893 1375 4295 5081 9172 2672 2019 6552 2378 336 5393 7282 7578 8864 3768 4617 1206 2817 8261 8383 4180 2891 3579 7109 6894 4540 1480 8470 1921 5991 8663 8642 7807 8439 3071 7877 4551 4300 9092 8545 2044 6593 9250 7203 8249 758 1682 8401 607 6638 5321 1560 2597 1896 5950 1791 1775 4951 4956 8967 8340 7712 2279 4977 9802 7708 3073 7480 8303 46 2916 3620 3974 3754 7396 4963 2574 1458 2830 677 2750 6550 2775 6591 9647 3451 2496 6934 6607 6471 3446 8492 7561 7235 1897 748 3667 9655 1863 7497 9932 1917 6785 1159 7143 145 8282 9218 3548 8259 8780 428 7145 9755 2027 4964 7379 3334 703 7596 5291 7515 6359 5664 8527 5617 2846 7508 2745 2539 3402 7219 5073 753 7678 9028 1235 2064 2623 6742 4691 6531 1543 968 25 2081 4252 8613 8560 4070 4712 7366 911 6336 5226 5407 4503 3821 9107 564 163 4709 2958 5290 2710 4483
1404 9071 3232 6465 159 1025 9250 2725 2031 9699 8665 3767 5341 3119 3878 8325 1208 7949 5795 3063 4987 3339 236 751 3597 9065 4423 5216 2914 9546 4011 6942 541 5254 5378 778 3241 9682 7036 1896 1472 5580 709 1927 322 3694 4821 6269 9044 3588 5848 7553 4345 685 6691 5333 4707 8884 5327 5898 7635 8082 4412 2396 2292 2922 7958 9012 9940 5858 5568 3091 9436 5832 722 4350 4696 6064 4705 9281 1575 145 3804 3000 2482 5235 4146 5162 3626 8312 8792 3575 3425 3179 1975 801 3679 2795 8150 921 9880 7761 3085 620 4583 3477 2864 9464 274 3215 4836 8295 7163 1704 9563 5640 8813 4410 2793 8547 7176 4127 3930 8010 8697 7422 5331 5104 5132 9581 2067 2553 6152 7251 4250 4532 8597 7258 7864 7657 3715 5656 5637 4405 8789 9174 7804 9560 1232 3185 784 2050 924 4281 3382 6711 1363 2199 6372 3609 6683 6921 9713 5886 10 5584 9922 9431 1821 1349 4978 122 3366 9887 1368 6210 5745 2981 1250 9619 4531 3792 5382 9991 738 1174 4691 2053 5332 9909 7008 7454 8986 5094 7117 828 3323 3412 756 7608 8438 3795 9790 5612 4364 1917 2307 4948 6077 7128 3648 3945 29 6816 5538 9046 3191 9600 3299 8176 5767 8621 2494 2853 6644 9659 6598 8783 358 6555 2308 9753 7953 5001 560 6486 994 393 4611 7926 5357 9950 3873 4314 1835 8577 1221 365 162 5433 4871 6351 2774 7315 1553 4512 2560 9766 369 9375 2930 6370 4006 2931 1168 5882 804 8087 8423 1769 1664 7496 649 3830 7846 1223 9975 3914 1179 8702 1426 4704 4476 9706 2272 6892 459 1517 1651 5073 6282 1460 7962 8218 7437 7357 3223 3248 3289 154 7021 9877 3353 7464 7001 3840 5861 9976 8719 3055 6575 8345 7245 5441 3283 1345 5772 2625 1867 2225 1211 2350 1416 6689 5730 955 3131 1496 816 5705 914 6266 4636 7967 2222 6810 6729 7797 5946 8114 8067 2386 4277 4176 9214 9871 4544 6215 9756 2354 622 4186 7229 8617 3288 5356 5145 1997 6441 4923 6036 256 6788 1089 6553 2705 6001 2200 1170 5485 4556 3833 2247 6851 3594 4657 8802 1590 2171 1923 1116 6197 3322 8614 8887 9735 1519 1254 8825 2028 5291 3037 141 4598 5503 983 7580 3989 1302 9304
5263 351 4704 6239 6755 4399 1736 4974 2679 2918 508 8564 561 3047 9926 393 6374 4975 7484 4794 8388 5476 3102 4012 3503 9473 5254 7141 7834 5368 4526 1544 3058 2739 1015 2991 1028 5414 5402 7784 5286 789 7824 7353 5780 2800 3917 7350 1372 7179 291 6607 3756 4284 9553 9388 7116 7793 8503 7666 8695 9582 8635 1478 6152 9014 1299 6659 3441 1766 9026 8924 9157 7938 4738 9497 490 2130 6821 1305 5468 4690 9018 505 4156 4940 9428 9183 2777 3479 4230 258 8154 1890 4426 1380 5591 5292 9605 9073 4598 7266 8039 9707 8840 5817 459 3280 8707 7200 1126 5975 9124 9485 2872 9639 2324 8340 4997 3117 6038 1622 7589 8969 5228 2295 9093 628 4758 5527 7989 9625 5103 2090 4754 6321 485 8126 7448 1933 894 1992 4193 2599 8791 533 8605 7433 9914 2775 3876 478 4512 4323 6815 2496 4219 7445 7532 5273 8373 3450 4983 5896 9795 1379 786 3416 1725 2154 2057 6301 4455 627 9960 3651 109 2706 2562 1125 1170 7248 1605 5960 7098 1359 4756 5924 4237 3872 1272 7015 2824 9160 2339 359 3116 1233 9753 9716 2050 2687 1330 5509 1555 5878 3361 7639 9051 8965 6022 4798 7594 2973 4601 1667 3660 3326 9583 3433 3354 4025 5926 3840 7624 7025 839 7906 1083 9507 8512 876 5565 446 857 4333 4830 1242 2963 6586 2921 4916 4185 4187 3790 7542 3288 7119 2194 4124 1285 9438 7198 1523 2223 3371 5654 7797 7709 5163 187 7237 8792 5338 474 5306 6826 5316 4841 4062 3585 3203 8981 2846 4793 3583 3600 5229 7100 962 8508 1670 8068 8954 3202 4176 970 6920 6671 1059 4264 3516 1889 9628 9511 7718 8380 7064 8108 1014 8193 9159 7541 8490 5243 4321 7212 8751 8473 3614 2450 3343 1205 5304 7223 1564 9095 231 8510 1273 1813 4700 7033 9258 2900 4081 4817 8826 8596 4216 3037 1904 1647 7630 5834 2088 5151 2569 4739 4295 2366 3 3733 3846 6433 8274 8091 9392 6322 5290 10002 5321 8852 3435 2957 7777 1672 7671 2699 8955 8007 6052 8850 3832 9212 2024 7848 2589 769 1787 9861 8292 4518 3132 8064 9748 5705 2677 3315 6763 2811 6737 7972 7996 3232 8228 7215 3152 4094 7240 3193 959 4100 6049 4442 8211 5586 1281 225 9701
9288 7668 9014 2015 5347 4407 864 8663 6643 7333 459 3996 7395 8166 224 5612 6843 7661 5400 8897 222 6009 3091 1908 1569 3815 8299 8848 4945 4148 7244 3115 7151 6565 2802 4236 9790 8091 101 5010 6256 9100 4958 6571 1611 5485 7035 9577 5340 793 7746 3538 8245 9560 3711 8929 3877 5999 5076 3162 2825 4674 2903 9205 9133 3411 8437 1469 3651 825 1394 3528 223 807 4967 9788 8488 6356 9264 2425 4018 3028 9410 3465 7725 2703 8877 4192 8517 5603 3626 784 4529 6668 7374 7331 856 244 1642 4335 5149 3682 9682 9515 7640 4565 9529 4861 808 9772 1657 6361 3268 1798 3390 7602 2101 8290 5631 8075 3277 5015 260 8473 4330 1138 4309 303 4941 4942 9747 1616 9496 6408 8949 9914 3491 2564 1444 3610 3960 4534 672 6747 6703 5430 2942 6467 2241 514 8089 498 1258 503 5269 9883 4641 4450 7339 9275 5245 4640 9652 5463 1395 8333 2099 8687 1879 2322 9453 9940 8337 1305 6184 3378 9984 9610 3793 2659 7604 1704 2035 1377 1899 8359 6945 7428 6619 2090 5470 5009 1451 7224 7085 9659 9077 4520 3451 497 6460 8634 7396 2964 2100 3485 3755 195 6365 2474 9302 4889 5257 2258 2143 9960 4367 8804 3672 1660 762 8896 5424 4133 5218 4996 9035 2850 4715 9775 6065 1982 6894 2541 1006 490 2846 5509 2271 4566 4327 6737 8688 6684 4198 7326 6852 871 2270 9768 2451 8864 1769 4143 3233 3742 7779 1991 104 9418 1877 2719 5701 4187 4506 6230 4254 6217 1831 1843 9468 1959 6456 9428 9899 1465 4445 3328 9902 5873 66 6954 638 3489 2961 7699 7864 129 9459 8749 9586 8557 7670 8617 5767 1093 8238 5946 586 3804 5479 8226 8328 8095 9314 2507 7755 6755 5115 424 5940 1777 2555 8234 6740 3089 2305 7824 8069 4468 3766 3015 6987 9098 5355 2819 5865 1654 1953 7647 8179 2647 9986 9213 7545 8412 1428 6786 3965 8545 45 6119 1270 8128 7767 4373 7613 4921 8912 2248 4128 1207 5623 9663 8283 2017 4950 8159 6617 2487 1718 9263 7627 2142 5155 2491 924 6760 9126 9804 5312 6351 5253 3052 4646 8461 6712 8647 9819 7338 4470 3369 6767 2733 2922 430 4749 3026 9807 9720 1972 8879 3795 2262 1349 7457 5866 6459 3829 5520
121 4061 2517 8791 4270 6062 595 35 1118 1293 1580 9656 7690 7668 2028 784 7550 5437 9577 8361 9569 9949 4568 6951 9258 6637 1538 7986 8954 6939 1633 4139 7048 5014 8483 5366 8660 5256 474 9043 4283 8485 4969 2405 1002 4305 4118 6213 5646 3115 165 5334 5005 5266 8496 7789 3027 7626 358 2048 6821 5042 2925 7859 9146 8855 1573 6042 4565 2543 3630 3011 795 363 6059 6194 4414 7499 550 3964 6761 6945 442 5388 4293 6500 3715 1149 143 9701 3761 2025 6383 1922 1811 8834 738 6674 9204 7349 304 2760 5587 9823 9565 736 7071 5452 1596 6480 7685 3657 2655 1412 2976 2739 4752 448 4197 5542 3745 5201 6388 5933 1184 8206 5312 9372 4022 5255 5676 7167 6410 1566 2428 1440 7425 5232 5238 4047 5296 2541 4027 9266 5049 6539 977 4264 7253 9353 2790 9639 6061 5797 8166 3245 4381 9046 8691 4106 8595 3148 8625 7200 4863 3432 2286 9613 1215 7056 3426 3477 8364 3970 5570 8194 7694 6874 9532 2283 5205 5594 3430 2683 5861 5469 3225 8351 1547 1196 5824 7810 3862 6994 5726 7249 140 5293 8140 8406 5640 4306 8923 8089 3519 27 2706 6299 8589 4339 7376 9955 3377 8200 6503 8123 6777 3769 437 1377 4920 7128 9148 8458 5325 1788 8396 7625 5560 172 8948 8130 384 6894 5562 9782 2693 3876 4215 1969 7492 6943 839 1636 8547 2669 8640 9226 2982 1548 6001 7700 5683 774 9535 6691 826 9220 4173 299 8756 6214 444 4991 8045 2246 7546 6231 2073 6862 1907 9792 708 2622 2959 1110 2881 6586 6658 2373 7354 4315 2133 4959 4390 2256 5561 4977 817 6003 7303 9435 6527 3359 1766 2756 6381 2319 8066 3081 6914 1592 7274 181 2158 5000 1255 9123 8417 8460 4928 5540 4142 1449 635 2102 6109 6276 8151 1219 6262 923 4976 6019 4127 9430 2516 3986 2394 8189 3683 7501 153 7716 2507 769 5524 7318 1454 4646 1475 5481 843 842 6044 4168 6295 9383 6842 5877 2293 3220 4340 2174 1824 1250 5112 9044 9088 354 2842 9324 3543 5270 7702 5286 4526 5281 515 5908 1143 1334 8452 6516 539 1144 6139 321 4389 7458 3685 7104 3905 3462 6338 5851 7454 4479 9607 2406 5807 6181 1991 3125 8187 4080 3749 4407 3885 7432
3777 7137 639 9596 7874 9453 1235 1367 5186 2643 2075 4746 9927 7216 9975 7695 9960 5669 1834 7553 8126 9466 3658 5741 7556 2527 5087 7284 6484 5172 5422 5832 4503 3124 1663 6472 7554 2924 1335 1531 2653 90 3492 8671 6357 5364 7338 5772 6406 641 9199 1619 5199 5066 6449 7116 9811 221 2506 4252 7916 1116 9978 2096 5581 9295 2577 5169 1014 204 877 2381 4047 3577 6809 5705 4695 5040 1603 8375 5071 453 6489 9183 4795 5204 9077 5822 6488 4378 2919 7331 2158 3281 5523 794 3846 8451 9999 2931 4949 4656 7778 8495 1265 5419 1424 8882 9505 920 8856 4659 2179 4116 4891 6162 9047 1770 243 8146 5496 1150 3229 5838 3312 4373 8915 7958 2786 8714 2825 5976 5940 3079 5592 2108 3199 1786 7074 8141 1485 1777 3857 1264 614 9555 1002 2586 8386 7891 1075 3106 5236 2725 5812 8473 5632 4175 8190 6769 3638 9711 57 5039 6805 6499 7198 3541 3948 8218 1211 6131 190 3656 6138 3804 6781 1256 2202 4554 8011 7276 8072 171 2424 515 4189 5411 3012 3881 6507 5610 8542 6946 3528 1525 3844 8848 6247 7185 1118 9581 5848 1327 3119 7659 7099 8182 8357 8644 6713 4747 4725 9092 7848 4607 2494 6634 5418 6626 7006 1625 4008 6315 3694 8602 5043 6011 3996 8697 1196 4105 2071 5540 2423 5717 2313 7538 6100 1340 5542 2026 9469 8066 1362 1175 3270 2703 172 7229 2391 2062 2323 5553 4846 84 4683 7422 9112 3878 2099 9989 4916 6203 5912 8637 3099 1622 9607 687 68 7859 7427 3116 3251 1471 4556 7614 1021 3818 4002 7506 2445 1350 3557 772 8213 7207 6758 818 9089 3440 8986 8875 5891 7802 3731 6261 4406 7368 9824 2644 6880 6622 7800 4128 2509 8660 3537 4742 714 9719 8476 33 9803 1809 7512 1254 2599 802 2258 3445 2990 8248 5263 2369 6429 1079 2312 2733 4224 3467 8630 9492 8504 4482 2289 2295 1104 2353 9605 1084 6323 2106 3596 8041 1321 4310 6410 9854 6696 3118 2854 5223 302 1438 6103 5748 1163 5652 205 5682 4257 1920 489 9350 6670 8279 4113 483 534 5421 1027 2627 5251 4751 3931 6589 9347 2262 2651 487 9747 2918 2526 282 5408 8611 8260 2881 4867 919 4051 2783 4306 7204 2350 5197 5463 2697
9587 8040 9906 9764 7930 1720 3544 1732 1162 4230 5659 7202 6130 8775 9110 7658 5677 3629 9877 510 3561 3361 3033 8099 3198 364 2521 9661 3358 8632 2471 9579 9628 4905 6766 2613 1406 5831 3081 8578 3183 8345 4402 1538 9650 538 8010 5854 3519 1691 4297 7370 2803 3719 2019 9238 2264 5637 1562 4886 5534 6997 1791 4461 4837 250 5136 5944 5668 412 3000 9646 1332 506 4355 5864 1534 437 3041 6511 8199 3362 7838 9975 1071 7283 5062 619 6942 7705 1351 1738 9978 5479 2904 8688 1362 4558 593 2096 8964 6618 1970 3954 403 9790 2769 461 8284 1500 7186 9306 8780 3114 7031 5049 8203 2568 5335 1467 8733 7440 8922 4948 3234 3225 8 3138 2267 38 7190 8512 6277 4613 4686 5206 2056 6897 1627 6994 7390 8840 1211 9514 7520 3049 4923 3193 6360 3148 282 8791 5934 7653 1666 4256 498 5943 863 8543 5127 2727 8798 9548 771 6791 2654 8278 2691 5937 2054 7294 7882 1241 3559 3758 9288 2346 9374 5289 591 2493 5212 865 8146 8879 8480 2622 4623 2701 3952 800 6038 7023 6637 3202 9577 18 1153 1013 8789 6331 3901 5920 425 5423 4013 3702 390 7367 8402 8098 8400 8495 4648 2742 817 7667 8894 499 741 2739 6416 2039 5268 9763 3125 9851 5671 4820 8628 3265 2075 8129 7250 6609 8760 7084 9539 7561 9921 1783 6049 9843 7259 9826 5630 7955 1761 409 8599 4018 7713 9770 6739 2969 789 3218 6401 13 7149 1640 9417 1757 1203 1095 2519 51 9613 2879 8647 4497 7698 7744 8620 4853 7081 5131 1933 6295 1040 8433 6948 6514 2600 8990 1457 711 8694 171 5807 7845 3582 4196 2401 3460 8399 3690 2772 4869 3905 5126 7929 6922 1668 3859 4250 1689 4694 3618 7057 9895 6944 7308 5103 7491 3802 554 4834 5849 9515 2318 4925 2796 105 8901 4113 3866 7864 4814 9819 2016 4830 6643 2011 819 7270 2639 6252 4572 7821 8346 9207 3414 7523 7457 544 6819 7103 764 3177 9536 3153 4293 8164 5306 2220 4364 9081 8411 1308 5270 9366 6877 5597 9502 9902 551 426 221 5889 1575 7309 9908 9367 1675 7473 7375 6814 3092 1391 3805 4962 455 9475 251 9941 7820 3541 7331 5541 604 4916 9586 3235 8030 1884 1011 9186 2579
8189 5966 1920 4491 9508 9330 4635 938 9285 8564 6581 4930 7426 2313 1533 6258 4000 1898 8858 8264 6089 2522 5078 8069 9772 6961 9556 9809 4620 8919 1159 441 2866 6843 2958 8595 5431 3044 1531 6655 248 6152 5027 3182 4159 5361 6932 302 5440 6261 8408 7526 2477 9007 3705 5417 5823 5288 6412 3452 599 1524 3041 7130 1027 6629 5409 7411 287 3414 8142 285 3811 4390 4539 9987 9315 2609 2819 1162 4849 8494 462 3701 6211 8326 3789 8757 3295 6746 7202 6749 1603 2370 5229 3113 2845 6008 3590 3227 230 9725 1280 1440 9708 9658 9576 5839 2112 6407 9448 1226 2152 8474 4432 6209 8723 37 3004 9471 1664 5272 9588 3457 4610 897 2413 1697 3725 1447 3315 2776 4694 4237 9892 3155 4515 4744 4319 3622 6882 220 1703 2534 2696 560 4262 9933 20 1375 7600 7802 7733 6419 7066 3724 6649 1439 4903 7782 1696 8927 9578 5442 5864 2153 3272 6308 4082 5635 2578 3969 3048 737 4152 1747 3807 5184 7042 8488 1653 2452 8966 6840 8557 2967 1805 2301 3915 3760 9510 8933 8387 6691 3109 3639 8511 2091 5572 73 5865 6958 5148 4181 994 8176 3543 7553 2121 9624 6318 2097 4381 1322 3110 8444 380 9971 2484 2614 6830 535 4221 3061 3160 8526 4117 3691 8196 9580 5045 9616 7906 7103 1383 6012 2796 724 1729 7380 1437 5300 4030 5950 5096 4496 3512 8703 4007 5512 1976 3382 4487 295 1826 3136 3283 9128 4704 2252 8638 1899 3656 133 3962 9441 7619 9034 3349 6034 8436 1968 4970 9493 7304 6516 2822 5570 470 2113 1205 1317 9106 9071 1008 5397 9793 7796 8924 5170 9821 2238 1410 5656 3413 3337 8416 5938 7478 1998 9022 5731 3536 3939 9003 4499 7920 4324 7633 6255 9599 6277 5232 7521 8473 9634 4333 843 3125 463 8506 8087 6199 701 1291 4260 323 6275 5629 3769 2720 5803 9258 8920 5964 2317 739 3755 5499 9560 9015 2117 411 8821 598 6726 1165 9257 4115 4088 4444 3827 1214 4534 5976 9942 3237 8252 8471 24 581 5097 9301 5388 6576 919 8053 2941 6966 3560 9182 3992 3486 3857 5266 772 2208 7365 9418 7181 5914 2235 7009 28 9794 2594 793 3043 6733 4779 2375 9240 2486 2217 575 6288 8052 8143 5090 5687
6679 9710 3473 5653 3224 41 6429 9300 4802 7032 4685 5239 5347 3923 6391 6836 3563 7802 1945 8751 8705 7829 1589 9368 1311 4509 147 5402 8016 9501 9935 3842 7459 4985 5731 7755 6271 635 8604 2860 2246 4041 2982 8050 2752 3670 1573 2537 1316 8520 9527 4774 2583 2192 4753 1748 2824 9392 6554 9505 9141 1339 8958 2640 5888 1608 593 6934 4124 1517 3646 6337 7548 2329 2576 8585 1628 6630 4426 1612 9806 4431 5623 9179 3803 190 1870 8628 8103 7242 3028 8926 8992 5898 9630 9346 5678 3265 6913 3289 2149 8285 1136 4222 2078 7368 8038 5134 1172 7083 9572 845 6947 6547 5891 6016 6221 553 4867 9140 6541 7082 4767 8976 9074 9635 3350 5051 2637 1480 5987 6974 6191 6508 8629 2901 9118 901 5838 1526 6863 3207 8419 4558 5431 7263 3863 8294 4353 1092 2949 9597 886 3812 3407 8747 9499 325 90 1706 1154 649 5825 9110 2489 837 8535 1546 2893 699 5907 2840 6216 6549 5494 9768 1967 4384 9949 1063 3702 5228 2527 3301 9774 776 5633 7194 2549 8941 1011 4017 7746 3054 3765 7733 631 9398 5363 747 6386 2825 4190 8430 7378 6053 3880 9923 6224 4961 488 2759 7284 4698 7662 9721 6293 6275 9848 6101 4359 9908 4198 6842 2372 9051 9197 230 3937 3612 3079 3806 4598 7498 2247 8846 4858 5923 9671 6211 2538 6121 389 7400 1686 5124 3157 8337 821 1704 1551 6904 72 5279 7414 8914 1367 3400 5133 6374 5207 1692 3933 4406 5582 2307 6943 7341 8394 4517 8566 396 1007 4811 242 1555 6110 7576 6778 5069 9071 5227 7729 1425 1894 3864 3092 6229 8972 9868 2131 1851 7396 2480 7627 1658 675 664 7851 7229 605 4552 6622 6014 6618 6808 9121 5309 1459 5152 7606 823 1307 5303 2650 3903 354 9344 6075 9520 1160 9465 7074 6355 3975 6076 4318 3036 7338 3986 8896 4940 9660 3391 1916 9504 4336 9470 1078 5728 3347 643 7016 7861 5244 9358 3296 5763 1403 6261 2620 9858 4116 3105 8652 3339 2231 2015 4863 9934 9044 5583 7112 8819 5214 5306 7058 9531 3980 80 3691 2408 1905 6684 3714 2846 5025 7798 2739 1247 7206 167 1432 5508 6989 8217 4627 6745 6616 7205 5369 9563 7635 70 5676 3662 3161 7543 8325 3203
2013 3704 3275 3372 9135 974 4802 5476 1778 5320 2723 2867 4304 4259 8188 3824 9476 8338 4070 673 9512 1192 1557 4157 8421 2605 6276 3090 5070 2313 4196 5683 5720 3379 2742 4099 9927 3874 9558 2068 7797 6385 6471 9414 631 7842 2456 828 3762 1769 2103 5853 1996 2075 1404 9510 1589 7812 8411 4590 7530 4346 5929 6924 4553 9871 4983 4572 1096 599 4187 2466 8850 2508 513 1244 1242 1639 7894 2141 8317 3235 1305 4144 5998 8238 3906 3206 2058 9782 7639 7727 266 5242 8199 6644 91 4955 123 8610 113 588 1367 1844 2226 6455 2583 636 1846 1829 200 8336 4467 6928 3759 7368 6482 2227 1253 4459 8516 8765 4370 1165 1913 3540 5808 5925 7718 7056 8372 7328 4415 7243 6277 7895 6946 186 1108 8224 6685 6963 1815 2979 2086 4224 125 8213 3865 6341 5198 6926 4156 3616 729 8403 6178 2529 1348 612 6610 6840 1213 2392 3525 3782 7806 9602 3341 278 2860 690 1134 3063 5426 1696 1583 9003 7162 7345 6044 9114 139 5434 108 6584 1994 2472 7659 3757 7765 2730 6481 7429 9384 6586 1597 6224 3405 7588 2840 4660 3642 5575 7144 911 2297 7372 5688 9731 2752 2114 8673 2618 8699 7464 7440 2197 7208 8221 2277 1335 8196 2236 4470 1329 9387 987 7225 9850 4148 5204 5735 5405 861 2215 3635 1961 4019 5793 3899 9599 8940 4657 9241 9954 3518 168 4681 4477 4943 2505 6112 5623 7623 896 271 9253 7572 6016 4665 7653 4948 6516 5485 4995 2190 3594 5096 7159 2937 416 5488 9403 7818 7220 5839 4775 5832 1161 2707 6043 4309 8270 7561 3196 4043 1029 8895 8586 4877 5599 2380 5907 1284 3309 6630 2870 8712 9887 1807 4567 7092 1226 4815 7899 6152 7690 2607 5879 6842 816 6144 9278 7613 2881 1525 502 8431 620 5022 1834 4211 7709 3839 1495 6457 2186 4388 7599 5660 5282 259 1628 5074 1519 1693 7182 3375 3536 6602 8428 6219 9401 8215 3468 86 944 750 9238 5546 7897 6549 3938 6861 2048 1760 8893 8983 1125 9853 8556 825 9361 6148 8484 5110 4380 9187 659 2284 4949 1314 7361 2868 9109 6135 6061 736 2010 9303 7654 9753 8392 3358 1907 4731 4559 8680 6232 1817 2582 5838 9977 3956 3288 5795 3502 3344 4686
9915 9586 9847 3070 2363 7608 2200 4939 6629 1395 9623 7506 2433 3720 3429 6154 616 9146 7124 8211 7592 5376 4944 633 768 8995 2073 5131 8545 1335 1519 5023 9969 8874 1074 8296 5730 4724 4275 8342 6606 957 6503 6392 3408 5319 1248 3778 1923 4885 7341 161 4397 4139 5317 1645 26 6177 1054 2259 8238 7236 5993 7557 7320 9333 5029 8778 116 8326 9782 962 507 5765 2780 9893 3946 8603 9836 250 1741 984 6147 7009 6021 1999 9813 9819 8628 9877 7122 8608 3840 9630 1113 5558 8845 1827 3927 7371 4213 635 371 2740 7826 8962 3620 3265 8687 3169 7729 3199 1774 9444 8013 6867 4187 5796 1630 8007 8058 2938 8551 144 2768 2268 1448 4106 6864 9786 168 8011 7264 435 43 7806 2925 6128 5777 398 2384 8443 1568 300 1823 4721 9874 2714 2980 214 8887 3497 2663 8100 4608 7287 873 3163 8920 1950 4529 7958 2774 1077 2697 1351 8350 5018 5958 9501 1702 3722 3032 9906 6369 2970 2199 134 4753 3522 2704 4965 1468 136 4356 7274 8457 8796 6550 2066 1517 5420 6217 3121 7250 3214 3800 7563 6129 575 2274 257 5355 4109 1265 5407 3794 8754 4880 3330 788 5025 9572 2619 6827 2120 805 6654 1436 6488 4366 5289 7203 7540 5691 7462 1160 1232 6954 1928 8896 6714 9540 8971 6837 135 9558 5398 577 1877 4009 1101 7940 6347 7337 955 6900 2640 7662 1488 6173 1848 4762 6739 9581 5836 3697 2991 3034 9509 114 8723 6030 5216 6683 683 850 2725 5800 836 5504 9557 593 8708 4004 7097 8567 6975 2763 8264 2075 4734 2290 7088 5350 98 1892 6035 9227 6056 55 5424 5423 618 8749 869 3957 1416 451 6874 7801 8921 6755 6405 5831 9693 3618 3662 4935 7423 3898 8124 9851 2276 9867 9107 9862 5096 482 5724 5915 3026 1090 5120 5725 713 4902 8970 2032 8266 1678 8486 8043 912 425 2028 9060 4181 6987 381 755 6572 7706 2761 8661 8330 8988 8466 2006 3420 2937 3746 8275 4895 5356 8914 3141 3280 706 1288 5845 6914 9868 3905 1731 2969 7401 8265 6880 6610 163 4000 7891 1063 5476 5108 8107 8222 405 5998 1561 6693 8705 9603 1469 4941 6232 5147 5369 1330 7515 5650 590 4300 8383 3471 7824 9359 9875 7519
5995 3069 3474 8141 7389 6556 6791 5175 5727 6232 1056 7778 4392 6044 8353 5335 3988 6182 974 4041 665 332 1387 7120 4914 2497 6939 5818 3179 1653 4354 3580 7114 6105 1248 9694 4332 7947 5870 2864 9142 3827 3116 9155 6250 7490 1518 6134 495 4056 2691 8458 9510 828 3001 6965 657 1920 6393 4122 9604 2183 9226 7167 588 606 7040 780 2522 6980 2683 39 4509 7837 7691 6651 2944 3269 3802 3075 2283 9390 4634 8042 2023 958 7217 670 4343 760 6492 9488 5195 1757 3724 8551 6060 5177 5330 9984 6809 1602 9474 7974 5514 3481 1748 507 1674 5189 2948 2475 1299 4574 9945 9547 8494 2364 8322 6485 5874 2070 6639 5326 771 9312 103 1812 7817 1654 9159 5456 4987 3017 3789 652 7916 7020 4750 5030 9492 4401 9261 5223 6206 6217 9037 9659 6276 2329 259 867 263 73 7767 1572 5422 1729 9282 6058 5574 1578 4231 2978 6527 7544 806 7368 5721 7423 9814 526 2906 805 2563 3845 9550 2895 7992 1941 7228 3490 4965 7384 2545 7418 5803 1153 3534 6238 9872 9027 1637 7530 3585 1118 5478 620 4261 7030 2765 3776 8236 3542 4650 4866 2018 6954 7844 1298 9776 8069 1667 1575 9830 7357 2901 6801 3190 4473 4976 197 3167 4035 1856 9090 4142 5634 9682 6714 5449 1373 9899 8671 2254 136 265 9683 1512 7325 9253 6811 1205 3219 3720 9345 8563 3678 7675 9827 2949 7280 3175 2447 6857 2081 9459 5948 7395 5365 8040 2420 7213 1464 6846 9268 8837 9331 1335 7435 7432 3024 7403 3777 3034 5418 2523 1778 4559 7919 1421 371 8656 228 2017 2149 5968 3425 2857 5528 702 7998 750 8477 735 6451 2616 8335 8908 241 4440 6523 8338 3309 5869 8066 7266 5954 6204 6614 5285 3906 2445 7254 8336 3706 2117 2313 3435 872 4274 9453 7139 6146 8120 6554 7188 1423 9981 2401 5981 5848 7231 7898 586 1003 3288 5034 8698 1898 753 2878 6363 70 3359 5951 1796 986 1659 3163 4829 4359 7591 6487 5477 5822 2385 9157 5853 1235 7271 9965 5577 5986 9859 6604 7270 5160 3701 8113 2940 4063 6305 1576 4628 9233 774 3713 5731 5438 8560 9277 2047 6201 2206 9664 280 1702 9638 5441 2961 4898 5673 6944 9829 2552 1025 8928 6278 1932
5612 2057 2231 7720 3913 4074 7140 8966 6757 9939 8753 4006 624 1482 1288 9776 6084 8435 7087 4476 7399 2586 2298 9431 9521 1663 384 9094 1363 9899 6686 9022 5648 4918 9725 1197 2822 5487 1852 7899 3406 9647 6673 6599 1274 2548 9841 8192 284 8930 3896 2445 5269 5097 9218 6770 2355 3120 6376 508 4494 3826 6333 4040 3882 5224 9026 4854 2415 1217 8859 2979 9347 6181 4191 8933 8304 8073 8895 5840 6834 9665 3100 339 3016 7006 5544 5548 4754 2251 3750 1405 1562 5422 9751 6043 1563 220 1620 3916 8482 2761 2585 7500 7555 1641 4751 7850 8129 7786 819 7806 6856 5298 4344 3580 5129 2866 6760 4340 4374 7632 1367 9105 4183 514 3303 5075 3578 5526 9121 1007 509 9299 5702 4206 952 6423 6189 2603 3927 1295 3383 9209 3553 5485 2249 4147 7660 5816 1591 4669 4113 4402 2074 3860 9591 7782 1613 302 5357 7643 4187 9727 800 6574 1233 5683 2974 5336 6808 4819 4359 5606 3248 982 468 2427 8842 1350 7476 2312 6652 5764 1906 7187 4640 4866 33 3715 3349 5951 9818 7754 7171 7816 4871 4044 3088 2721 518 2509 2572 5077 3181 9278 4867 4838 5591 1222 2863 2352 8719 748 6889 3751 6210 3438 3295 6663 8584 2528 3804 693 2796 641 3111 3159 3638 3623 1597 3478 5362 1647 3560 9099 5374 9272 6058 3589 8346 9743 7631 6569 7229 6310 3602 762 4110 10001 6453 234 8848 159 8725 9564 8138 996 7696 8677 9085 8153 3022 5815 6793 2793 6240 7490 9540 2895 6007 8709 2733 8143 5007 7069 8049 3652 844 7847 3721 2158 7200 7063 9240 2403 3599 6361 8489 6375 5710 2618 5953 9421 1499 2917 1640 9953 5974 249 867 8285 6841 3272 6225 5464 1414 4779 2292 615 8272 4418 8905 3855 5580 8409 2241 5735 2659 2818 6281 4355 6400 5751 9490 2813 2270 4982 7028 1177 6792 7995 4364 9617 2621 354 5042 5125 3660 9263 2841 6719 7475 7514 4776 7891 4994 4646 3675 1282 960 4835 1183 5601 9244 1609 1096 7860 6144 6532 9570 6947 2245 4941 156 4317 3936 4512 253 73 5782 8340 927 6382 9324 5743 1071 7819 9279 9672 6714 3464 8141 5404 3317 2296 9828 5769 5917 6560 4012 9440 2731 8540 1255 1316 4218 8577 8921 679
5184 7850 9020 6936 316 3469 3036 3927 2186 2533 8706 9223 1665 878 1989 6613 9393 7948 9581 651 2017 1055 1879 8434 3173 1750 9023 1337 5944 7095 3779 1543 5081 3278 5925 5863 8163 1928 3711 5034 7604 7816 5762 3194 2585 8391 6705 1138 414 4030 6758 5628 9779 1376 3206 203 882 1195 4110 885 5603 9738 4511 6346 7354 7406 7091 4573 4046 3582 5623 5768 2003 3834 5636 8191 6377 6204 5520 1196 8915 2761 3476 6650 7052 7311 931 6479 5971 6739 4396 4156 1761 1836 1959 2561 3148 1709 2151 4477 3088 3612 9675 2006 8242 1257 1810 7120 3820 8415 1941 6134 9408 9974 7700 8774 5732 9149 6347 2152 9282 4964 1485 6587 4547 9207 4841 883 6000 5986 8765 2515 2272 5476 9930 6427 6286 9257 4923 4620 9727 1691 5724 730 1346 9161 3965 4650 3772 7936 1956 8160 7527 8090 1408 6861 193 2867 2449 5366 1744 207 88 8699 5609 8547 5760 3591 8840 2638 2874 6063 8491 6869 8612 7868 5447 676 2058 7927 8746 1283 6656 5861 8560 8183 7965 1203 2522 5886 8601 5048 4825 4059 6005 9997 8138 1887 6846 8174 4748 4333 1651 3657 5746 6370 2590 2395 6078 510 4988 6728 1576 3534 5144 5783 4029 1953 3752 1899 4464 665 9245 7305 2122 5230 8726 5253 9164 8373 271 7398 8679 9579 1048 8272 5309 8055 3352 1243 4589 870 3577 1612 6395 2631 9267 2938 3366 8471 832 1113 373 7165 9898 2772 6296 7272 3669 3364 8868 7087 5367 6549 2083 7968 5611 8150 9512 9344 2664 7720 4804 3224 6637 4629 2937 8568 6595 2959 4201 7839 6200 6314 3699 7416 5106 3319 2790 2723 1012 5411 7822 4571 4443 9837 9877 1937 6928 1904 8475 38 8617 1872 4820 48 6632 618 3564 9196 2021 261 9383 9933 828 1907 2876 5666 2236 2615 2436 2943 7377 7844 204 5687 3071 1983 7804 8144 696 8095 5419 6234 9572 7441 5147 184 9657 5579 4495 9522 7359 1410 6464 3945 8620 6280 441 3674 7375 8241 6459 9941 9247 6908 5874 976 2550 328 1087 5534 8424 5158 3004 272 2196 548 7452 7967 806 6274 1632 2425 123 6755 1220 4151 7757 2463 2587 7994 450 6891 4245 9112 8688 2789 7925 9143 7538 903 2030 3478 6253 797 3057 4762 1554 7901
1701 4186 6260 4858 2959 4648 4616 961 971 8993 7739 6483 5624 1013 656 6475 7212 6019 7665 1158 6898 8306 9014 8574 5851 985 6214 3982 6726 2420 6566 4159 6616 4241 346 7968 6058 4927 4273 4001 7958 8043 6181 5529 4860 2562 8400 362 4792 6053 916 4900 4629 3384 5345 1356 7623 9495 8162 7577 8619 1922 5349 562 5120 987 5817 7734 2472 6251 1641 6089 3777 2387 8113 2293 6758 6075 6556 6144 7870 5497 1205 2572 6415 9115 3536 5194 6312 4543 441 4121 4152 3002 1116 5228 9570 8285 8179 9206 483 5791 2888 3731 1511 1873 65 8708 9273 2194 1392 477 6982 1639 6486 25 6641 4282 7218 4828 8914 8410 8384 3538 4797 57 289 4272 9203 6082 163 9269 2988 3895 8985 9327 1482 2626 5703 342 8762 8561 3428 6618 3844 4098 3714 9889 2 6203 1162 6104 5803 506 6229 6008 4845 536 274 2246 1077 7966 6455 1175 8527 170 2876 6113 9020 7383 7100 8237 7700 9221 2509 3910 1004 7446 9605 6341 3790 4810 2480 4663 6642 9087 9094 2701 5826 944 9349 7122 3870 8944 2455 4622 9777 2220 6238 9225 1715 1407 2503 5101 9762 194 8119 1102 8007 3320 8042 1376 3653 6987 5650 5859 9404 1208 6980 2036 2734 4279 2810 9207 5288 7667 761 643 4052 2838 3649 7781 8153 4360 1742 1051 3120 7714 6442 8759 4153 7807 2992 3101 6482 819 9144 2783 9563 4671 5054 4081 2085 8018 6140 8664 8000 9713 4917 6258 5255 9214 8902 785 5886 9048 1825 9593 8723 1292 313 9515 4192 5069 6107 204 6134 9855 6751 2461 3431 1019 9472 7724 4457 7505 2897 6948 8388 2744 2294 1556 7951 4429 3056 404 6462 4789 1645 5295 1274 3886 5768 2450 611 397 2848 1664 6527 6897 3501 7138 694 8939 8451 5249 398 7653 3540 4400 3809 6042 8103 4278 8012 7331 7415 748 8227 9685 468 3765 4769 5615 7803 3786 5604 4983 3164 8987 8930 5234 8379 9534 5424 685 5722 1574 4378 8176 4798 4862 2165 2145 6115 8623 1128 2846 2061 2775 1144 9677 2056 8771 1771 298 7489 6073 6953 2392 2117 1666 6130 642 9254 962 5776 862 5612 3395 8165 1978 4240 5548 6092 8185 8015 1732 3036 4374 8970 7301 3363 4510 1988 2255 4294 4836 7326 3404
5412 6728 5684 2771 5599 4633 6251 5302 8549 9471 6580 5041 5319 171 1335 442 2580 8488 6569 2221 4697 3554 5282 2512 1972 9092 6759 4534 885 9711 8975 4966 5196 9576 748 1881 2138 6162 7958 1697 8641 1216 9053 9497 1419 3782 52 9946 7359 5518 5701 4400 7470 8502 3790 8471 4940 350 828 6015 2113 6121 1086 4837 5785 7740 4942 9960 4580 1761 5944 1196 3016 1998 3931 5500 9274 653 5728 4044 8087 1108 470 7029 974 7055 5820 5796 553 5564 6577 633 9698 6552 592 2826 9692 7743 9350 5581 8206 2504 3560 4091 3761 9224 571 1991 317 2375 4149 2255 7955 7296 3013 7597 8310 1874 8531 3037 2833 3299 861 4468 3979 5979 9259 8634 7609 5928 4372 3021 6009 3304 4872 3841 3351 546 1950 3452 5515 1293 8779 3844 7759 6174 5576 4195 3131 4188 9524 1063 4399 2665 6626 5917 1552 2399 9392 7251 6942 3233 3955 736 4263 9647 1665 4986 1226 7068 8243 163 2923 5448 9589 3171 6255 4508 6046 963 4235 5198 9179 4500 7634 5969 1237 9888 8865 6787 8983 3378 190 2567 6065 2195 9858 4813 542 2744 5955 4016 3638 8622 9991 3430 9882 49 5538 1731 1892 4958 6784 4575 7757 6571 1824 8449 9307 9113 7594 3902 6253 4905 2294 5217 404 116 7249 7339 9488 8209 6912 9188 7717 4504 6840 3466 2736 7543 9022 640 3305 9677 5717 1224 7465 4491 4417 9099 366 7659 6010 8109 6748 1714 263 3087 2915 7036 4588 173 938 4194 8333 2312 1644 4151 1858 1700 3042 6844 2672 233 9042 6677 797 7165 3999 2009 6751 6122 5891 6713 3658 4652 7483 918 8164 834 4824 3362 3366 2572 69 1568 9230 9387 3240 7569 3861 9388 8045 9445 1734 6300 579 403 5318 5373 9466 2569 5668 5947 5604 8644 5624 4674 3116 2162 1398 2947 684 4578 2158 2192 5450 9192 6923 2001 8339 1121 2893 1396 3344 6939 8832 8334 7117 3520 2024 8777 4241 4007 421 1745 9120 1201 7027 1371 3303 67 1965 5478 3634 9416 2487 1931 2220 9899 1678 7409 5600 9438 8127 3175 5461 2005 7545 8625 4392 9058 3501 792 3154 4626 2637 2177 3424 1066 8807 8293 245 6660 9175 5294 130 4470 3582 9731 5005 2458 2684 7858 1533 1167 3769 7636 5572 4989
3837 4735 6608 73 1364 279 501 6469 2647 782 5729 9439 3515 8610 2956 4491 5007 2651 9995 3226 931 1170 8767 6816 8820 1299 8178 8652 4626 3227 5736 3046 6640 3728 1354 2264 1755 7725 3506 5393 6086 3620 2778 9803 1310 991 9274 1243 9287 3666 3654 6036 3538 9048 6076 5605 4032 1052 2169 5602 9631 5431 8550 4859 2008 2536 7805 7640 5368 6045 6755 5918 6947 7834 6887 9737 4404 7266 9558 4911 1693 18 7278 7176 7409 6190 2990 7749 8749 382 5073 9564 3720 2942 7270 8764 2408 3192 7680 7435 1029 1731 2482 8517 6406 142 2678 9639 3843 3544 7857 7325 2850 5518 6291 7959 7092 4069 8718 1532 6959 5452 9385 4227 7376 7737 1124 7891 576 6592 3249 1369 4290 9881 5841 7221 3480 547 7345 8887 3010 3779 6241 7877 3355 342 3006 4573 8744 6378 5700 185 9153 244 2445 851 7043 8792 6857 5685 8166 1027 2128 8737 2764 2575 5067 748 2471 5697 5784 3525 6625 1702 3235 4148 8047 9638 9045 1668 9984 406 309 4553 2707 8886 8212 1903 8368 958 814 9384 9429 5500 9864 4212 5350 9618 3008 4176 2489 2124 9531 5267 1076 7412 591 8618 1368 9492 8005 7968 302 939 9589 3761 9814 4130 1613 5891 7303 7217 4274 3050 5846 1225 2853 9926 1912 1578 7835 1685 1606 2277 4178 2092 5876 5277 9098 6158 9342 7759 6764 9135 3817 8705 9116 2585 3082 9501 1215 4838 1173 3168 2437 2439 2042 5794 1540 5371 446 2376 9544 7690 5450 9782 475 1623 3906 6049 5961 3415 8446 5489 7044 3590 8733 3558 5078 3568 3093 2314 1837 1455 7233 1098 3045 1835 1852 3481 5352 9221 6760 9929 6320 7206 1454 2428 9229 5172 4923 9318 2516 1768 141 7880 7763 5970 6632 5316 6360 9273 6445 7411 5793 6742 3495 2573 5464 7003 6725 1866 702 1595 9464 3556 5475 9823 7347 8490 6762 9532 65 2952 5285 7510 1152 2333 3069 7078 6848 2468 1289 156 9906 5882 4086 340 3403 821 2991 2547 618 8262 1985 2098 4685 6526 6343 7644 4574 3542 8254 3573 7104 1687 1209 6029 9931 5923 951 7207 6259 4304 7102 2084 7464 276 6100 841 9028 39 8113 6544 2770 1384 6316 8000 3957 929 1567 5015 1063 4989 6224 6248 1484 6480 5467 1404
6989 3971 2624 4818 9617 2677 9308 8975 23 5756 3550 1133 5575 4454 1815 289 2990 2216 5750 4741 9891 8330 2968 6583 4506 1500 7778 2463 1752 7791 4886 6126 154 4770 9138 2692 1327 7094 8146 9471 1637 5601 9300 556 5029 2758 8240 819 7862 5803 9231 9249 5676 9423 1158 5616 1319 8682 3145 6473 6327 5287 1580 1905 2438 1711 919 8026 3270 6678 659 9601 5853 9313 2979 9403 5128 8124 3831 393 2360 7187 4696 3813 3966 8620 5445 238 8110 6610 4150 2117 384 9150 310 3825 1584 1111 9942 3210 8581 8183 7130 1000 6958 5121 4510 706 5275 3962 9414 7948 8746 448 6453 290 7795 4092 3623 1653 2425 9295 6552 5656 3386 3666 8128 3037 7897 3859 4842 4853 7673 8295 4912 965 8902 9510 8906 8716 6403 208 4058 365 7918 4694 4210 214 2867 1614 5163 6180 9449 6004 4357 6059 8450 9169 1542 9448 1199 2481 8186 1531 6628 577 5864 2126 3601 6020 1181 6054 4439 9796 2170 4874 8508 7663 273 6166 2221 9761 4114 9263 2897 5666 1401 2412 6872 2178 3286 3502 654 5590 6480 9941 8412 6705 303 211 8466 5993 1537 5437 1826 3109 3612 8840 1803 2671 492 7726 2778 4270 8318 5350 4085 9 8535 7307 890 8779 8908 8319 148 5961 7889 5447 9848 1855 2356 7981 7199 2314 6311 8463 1585 5916 1811 1083 5493 717 8095 4584 6031 4001 6676 1056 5849 100 5482 7904 7473 7967 9978 6071 6068 1660 6039 2413 1670 4054 1159 414 3195 6555 57 9014 7292 8871 653 785 4604 2061 1493 4164 9345 6634 9393 7113 9378 5087 1252 6971 7544 8884 3076 5159 6974 1945 4505 6702 5902 4590 4840 5250 3921 2542 1081 5890 6972 2342 753 949 2071 9515 2910 8089 5775 4782 6756 5190 5824 59 8617 1037 4617 4484 5867 6534 9229 9646 1924 3670 7334 534 9396 1514 4999 8713 1995 4587 432 9629 295 1799 3465 2995 6227 5123 4113 4458 1021 7793 4489 9878 5907 8601 4213 4622 8495 5240 5906 3796 2337 6749 1576 2699 4941 212 3264 7869 9417 2349 4367 4074 7196 7913 683 4837 842 8300 8923 338 8274 4077 1597 3534 4309 5580 8465 1188 9668 7564 4914 568 2647 5256 2730 3791 8333 7376 2204 8132 2243 5394 5358 2497 5010 1526
8604 1027 9015 4503 9512 915 1226 4538 7568 6533 6837 6535 6440 280 2186 4111 7268 6041 4429 4187 2189 8519 2889 9667 5172 1803 5084 9264 108 6307 1663 2853 6806 7685 8326 6175 7851 5396 7374 5014 3145 8886 5092 7676 5109 9305 6980 3167 4519 6336 910 7222 5165 8196 1959 4139 1710 8534 4915 7786 3288 5518 3171 3725 3833 2409 4877 5322 2049 6288 431 7237 7191 6315 75 7854 9804 2995 8640 3888 6502 7987 8421 2328 5945 3471 4217 6241 4757 9128 7090 1346 732 2527 1468 6536 1238 2156 59 1023 9809 7006 8013 3260 1069 678 3239 234 1310 7878 5040 7991 7627 9832 7444 1126 4374 94 9086 5420 2610 3 2132 4823 6034 815 1062 7071 114 5116 2912 98 8292 2917 4109 7665 2289 8683 356 7114 6589 5728 1514 7412 7478 4384 8116 7832 4164 1751 5399 1775 635 6771 9629 2708 564 5854 6524 3620 9665 5569 8058 9338 5433 5033 4377 4502 4707 9046 3353 7626 5027 5568 3253 7462 7560 8121 1836 3537 1123 9973 4473 5460 4677 4994 7115 1387 7604 9394 4324 12 5349 1693 6905 3044 3917 5749 2349 6780 2839 9585 1435 8083 9379 2298 1893 7233 7985 8818 8583 192 9647 9142 4311 7596 975 9330 7021 32 1379 9192 4393 1326 4702 5035 3980 8254 453 2870 8435 9556 2188 3714 1013 1787 8260 9269 4119 5680 1035 7427 9504 2503 6232 1540 2251 6219 9124 7884 3849 9240 4872 1311 2676 6916 5864 4539 2366 8409 4710 3447 8981 1245 5770 3184 6148 8207 4779 4761 8334 4587 2845 8394 2684 5328 858 7537 7683 8723 2423 2098 1565 2292 3084 5984 733 7332 3344 4409 8157 4697 1024 4607 8882 5886 172 3610 1643 6823 9314 190 37 5390 8565 3765 5900 7400 9860 1886 3619 4860 3693 178 2419 2892 4068 793 5429 5827 6880 3003 7052 8889 9500 3297 8735 41 4596 6062 5264 3555 7557 3713 6215 9918 380 2350 1578 4715 7458 8354 617 337 5882 966 6113 144 9168 9157 6337 5715 9098 3038 5108 4500 5104 5294 7607 3795 9952 3638 6092 9316 9800 3789 1136 2389 8847 7830 4561 8006 9653 7951 5560 4841 2461 4562 2804 1522 5824 2472 7382 3426 8146 1877 402 7990 2822 7956 9571 4214 1833 9136 5502 6347 3730 7844 1782 4249
3720 2414 1473 3132 9055 9162 2933 3525 6097 5912 7610 788 4010 4891 5135 6736 4158 5534 2587 2157 7456 1336 5309 2218 351 5695 5653 3983 5247 4518 4123 7478 6976 6553 5459 2464 1555 6869 2775 4867 9899 1740 5171 9597 1645 9018 1496 3570 2168 269 1958 1926 8278 8288 6303 5049 3793 2934 8330 7973 3785 4522 3329 4975 8475 4208 5616 6324 5884 3161 8302 3524 1292 4036 9737 3876 1469 3926 1551 7663 5278 3368 2237 1583 1311 5268 5353 3491 2839 2170 9879 5710 7679 2102 3363 8233 2210 1939 694 2655 8673 4933 6805 5472 4887 5929 9239 2659 7879 2430 8304 3127 5044 9789 3561 8958 3399 1087 9704 5423 9610 4068 3385 3866 3454 5180 2807 8522 9889 3725 6425 846 2504 3622 1853 7758 1431 1462 312 8433 2538 6880 5595 5489 6516 7800 3101 198 1041 8828 9190 7382 6018 6583 9511 8709 7794 4292 8956 3796 7342 3951 1592 4528 2138 6224 5720 5694 848 2107 7374 7606 1582 6513 3392 7480 6579 298 1205 6295 6637 8799 9943 3013 7659 6072 5871 738 3928 1154 1408 1024 7199 7319 3513 8479 3414 3113 7823 3539 3318 2155 7853 7591 9563 8394 5276 3765 8492 5837 7487 186 3423 6330 4693 4410 5547 5010 6531 9826 1220 8321 4756 6915 3651 1100 2120 9797 1973 3952 6397 6404 11 3136 8261 6659 4432 1180 6254 9772 1932 7087 9537 3548 6535 9032 8724 9820 2411 7072 7511 5429 8419 5317 630 5352 8693 963 4297 2960 3169 6714 8525 4290 9353 44 1589 120 6517 2598 4977 8078 7960 1362 148 959 5091 5463 1670 9059 8368 430 5024 3752 6069 1463 5117 302 411 3792 8136 6454 93 6873 1981 2364 1391 9402 5328 3450 5974 5310 7023 2227 3568 2565 6524 6212 8102 3196 6358 9142 6903 6033 8609 7630 6825 1502 2379 3417 7521 3444 7165 4061 9778 741 8336 6782 5034 1767 4815 207 4258 5698 54 9611 8873 5261 1739 366 7721 3772 2099 8962 2605 8591 1196 3078 9767 7928 7714 158 8981 3837 4207 811 4448 8011 6249 5761 2559 7715 4963 850 1710 1119 3352 5413 1588 5322 4641 4725 8065 5537 6995 7785 1075 2079 2925 5113 1096 2914 2293 474 6297 6240 2544 5689 6844 2734 8002 3032 8891 1688 5486 2108 2172 9482 9462 3425
9053 5401 9819 3455 5827 5314 2071 355 743 3781 1158 6463 9159 4374 8535 8154 8730 4471 4291 10000 2551 5145 593 3535 9961 5289 2030 3490 3883 925 7682 2352 9622 7535 6514 4039 9987 128 771 8230 3651 6949 2751 5473 5534 8436 2788 3132 4897 9793 8616 7086 574 2303 4338 5674 660 5246 5562 2878 5281 3618 8496 885 5615 7368 4639 964 4944 5467 6725 7187 5543 1646 9665 4003 7126 2641 7294 9321 2238 2230 3818 8824 5826 509 195 2482 3831 1240 193 2879 79 5494 6369 7804 8156 8333 8223 37 3824 7633 7075 7761 1681 7721 9621 2730 4638 6166 3068 7594 9813 4646 4578 8069 585 5123 4960 2291 6720 3176 6170 2274 5091 1305 2301 4735 1922 4914 1415 480 948 8120 5472 729 6560 4915 6220 2356 8828 5032 8013 1694 137 3988 5100 4522 9178 5606 4151 7769 93 2715 2612 8047 4952 3879 1719 178 853 1960 7378 2654 9717 3688 4608 2114 6830 1355 2383 8472 5649 619 8381 8702 22 1798 9514 8959 4046 3594 3253 5896 6628 1424 3697 7825 8991 7701 3584 5238 7150 7884 2283 8308 8182 3172 6964 4777 3592 3650 2144 875 7600 8622 5895 1823 9555 5824 906 6450 6736 0 6165 8270 5718 1933 7734 2037 7104 7008 6050 6080 125 6370 2602 25 6206 5135 2578 4789 1210 6148 6641 3847 8071 188 8875 706 6122 1795 5106 3331 420 2851 5637 3001 5883 4205 7057 1327 7941 5979 5163 7027 7282 1696 9747 7740 846 8353 4253 7536 1312 5915 7860 7047 3312 9195 7235 6022 1631 7639 5884 9010 8933 9207 4853 8520 6128 604 6355 576 1906 8090 1420 4491 321 7492 39 3427 1378 2821 1585 6763 9651 6782 876 2398 491 3768 8742 2089 6789 4490 5523 5616 2166 6515 8844 1856 8008 7690 764 4616 526 1824 4353 7700 8786 3362 9277 965 9749 7343 4598 4099 8084 2611 3242 3076 6006 4807 7644 9895 8383 8305 3774 7551 3338 4034 5976 755 1399 3656 953 2124 4845 101 1127 7613 1038 262 4193 9439 8836 3444 3007 4692 5454 4302 2813 3173 1762 6653 1465 562 4685 1840 1177 7695 4775 3989 9905 6398 7051 2518 6692 8734 3677 1788 1492 206 5302 4453 7864 6253 809 687 4890 6179 5491 1961 2176 4530 7590 600 7149 3079
5293 9157 2685 6481 3500 9819 1369 7525 6413 6991 2335 5907 7362 3744 1413 8798 8901 3466 6561 7634 9794 1328 653 9553 4135 8859 1796 7825 6905 9399 4683 151 9130 3041 5864 887 3132 2811 1484 9715 1999 2554 7467 7919 8260 5617 4885 82 7816 3688 2522 3812 7929 6275 4363 3629 9230 3205 3331 8341 4549 6736 7921 7863 9369 631 3913 2891 5618 9690 1958 5689 600 5063 4777 1506 5348 3243 5795 9580 3779 9476 4409 4505 5463 5433 1381 5143 8911 1481 5307 6378 8935 6724 296 5365 4872 7666 3442 1318 2638 800 5391 9718 6407 8182 1086 8662 5876 8512 5630 7308 4456 179 3572 5534 6350 4486 4231 9817 1766 3773 660 3160 7260 3977 194 5598 3653 4466 8201 2318 4278 5491 9882 3874 5629 2503 2580 2306 6660 2993 5385 902 5158 930 9607 3423 86 7022 1185 4021 1467 8086 128 8692 9928 4750 1862 4731 630 9115 1015 7745 2771 9424 4724 7023 5990 5897 9347 4998 2669 9657 3505 3823 742 6897 980 9689 7160 3813 2727 8151 2236 541 1764 4170 6915 7414 3429 8902 8271 8437 5507 6706 3869 1618 3130 3208 7739 3962 8175 7479 5537 751 107 7857 553 9389 6668 1405 379 3900 468 1244 7320 2074 2677 8069 8506 6821 6059 7211 8700 8340 9751 4860 41 944 6828 9673 329 3818 6738 7524 1608 5115 4462 8995 4821 2779 7836 9725 14 1300 6211 7060 3649 5260 697 819 6623 5334 6022 9552 9337 6983 3923 906 4364 8434 1099 1078 243 875 5514 313 6994 6743 1528 981 4487 9036 1686 9646 685 3201 4125 837 3050 9081 7764 4003 5040 4339 8393 4234 4218 7394 7399 1403 776 148 4722 7420 2238 144 5516 9923 739 2489 5359 6063 6417 6197 9839 7406 5017 3901 5273 3120 5193 8993 5218 9034 2083 5894 4939 9377 9050 8914 5889 928 10004 9678 4340 3191 6110 2091 4306 9940 2368 4360 9228 3602 9586 2588 718 1654 5991 695 1216 2871 9588 2191 4470 7407 9822 5777 3146 32 7734 9958 8802 8107 963 8060 5289 9951 5188 4982 5845 9662 7516 3196 114 1464 3678 4507 5066 9185 7134 8974 3986 3411 2468 4524 6695 1049 996 6513 7155 9809 3354 8779 7669 7850 6946 6264 1543 3007 2606 7152 5401 7733 5153 6926 227 4051
7989 630 5373 9549 1187 9889 3746 7281 1070 8096 4408 5965 2114 1002 1580 6931 496 1951 8340 6009 3387 3490 8062 1150 2223 4383 5924 5249 4142 8731 3448 6392 2414 1494 3988 9279 4747 3719 7637 453 5483 7728 7407 6080 4304 6595 7150 2056 2508 2849 206 9481 4678 2405 8284 7118 8408 2518 864 8959 8225 3819 7801 7927 2930 9145 1325 2510 2452 3958 5227 8509 7487 207 4279 6554 278 5196 9659 9373 6102 9944 7839 384 4169 8375 4065 9005 9101 52 22 5977 9739 3500 6077 9903 967 3524 1313 4892 9961 9468 2255 8038 5914 7234 5396 9987 4307 996 2771 5682 3251 465 3101 219 1897 9052 4775 8168 123 939 9082 8827 4406 6362 8369 5256 7756 1849 8573 4790 187 8249 9062 2790 6914 8874 80 4471 8470 218 7099 7176 6902 1249 7589 9981 5498 9754 5526 4196 8019 4682 1611 5781 8617 6063 2675 4724 3281 4517 9346 6458 9327 5226 3704 5611 2334 7367 4013 9320 1612 579 486 3936 9594 7265 4246 8101 8419 5338 1486 5576 4278 1749 8409 7323 2740 6832 5137 6360 8766 1504 2003 8025 3491 2860 3026 96 1295 8465 6214 7726 7804 2328 8558 2764 2068 126 5347 4703 2446 5149 3978 1257 6001 4975 8496 5064 5840 1909 6670 7273 2658 3095 1410 648 1800 3289 2929 4340 9456 4637 5540 1417 4262 4925 8414 1327 2113 6204 9711 9058 3584 9417 7375 2425 4314 4610 5896 800 1649 8245 9856 5293 5415 1212 9930 611 4141 3926 1572 8519 5502 8960 3023 5695 5674 4839 5471 103 4909 1583 1332 6124 5577 9083 3625 6282 4235 5281 7797 8721 5433 7646 3670 2353 8599 9636 8935 2982 8830 8814 1983 1988 5999 5372 4744 9318 2009 6834 4740 105 4512 5335 7085 9955 652 1006 786 4428 1995 9613 8497 9869 7716 9789 3582 9814 3623 6679 483 9535 3966 3639 3503 478 5524 4593 4267 8936 7787 699 6687 8902 4529 6964 8956 3817 8198 4175 7184 5314 6250 580 5291 5812 7467 4177 6787 9066 1996 4411 366 7742 4628 2323 4547 3391 2696 5559 2649 9885 4540 9784 9578 434 4251 2105 7792 4710 6060 8274 9103 9662 3774 1723 3563 8582 8007 7064 9120 1284 5645 5592 1102 1744 4398 7950 3368 2258 2439 1535 853 6139 7603 7202 1741 9997
5332 6595 1061 8797 4272 6858 3894 1835 5263 5281 1708 5455 7197 1648 7358 4714 9184 2505 2359 1319 7619 7944 8477 7750 6958 4058 9309 2710 6698 5633 1885 5345 9018 5435 1160 4156 9870 6432 8399 3219 728 9852 10005 4652 1477 6277 4142 2642 182 8156 6423 5182 6349 9864 7623 7150 5974 9249 4613 4215 3162 7039 2990 1153 542 6745 1307 10001 5446 3980 4778 6487 2485 6329 3827 124 9662 7692 8464 5327 2584 1688 9425 9705 4160 9076 3929 9898 874 885 3705 4327 944 7004 4934 5542 4938 4748 2435 6247 90 6404 3950 726 242 6253 8906 7653 1195 2212 5481 2036 389 2091 4482 5201 7581 5480 7238 8520 4218 7570 2660 6616 1896 8165 9640 2052 7220 2086 471 5828 8209 906 4540 3695 6312 2198 8260 5793 146 5295 8936 1698 7440 8451 2904 8217 9325 9541 6693 1622 2512 5973 4444 2737 6342 6250 4498 2025 7576 1469 7865 9148 9651 4872 7842 8710 6531 3758 8817 302 4350 1382 117 6048 4567 3339 6929 4811 4940 4351 6187 1993 3921 1479 5880 7894 8395 4013 3231 8353 2343 4495 7624 1948 7850 7122 1525 6756 4127 616 2063 33 2708 7095 1881 6139 1514 3936 3505 3999 6010 2103 2100 7699 2071 8452 7709 86 7198 6453 9234 2587 6096 5046 3324 4903 6692 6824 636 8100 7532 196 5377 2666 5425 3145 5410 1119 7291 3003 3576 4916 9115 1191 3006 7984 537 2734 1934 622 872 1282 9960 8581 7120 1922 3004 8381 6792 6988 8110 5547 8949 4121 1807 814 2788 1222 1856 6098 4649 7076 649 516 1899 2566 5261 5678 7963 9709 3366 6573 5428 7553 1031 4745 8034 619 6471 5661 6334 7838 9504 9034 2259 1155 145 490 7060 3825 521 5910 1939 4633 245 654 4527 1272 1938 9835 8376 2781 7615 8738 973 6251 9303 3901 5449 8388 399 106 3228 3945 6722 869 6881 4332 4955 6377 4306 109 7636 9573 341 1612 4497 7227 5700 3596 946 6607 8686 1288 8769 9830 4365 3408 8243 4164 8282 1426 1390 8536 1042 7565 8656 7243 2524 3591 6942 7234 9314 6721 6071 5005 6459 8043 3836 3341 6532 8563 686 8182 1262 3923 1082 9632 3640 2219 9095 5161 5514 489 2255 1949 2648 8998 9405 3668 6668 1581 5647 9113 1588 9261 2231 6713
7301 3489 9646 3332 5786 9010 9494 3483 830 2083 8541 7524 4255 7700 9347 7645 5254 4535 2155 4256 2498 1216 5518 2166 7076 3120 7840 1571 96 7684 2516 7650 9265 3908 1527 8830 5196 6041 3424 7538 1476 3943 9590 4441 800 8038 2296 1285 6832 1519 411 195 3043 8114 7224 3763 5292 6999 3394 3486 5238 7711 2160 8267 1871 588 85 4864 1894 1026 3205 5978 919 9434 5386 8354 9619 3688 5169 6397 2807 4925 4796 5385 3549 7743 5815 8257 3856 1842 1341 5723 6505 1383 7393 5241 2112 7788 1886 2614 8211 2980 5609 9120 7673 9703 7028 2641 7855 3597 8222 5800 6231 5737 3726 7633 7636 2037 7665 1284 2027 9650 2538 3283 502 7149 3640 4690 6412 4833 3044 2912 9100 1636 2204 9540 4359 7070 4311 6591 4326 8617 2445 6733 6160 4820 621 8545 6730 1752 9199 7002 7802 9114 8864 8454 9783 1155 2616 7814 6732 1355 2944 2748 1626 4189 787 5615 7929 8922 6948 8514 7880 3638 5087 2660 9087 9220 7837 7170 4475 4058 1773 27 6370 3163 4308 2183 8705 4991 1702 9117 3265 4075 3402 1898 232 702 7477 8581 9591 9246 2676 5911 9215 3826 7797 5103 9491 9082 5209 8464 7798 9908 1360 6955 2121 998 8763 3485 433 5835 4287 1348 9337 9630 6508 5791 3014 8867 2855 5404 4781 3359 5430 9627 2100 163 9395 8124 5239 2509 4036 6140 8790 3129 1050 8448 967 9913 5371 6328 1493 5572 1454 8310 8346 1200 8694 2171 1080 2493 7212 6145 2794 2502 422 3015 3665 4731 3277 1693 5900 6395 3204 1173 9050 1554 8474 5813 8654 104 6096 7517 641 4575 4222 9247 7481 7787 7088 738 331 6068 3068 8155 4089 623 8148 475 7505 3023 2077 9732 6275 7010 6214 4108 1855 3764 90 8875 1267 398 7779 8676 5744 7340 751 2754 435 5438 8039 7101 3161 4705 8438 2952 1160 6627 7187 6104 5929 5642 7573 9539 9561 5194 6438 9679 1785 7652 8868 7660 7280 2654 271 7971 585 5684 9243 8275 283 5589 3083 174 2208 8746 1856 8569 1966 6748 8186 2939 8744 2253 4817 6220 2917 3104 1009 1576 4107 7057 1888 2217 1956 8733 9440 4195 9603 6864 5174 401 2180 4297 9370 8083 8374 5649 1180 2657 4679 3592 4211 6427 6859 1163 1028 2808
3100 3885 3171 4802 6276 3890 7182 4175 5648 8464 9880 9000 3554 3829 4280 9823 5304 6699 4984 170 5084 334 2551 7788 3968 1706 398 9861 7768 7938 4214 2910 1572 6983 8652 2583 1436 3958 3691 1652 1110 8627 2542 4571 7098 835 8176 7006 9090 5703 2550 2983 2092 3833 3486 7320 6803 4354 5141 4030 9413 6633 8078 6445 5368 4002 4964 4140 7592 2846 4269 7003 4682 75 8931 2240 4476 938 2741 94 156 7863 4091 2308 985 8422 8210 257 2825 3434 7635 9321 4881 5605 1989 9268 391 6247 4643 2813 5816 5137 4824 1909 5134 416 6288 1508 9680 8672 8620 8935 1446 1973 2437 396 251 4016 2185 383 7835 9649 9822 499 4823 7111 3258 2543 9376 8974 8715 5088 9547 48 9287 1623 1863 4258 4183 4060 3458 2871 4310 3868 1542 2931 2407 6351 4013 7784 4762 4209 8906 2199 7611 4078 9892 6618 6052 8326 7252 287 6877 9679 3867 6744 1055 4534 9439 1472 6819 1178 5136 19 33 7261 3504 3747 543 6096 9599 9740 6769 1096 1399 6299 4328 295 5289 4673 6865 2054 1369 2247 8090 4063 7866 8499 7936 4611 9165 5826 3152 3570 653 4275 5812 5931 7327 410 7479 259 2428 7186 3381 3145 9963 7535 9157 7414 8158 572 5343 3961 8099 7280 4736 9370 158 7466 7843 8061 4816 3497 133 7425 971 1194 1960 14 6029 7888 4132 9180 7852 1271 1686 4368 2362 273 9656 3429 3624 9948 5509 1031 9298 4443 2485 875 236 1990 4066 2267 4120 1555 5354 6781 8721 3897 789 7300 766 6862 7653 5748 8628 7347 6447 4971 7754 710 7971 2667 4776 1430 5149 2442 4407 9631 3388 6759 3081 2653 7555 5187 4906 5646 8861 6128 3247 9730 8754 2350 2655 7158 8939 652 9477 3936 8058 408 7876 6514 6682 3355 8306 1215 2795 9389 1390 3082 7458 9431 3060 1818 8187 9826 9712 2320 8610 913 2700 3229 3296 5007 608 8204 1448 1576 6189 6149 4082 9098 4115 7551 5981 7409 4147 1199 5971 9394 5401 2455 6830 3998 5758 6643 6093 5191 4112 3143 353 3783 3404 3583 3076 8649 8182 5815 332 2948 4036 8222 7882 5323 7931 600 9792 6454 8585 872 5835 6369 440 1524 6504 8667 4609 9562 2074 7406 9746 5578 2345 8651 7785 9567 6085 6779
5878 748 8346 1193 5073 5432 9223 2231 9177 1355 2937 9134 4887 2325 525 7580 3139 9065 3573 2972 7190 498 7936 2522 6452 6893 4414 1149 3800 2944 2741 8012 7450 8930 5353 9894 4132 7091 5139 2338 2948 1947 5509 8949 6585 5510 3747 8461 3383 659 995 4348 4243 68 3228 6409 418 3802 2547 6493 3758 1274 4005 7283 7055 2278 4851 9471 3038 4096 4230 7652 8861 4039 534 790 9 9936 5802 5827 5868 2733 9600 2449 5932 36 9580 6419 8440 2548 1291 5634 9154 917 9824 8020 5862 3924 8351 5204 4446 4804 3790 4929 3995 9268 8309 3534 5710 4075 3395 8284 3493 8845 7215 539 4801 9389 9308 369 8525 686 639 4965 6856 6755 1786 2443 7123 8794 2328 4933 3201 6765 9808 1189 5867 7935 7724 4576 9020 7502 8615 2835 9367 3668 9132 5284 8580 4779 3749 8064 7135 6412 4826 9430 6173 7236 1374 4169 4750 4502 3695 8776 5901 1186 1459 2307 4098 3833 1397 4607 7870 5616 2720 7177 8082 3562 152 6568 3881 1876 4592 5844 7497 4604 3462 9995 9101 6434 459 667 9414 9349 7241 5385 3542 4122 9076 6393 3594 3807 6558 5866 3130 5848 6703 2101 4961 7650 9258 287 4788 6966 4934 8006 8641 7681 8108 8408 8900 1301 3649 7900 9668 8965 3409 5505 9743 9088 4011 6092 8304 9530 6337 4703 8828 5586 8675 932 1843 6139 3978 7639 6438 9672 8171 906 7004 7398 9245 7871 414 4596 5050 4994 6103 1117 145 2954 756 6758 6194 8071 742 9537 9951 7828 3946 3984 6448 7687 6917 9657 6145 2787 8888 3683 1151 3403 6696 8494 1836 2525 853 2514 8040 1892 1416 5839 3486 5231 4090 5421 6403 1609 2553 5302 5007 8526 5491 2515 2838 3768 9296 2751 6027 6196 7674 4494 5283 3775 2903 5876 1145 4594 5447 1242 350 7293 5070 1024 3595 8612 8434 3739 42 8389 7668 5685 4034 6530 1417 637 5362 3104 1002 7962 7368 5193 1626 4182 7173 8876 6065 8660 8913 3724 8023 263 9552 1970 5947 2062 7699 4535 2148 635 5759 9359 5256 4131 2286 3263 4465 6036 9413 4544 5365 7512 6630 1581 8111 2809 4521 4927 4392 5516 2556 9710 628 2145 6234 131 5733 4513 6515 9398 2518 7246 9396 2915 3494 3643 9091 8419 1713 1923 266 3953
7676 3487 9426 6357 123 6711 9910 346 7477 7964 6361 9336 4208 1402 8008 7634 1817 683 5628 9735 59 9408 9930 6383 4969 5452 4643 114 3494 3033 9482 5248 5109 7683 7101 2544 1475 8528 4484 6658 5420 988 124 1509 1779 8226 4389 498 7326 2913 3281 282 167 7984 2391 6828 1696 9691 8793 6920 3448 2157 3242 3020 7059 874 2739 7799 4089 6 4918 565 9037 8521 870 3533 295 2590 2351 4761 6712 4708 2222 5350 4876 8902 294 7792 475 6888 9800 2167 1257 1766 5803 15 8135 7442 9908 743 3725 2211 2530 4254 2278 4241 9862 9874 7492 9990 4480 7452 7923 9496 2469 1352 7926 3897 8097 4978 8669 1513 985 5723 5888 8160 7483 6773 7610 6581 5694 6641 3791 9124 6262 3970 8617 1828 3503 6250 6352 6119 7338 531 5779 4779 3139 8455 3964 9808 579 6258 4764 1113 329 5848 6093 2492 1790 1039 5011 7122 3379 843 3889 9685 9984 5671 6203 671 8010 7237 5569 6436 9459 4810 1989 6569 8076 4143 9301 6152 5791 2397 5637 2945 6936 272 2152 9238 3647 7687 6307 41 2974 6183 4641 511 9749 7287 5651 166 3179 515 8955 4784 7150 7828 3336 4375 3277 1076 2670 6485 4736 6671 7843 5362 2494 1393 4791 757 946 8461 2773 1050 7831 7744 10003 6903 1819 286 9380 5481 3890 4483 1853 3544 3115 3212 8975 814 4642 5316 1618 5160 2563 2707 4144 4099 8028 3664 9316 8178 3910 513 9352 1032 1397 3997 8261 2445 6116 2930 4910 2153 4036 5523 5560 3219 2582 3939 9767 3714 9398 1908 7637 6225 6311 9254 471 7682 2296 668 3602 1609 1943 5693 1836 1915 1244 9350 1429 7652 8251 4430 7370 4186 5769 6764 4393 9711 4823 4412 936 439 4027 2306 8690 2348 353 1084 1082 1479 7734 1981 8157 3075 1145 3984 5838 8078 3746 3046 1898 9622 7479 7567 106 5082 8039 6484 9938 4795 9970 8450 9960 428 1207 1684 2066 6295 2423 476 1686 1669 40 8176 4307 6768 3599 7208 6322 2067 1093 4299 8356 8605 4210 1005 1753 3380 5648 5765 7558 6896 8212 7168 4255 7083 6117 7735 6786 26 948 8064 6525 6803 1655 2819 1926 4064 9972 8053 3705 6181 5038 6766 3996 3456 569 8243 6018 2369 1188 452 6450 6680 1053 2232
1873 5973 2690 8914 4311 2366 3179 6914 1031 2991 4204 8595 2587 4342 1216 1293 1019 5373 1706 4098 9622 3871 9650 8320 2136 8806 5735 9905 2734 180 6799 8848 7405 8641 3463 575 3444 9350 7828 9735 6458 1484 8137 3437 5736 4703 4610 8060 3711 1382 8370 2218 2536 9462 5610 9700 8402 5873 2526 1440 6864 949 9261 477 2883 5628 6127 2142 7615 6984 7150 4220 5419 2582 331 1843 1921 6452 2675 6888 6192 4250 9471 8827 6570 9273 8102 5381 118 9099 2613 9188 9964 6033 787 1390 6782 7219 5534 4772 5924 7413 7053 8464 3573 8761 9664 5541 8386 9049 2531 5451 6237 321 3828 3175 7708 3534 1492 6549 8438 8734 13 4924 5773 2362 3973 9417 9539 5336 4047 4735 8265 8050 5696 2636 9626 3077 7147 9819 9798 8963 9595 4227 9033 5707 5456 241 9701 3200 7749 399 8359 9405 1914 2838 9557 1763 7794 6477 2716 3753 3052 7106 2947 2931 6107 6112 116 9496 8868 3435 6133 951 8864 4229 8636 9459 1202 4072 4776 5130 4910 8552 6119 3730 2614 3986 1833 3906 7706 3931 7747 796 4607 3652 8090 7763 7627 4602 9648 8717 8391 3053 1904 4823 804 3019 8653 1081 3073 7941 2315 8299 1301 9438 367 4704 9415 9936 1584 8301 904 3183 6120 8535 4490 1859 8752 6447 8671 7515 6820 9683 6773 4002 8664 3901 3695 4558 8375 6229 1909 8834 177 2391 3220 3779 7898 5847 7687 2699 2124 1181 3237 5408 9769 9716 5226 5868 8522 2067 7492 6382 6563 5659 4977 256 1720 1319 5865 4114 6446 3866 5639 8947 2764 4232 3037 5080 4828 4815 2392 8025 5655 5771 2759 221 3664 5708 254 2117 7574 112 283 1364 1936 8478 794 5004 9907 2337 3932 2545 2672 2480 564 624 8728 1204 3675 8528 876 8741 3627 8049 891 760 1746 6165 4606 8854 6214 9890 708 2061 8683 5133 9318 4173 9745 4473 230 6881 2578 1125 4346 422 8797 2518 3028 1863 7958 3944 163 5170 6977 3536 1095 294 4184 2558 5095 6854 2934 508 1733 3742 232 6484 6330 6878 8177 5504 720 9686 1174 9630 2283 4644 1311 7453 9120 3448 8556 5325 1227 4113 1641 1990 7766 2028 223 3267 9460 6007 5948 2649 2042 7451 9517 9703 2803 1494 6152 2183 4480 3844 10006 7703
5970 2402 153 1268 5098 5375 5429 4717 5951 1170 4537 1653 3728 7131 7108 6670 3550 2436 3411 5010 2829 453 1760 7506 7723 9680 6485 5248 5621 6633 5891 3073 2054 9189 8882 4776 9250 1777 9135 9594 3542 4024 8417 2012 7519 139 4047 8855 5132 8633 9171 2448 1029 7508 7326 3425 2231 9079 696 8563 3052 1219 9821 3514 9582 5924 1526 3920 9047 7048 8573 1067 9972 8565 2655 4971 5567 7345 4657 7854 8694 2066 6807 1373 9273 2215 2248 701 2567 2425 591 4388 6212 4400 3830 6898 8327 9870 8798 1436 1771 319 8345 6297 2538 3178 6229 6029 5701 760 5866 3032 5189 2322 6026 1293 5139 2240 2289 7573 9434 5281 4074 8499 5749 1239 5851 1006 7070 4206 2311 3206 671 8522 6187 4359 6965 31 5471 6387 4687 1899 4932 8305 4230 7554 8202 9665 4459 7129 7505 2918 7804 8612 8336 3080 5668 2307 4000 3174 7023 8532 4202 3105 5709 9179 860 6030 499 2636 3739 9951 7730 3287 9610 366 4019 4406 2639 8147 5572 1349 4030 7226 3261 4764 1625 9286 4638 6622 3071 2451 5437 3129 945 4168 9854 1967 1441 5782 9699 7717 864 5236 8003 4135 1394 101 1583 7616 5902 5893 2676 5806 4935 2706 9858 1173 8945 7281 7354 7874 4724 9565 4295 9662 51 1501 3879 2175 181 5717 7591 5861 9028 5816 2950 1452 8602 314 4334 6924 3166 8611 3531 1204 7795 5395 1459 2209 3439 9459 5322 939 5359 8605 4722 9962 543 3909 6227 6426 1949 5014 2035 7957 3259 5161 7880 3533 807 1540 1141 5290 7291 5369 6620 3468 8706 9691 9305 5870 2238 2686 3821 3681 1450 8999 6569 8588 3093 8091 6681 6370 3058 28 1063 759 1061 1156 7316 5410 3485 328 1555 3167 3409 5407 9084 4707 7936 2424 5793 2512 8339 7488 1289 5933 4743 790 9918 9277 1421 9752 2200 222 2582 4451 8717 2504 9927 2487 8298 616 4429 3077 1260 6686 374 2431 9407 5637 3457 5886 9069 2681 9817 4308 2078 4425 3871 3763 5187 2719 2274 5547 1308 7165 359 405 1281 7521 9749 7799 4601 8963 3708 1094 9616 9182 5268 1651 4125 3379 1355 2839 8475 506 6250 6864 5069 6128 1060 6358 5440 7537 6573 7794 590 9590 4336 6527 6918 4357 7362 6286 9725 2556 9612 9976
1691 7922 6933 8113 4044 6177 8074 6782 3062 964 7130 4033 3357 7452 158 7009 3034 6522 4637 3547 9765 6353 3159 6727 8976 7861 4031 3754 3700 4412 3178 7959 4592 7476 5401 1998 2021 2459 5579 6693 5718 4119 6300 8676 7369 1623 1406 9456 2644 3881 3508 2496 3238 6056 7075 9947 247 4353 9886 7352 10001 9542 5587 5105 712 7117 1610 8990 5082 274 3997 496 9965 6681 8100 1621 1803 5704 6898 50 8433 566 6077 7910 9315 5615 9554 3205 7603 5209 82 2081 556 8062 9164 564 6474 4158 3562 1784 4472 1275 435 7063 2322 7756 9863 6914 6881 8428 6562 6704 8538 4741 2917 4729 5299 2231 802 9266 331 7693 7358 8810 784 2832 6591 5951 2900 3100 3428 8369 3263 6097 3940 6807 3103 7836 3990 6889 6840 1556 9702 3848 5055 630 3380 7890 3278 8123 2059 4923 6818 5923 8458 607 2942 4770 2164 9098 3658 2742 4442 7230 4197 824 4899 1575 927 9471 4670 2000 1624 6211 1325 517 793 6049 3461 6822 5129 5955 2106 597 4927 6024 3420 9957 8269 3099 8630 6493 5390 9185 1399 5842 9526 8763 5110 4723 6490 982 3557 7780 5099 1903 5868 4365 7504 9850 4491 2507 6058 6678 3692 6000 8184 4961 9282 7162 7688 3347 9437 1412 8265 3893 1126 4994 7735 9028 7546 1513 3227 3236 6453 3323 4194 6423 9278 7956 184 1848 1775 1255 4405 9571 4834 9474 9078 7628 5250 6954 8948 3412 1538 3268 101 3313 6179 7677 527 8815 4795 2205 5963 518 5598 7925 1334 3734 7670 6920 5690 9677 3807 8190 3770 524 4407 9174 8586 5220 2902 2703 7180 4115 7094 1172 5870 3968 1249 5596 8322 7589 7988 3839 1838 3760 2509 5661 423 9445 9831 3259 6891 6443 5308 5448 7679 130 2560 541 6036 1038 2448 2759 6071 9101 8066 8370 8068 7973 1813 3719 5644 8801 7574 5962 5720 3722 45 4422 1193 6705 3336 6617 790 1641 7840 3196 4386 8339 9218 9859 7708 9384 6929 8907 6547 4678 412 6625 9209 6642 831 8513 4700 6052 7869 2443 8755 6698 9729 3492 5672 3243 60 6448 9319 4821 7051 4704 5258 5366 3942 6410 6855 3582 7821 1964 8770 8724 7848 1608 9387 1330 4528 166 5421 8035 9520 9954 3861 7478 5004 5750 7774 6290 654 8623
5845 9074 3562 6931 3650 9477 8626 2427 7071 5881 1928 1049 408 2559 883 3338 1360 3720 5589 9855 3642 1058 3625 9436 1754 5567 4215 2398 7824 1512 3569 538 6775 4595 7024 200 3819 948 5446 3216 5563 5009 4901 6325 3857 3412 6685 2446 8303 1497 1543 2419 8659 880 8937 5739 94 4846 2232 747 313 6406 2789 5263 4517 2493 3977 9613 1644 7388 8002 6207 7266 2198 7496 6578 8675 7711 8932 1728 721 5474 7665 8056 5495 8500 7424 856 3694 743 1107 8909 1290 7608 4360 8640 9655 3314 6124 8731 6602 3911 2700 7919 7672 1663 8620 3618 5822 8636 442 5817 4625 1069 6445 51 8378 1620 2145 3006 7220 1322 1256 4350 618 902 4570 6983 3335 6959 8099 1963 9112 6026 8170 2880 2210 5114 9076 3165 676 9403 3301 3701 4357 4232 4027 9695 5381 1108 3707 3166 5481 1272 1174 613 6898 5197 7611 8768 4261 3274 4057 3740 1619 7347 1130 9347 4410 8722 3385 7041 1829 5690 4817 2985 6385 1954 5895 9156 7299 651 9362 6436 6841 1501 749 9923 151 8542 9094 9599 4423 1138 7759 9411 1713 8702 7355 9549 4341 7408 4032 3699 4754 480 8281 5864 299 9185 6546 5020 7721 6947 474 9472 4615 3054 7699 1307 9237 6231 2502 7194 6483 2515 9617 850 4885 9501 3862 7423 6058 1818 2870 4195 6368 325 4024 5287 9760 7489 2964 5550 2586 527 3955 3973 400 4147 5889 340 6050 3406 7876 1197 1051 11 6311 6636 7169 6442 5650 2750 8001 1402 5390 4325 577 4037 7710 4127 9859 2848 8562 5124 7091 1911 9427 8544 8697 3344 169 4969 2834 1334 8881 6848 5115 3874 5041 8556 6315 5842 4666 7941 3305 2907 1854 5731 1682 9852 9241 5437 10006 8693 4138 2672 3470 5179 1177 5021 2519 8823 8354 6384 7156 4019 1276 380 8117 8397 2852 7768 2621 8590 9573 9584 2397 3019 9643 5696 3626 4234 3630 3440 1127 4939 8789 5096 2642 9425 8941 4945 7598 6345 9894 904 4173 728 9088 783 3174 3893 6273 4172 5930 7212 2910 6262 1352 5308 588 6857 8332 744 5912 778 9170 4520 6901 9605 3232 2387 5004 890 6952 4485 8845 3987 7628 390 6132 7143 1596 6909 8017 8233 5385 314 1204 4665 3136 1429 5034 4942 3190 717 6268 161
2100 7226 422 71 4699 6685 2737 5869 4601 6124 9022 4168 7015 7281 4515 3181 7798 6964 2394 8909 1581 5174 7464 3214 6251 8830 2252 7075 5378 6998 5652 2644 9319 252 3795 6003 8023 7333 4200 663 7271 6500 4435 9054 7823 7005 9266 5769 4437 8657 1568 2751 3090 844 6367 5818 9721 511 7422 1544 7515 8101 1857 423 4876 6575 4558 9656 8410 5566 9708 8095 3048 9181 7631 5089 9326 3866 6920 1121 6421 5106 948 5737 782 8667 9590 1497 1834 9992 1756 5461 5533 1248 6229 3190 1008 3834 3265 1131 4436 3852 9699 4878 6178 8310 5402 2234 641 1631 5256 1194 6941 1956 5789 467 6149 9063 1033 3875 130 7998 7292 7335 3803 4415 3017 324 9517 977 4984 5151 7026 94 5137 9805 3851 4894 3002 8305 1391 2861 1269 7064 2558 6376 9035 6591 1382 9651 4399 6193 329 3521 350 4356 9725 9724 4919 3043 5170 8258 5717 4752 1168 2095 3215 1049 699 125 3987 7919 7963 9236 1717 8199 2418 4145 6577 4161 3401 4156 9397 4783 18 209 7327 5391 9421 19 5014 9203 3264 6333 2560 5979 2780 2337 5213 4726 6329 3354 8482 1281 4682 5056 866 2000 7062 2955 2624 3282 2760 6307 7721 7238 8047 2569 9196 9657 3208 7442 7581 5007 5589 139 1208 4162 8206 6032 7270 1695 2559 1174 904 4464 8301 2185 5364 9777 9409 2401 2516 4706 292 5862 987 2999 3897 5770 9242 526 9448 9670 5631 1809 9951 4891 8601 2677 7772 2118 3653 4169 1813 9157 2388 93 332 7929 5978 7982 461 7340 7814 3788 2389 4898 2208 5802 2890 516 1426 917 6887 2668 4555 5248 2782 1940 8965 472 153 8436 405 8449 2828 2816 5198 2700 8210 5238 4767 3194 214 1331 4764 8793 4593 7712 4021 1170 1698 6967 6802 4530 5207 5917 5080 6109 6996 6049 8899 3566 6428 8720 4073 855 9187 6440 6338 6571 5352 2152 6911 7911 9551 4235 8726 2882 2104 6432 7926 1570 2354 6842 6597 191 893 1644 7679 5568 9311 1840 8801 3005 2706 7019 6487 2012 4680 5453 7121 6254 3231 7880 694 6121 4614 8547 3389 6538 6899 286 7053 9745 5754 2411 531 3452 9043 5003 6383 2642 9716 6507 8049 2172 2941 5403 7039 2517 9511 2168 3735 7906 5540 4862 9354 8315
9150 5187 6293 6906 306 9496 6555 4934 1475 2607 8066 207 4130 957 5360 6977 1223 2594 5643 5840 1760 1073 2348 4439 4666 4638 189 7703 7217 3618 2519 5520 5238 1173 2512 1906 2113 6055 4114 4133 5365 981 596 1966 210 8538 6585 8986 7720 8846 5489 6388 3059 8407 7571 3398 6161 3087 2849 57 3884 9760 4186 9855 339 7949 8421 4792 9648 6404 9890 8402 3560 4025 6789 8520 151 5239 5978 4388 9786 9032 8596 5079 7717 4438 9868 2762 2316 784 4676 2653 8942 6447 6358 9014 2162 1332 5975 9987 4158 5406 7853 7463 4822 3693 2642 6122 5825 9741 2954 4232 724 6579 170 6471 1594 4003 1149 7276 6917 3126 111 3172 987 9412 3215 7462 17 1817 4769 9210 3284 8776 9377 5159 1844 4413 9827 5897 5456 7935 1193 8549 9405 9608 4337 4899 3419 6996 2455 8217 5258 7210 4 9401 395 6840 3400 5764 6839 8602 3888 8966 1683 1347 8001 8106 2274 9121 5940 1924 8547 9802 5856 8591 1068 8344 5066 5294 64 7498 2878 9311 8253 8119 4697 3488 8310 1808 1552 2333 2413 6547 6522 6481 9616 2749 9900 6417 2306 2769 5930 3909 9801 1051 6715 3195 1425 2525 4329 6487 8425 3998 7145 7903 7545 8559 7420 8354 3081 4040 8815 6639 8274 8954 4065 8856 3504 5134 1803 7548 2960 3041 1973 3824 1656 1703 7384 5493 5594 556 9906 5226 3555 14 7416 9148 5584 2541 1153 6482 4414 4625 7773 3329 4847 3734 9514 2982 8681 3217 7065 3769 7570 8600 4285 5214 5937 7523 2919 6176 5113 968 8180 7599 7847 8654 3573 6448 1156 883 35 8251 8516 945 7742 4479 6733 9629 5172 4267 8787 2190 5781 8468 466 7757 6505 4852 7745 8887 2354 3248 5915 1883 1675 2935 3000 5108 6964 8807 8227 3273 5956 8755 8542 5791 6483 9219 6501 5646 241 7388 4699 3091 2055 7561 5383 7415 4343 3708 4668 4241 3941 3449 1041 8700 4449 2681 3384 8940 6844 2606 3261 8338 6257 4045 2819 6012 7646 3521 6763 3674 1410 499 6210 8371 4710 5911 2677 4178 1436 5345 4951 3104 4478 1928 7753 7299 7355 6246 1225 2197 9395 1586 5591 6155 4278 1600 2812 2398 4521 8403 8365 5901 4662 5432 2692 6204 9562 3461 8666 1191 8946 5653 3855 506 9824 1489
4095 2412 1253 6157 3392 6863 3349 388 2737 1786 5430 2600 3963 8600 3796 6725 721 1682 6060 7636 5017 9528 9721 6435 8251 8027 2456 2526 8645 9874 1082 5076 2820 321 1026 6185 7841 9356 3835 3987 3836 8792 5712 6665 2624 9206 3589 2783 2662 1663 4828 2013 5402 8158 1470 8114 197 5626 3722 1400 1995 8975 4411 9735 3656 4494 8270 9259 8079 2141 8 8118 9410 3123 5221 9062 2152 2828 8740 6027 9183 3151 9670 1548 2638 6427 9839 3026 9465 7216 8331 2154 2431 2485 1773 3007 8233 1593 8716 784 4187 4164 3726 606 9499 467 2066 9892 7516 8823 4562 4779 6736 3541 2304 2677 3689 2947 129 9117 6245 5938 1832 6306 8840 6191 6650 598 1080 5473 9075 4575 7202 1103 5911 2188 5689 6227 9511 8092 4564 4382 481 9294 6135 7759 5619 108 8282 6877 570 6638 2980 8589 976 6103 4104 5629 8130 7028 5621 9718 2027 2623 4401 1713 4910 5750 9129 3863 8436 6329 9278 9311 7764 9630 9488 7654 1444 3268 1456 886 3954 5383 6926 5854 8499 8834 7382 5401 3353 9601 234 3285 3085 2757 7823 2922 88 2245 9385 3082 8356 2195 9303 9352 4629 6490 2337 1130 5555 2805 8302 2907 8069 4126 1262 9374 262 7734 5578 3243 1415 4021 7094 2527 3443 1743 8962 1988 5361 1286 4610 5258 6721 1515 4185 4561 9981 4860 5668 5392 136 2724 9370 1056 230 4079 5588 1258 161 2765 6235 7923 3086 7562 9699 795 7007 4786 343 6666 7429 1075 1462 9702 5203 2628 8412 1086 4282 317 1820 8688 6342 1694 3678 127 9514 2493 185 8008 1224 6910 9030 8504 2838 6755 4773 7927 2292 5059 1191 8457 7164 8646 4672 2958 2949 9739 2862 1991 9769 6914 8236 6001 4337 4410 4930 1780 6621 1351 6718 7114 8564 935 9238 7244 2773 4647 2917 6084 2872 6 8515 5658 7377 1390 3980 222 5667 587 8267 4851 2451 8522 9272 495 6515 2378 8002 2415 5661 1778 7018 7606 965 3283 3482 9012 2070 9098 5013 315 2217 4936 589 7870 8603 8204 2346 4347 2425 3676 524 5762 6747 6361 2926 9301 9749 877 737 8513 6055 3625 5644 149 5147 3737 3426 114 7091 8126 7822 8124 8219 4372 2466 541 7391 8618 223 465 2463 6140 1763 4992 9487 2849
7826 7489 9338 7567 3862 3790 8075 3094 6133 8315 5489 6058 8192 4887 5471 9631 4445 3145 1013 3921 7089 8682 7692 4067 8129 2382 7367 3534 8856 3174 260 8290 5448 9193 1325 2031 1988 5520 4908 6306 8999 9813 8346 4339 4172 2297 9229 4186 9525 5472 4429 6321 1018 7932 6462 8054 2259 6765 2947 288 2732 7941 9679 4924 3130 8994 5802 8973 4967 9605 9606 4404 6280 4153 1065 3606 4571 8155 7228 6108 8274 8624 9198 5336 1404 1360 87 7606 1124 6905 5178 2746 5162 5922 5167 9933 4540 9305 9114 1996 3932 9909 9304 4309 120 6059 2990 6763 3344 6543 6986 4110 4597 2994 5969 841 8042 4641 4267 8457 7323 2261 6368 6699 6041 6563 3016 1602 2085 1276 6754 127 9673 6115 1881 1742 4316 3734 9184 8115 5161 1117 3291 2053 7628 6764 8149 8419 4859 1022 7138 3959 9553 9921 6922 6807 4617 9031 3461 8336 6324 5426 3553 81 8797 9882 9660 3692 7514 9379 4432 722 6646 1551 7205 5670 5154 7510 166 6935 9230 8991 1394 3345 1341 8862 1983 1509 5535 6934 4425 7115 3521 6433 8807 7897 8406 2436 6655 4768 4075 6541 7383 358 8851 9170 887 8918 874 6495 6507 4125 6623 1113 4085 4556 6129 9109 7992 4559 530 4730 1611 5302 8153 7625 2356 2521 4793 4116 3406 4243 3214 2327 3274 424 5757 2895 603 5250 8468 136 2883 2985 2752 3971 7171 2412 1412 9779 5088 597 6441 7219 2891 1397 7753 6969 2481 2726 9132 8430 7679 1644 3755 12 7483 522 6318 6617 2304 2836 7311 4643 3870 2202 3069 6092 1443 8629 3202 4709 776 5934 2785 2424 9037 2270 9585 3569 6912 8792 5871 280 4320 2940 6681 9614 2816 1274 7151 6382 3920 2284 6806 9819 7155 5588 1417 3783 4461 9976 1008 9917 7716 9310 3118 1369 3304 4476 1995 9134 8033 1424 7397 7586 5094 9413 7690 4464 4377 6636 3536 8459 6926 6013 2114 523 1116 8493 177 9755 9852 5608 7454 1275 1949 8258 1793 9203 9347 777 732 4661 297 5949 4811 543 7153 5985 7672 8037 630 4894 9085 2749 9570 1543 8793 669 2156 2193 9859 9222 572 6400 347 6031 8548 4270 2858 2944 5887 7111 4315 8936 7308 235 8249 8583 2326 8476 8555 7884 5983 8069 4285 4884 1063 4003
5385 804 4499 6556 3525 9762 7582 4 3187 6806 3935 8433 6203 8550 7996 7888 9312 6844 6399 9672 5433 1283 4484 4530 5406 1639 3867 1917 8726 3081 7833 5219 3734 3300 9393 5776 8250 7504 5480 6964 2593 4631 368 982 9194 246 5185 476 9565 1655 691 1912 4715 3708 8461 645 1036 8482 1480 404 3843 6681 3730 4094 1889 4277 588 7347 1620 2635 6301 9111 1711 9589 6898 5687 899 652 4650 1600 6605 8809 1616 3429 8804 7612 4056 9432 3038 1358 4607 5132 5993 200 4309 4243 7337 3605 3889 7557 9970 6322 9946 1079 4950 2092 9013 1150 5867 5197 8101 2056 6152 3663 2383 6288 6688 7344 7219 7014 2675 8368 4095 6694 6153 8468 4259 4161 3600 9885 8184 591 1748 7248 6261 7044 6727 4606 327 4117 2327 7397 1702 6372 21 4816 8677 7804 5972 9372 4941 8882 2136 279 3638 2342 9423 9828 4488 3736 2903 3138 1522 2074 2579 7410 4125 739 2391 4700 1682 335 2529 7328 388 7019 6686 7741 3467 1261 8851 3286 2165 9533 8007 701 9934 3461 2452 7602 6041 679 4294 2217 9218 5489 174 9470 5502 2597 3837 7872 2481 6849 403 9045 4805 5857 7182 9355 3312 7011 8274 2740 469 5951 8537 5573 3514 6942 6960 3387 7134 8876 3327 9037 6393 856 4184 4038 2998 9298 9623 149 9429 8637 5737 981 4389 8377 7312 3564 7024 690 7114 2839 5835 1542 8111 71 4898 2407 1524 1677 6331 3156 7956 5821 4321 1861 9835 8102 6861 8028 1536 9302 8829 7653 921 6292 5894 4841 8718 4669 2832 2221 8424 2986 1673 7125 5659 6457 8166 4164 8008 5506 1803 1334 9371 136 7006 4263 3367 1097 1377 5839 748 5608 1570 2553 2564 5384 6006 2623 8683 6613 7221 6617 6427 4114 7926 1769 8083 5629 2405 1921 7932 578 9332 2874 3891 7160 3715 2068 3770 6161 6880 9260 7159 8917 192 5897 9249 4339 8295 3575 9844 1312 3731 8899 3765 2150 7507 9888 2585 6219 5374 7991 3877 9939 7472 1825 6974 608 3377 9119 123 4583 9896 997 1213 8372 3301 4191 7652 6123 4416 8021 7929 6177 3704 9255 3148 9544 820 1323 6551 9521 382 8210 5437 489 1981 6029 3061 1796 7727 6246 5018 8608 6490 6619 6030 7866 3672 5600 3158 7559 9573 67
2004 5065 2880 1298 5108 9355 1910 3710 6662 1096 5177 662 1263 7052 3737 6306 1713 7790 7349 9828 3086 435 1291 1494 6230 6792 5312 8889 4348 103 7151 9103 1897 1287 2288 8733 5293 7657 8732 488 5781 852 3576 3240 9894 9999 4167 1007 7833 3817 433 1688 7749 477 2961 230 6959 7187 1957 9391 4771 1197 139 5 6590 5381 196 3701 3445 4226 4306 8440 8415 8374 1502 4642 1786 8310 4199 4662 7823 5802 1687 2944 8608 5088 3318 4418 6222 8380 311 5891 9038 9796 9438 445 9313 240 4974 5933 701 8532 160 840 5958 742 5397 7027 3696 9441 4853 4934 3866 5717 3549 3596 9277 7386 7487 2449 1792 7119 5448 1907 9309 1034 7477 4434 3046 8375 6307 6518 9666 5222 6740 5627 1400 4875 567 5110 8958 5662 9463 486 6178 7107 7830 9416 4812 8069 7006 2861 66 9492 9740 540 5466 8341 3049 2776 1928 137 402 2838 9635 6372 8626 1515 7065 6160 673 4083 7674 354 2359 9650 8398 6745 9638 773 4247 5141 7808 3776 3568 4828 4893 7001 8857 693 113 5166 7849 641 428 7684 8376 1105 8394 7539 2134 9281 6592 4984 3948 9454 7276 9308 6236 5601 6561 6134 5834 5342 2934 586 6342 4574 5277 826 8737 4499 5154 224 8150 5938 4712 7905 9539 5414 8656 5567 3303 2392 8103 257 6603 7804 4570 6071 3329 7238 6844 4997 6371 3821 9646 9192 9248 8139 3118 4090 1281 3479 7484 8048 6171 3493 4705 4291 6414 289 251 7794 6555 7325 4585 8097 1448 5354 552 3084 832 7546 5748 2399 1710 3382 1721 6202 2343 2819 8403 749 9011 145 8821 7839 2626 1682 8940 9235 5716 8751 1720 1397 467 4946 1484 8215 8046 6568 9748 8959 460 1332 8366 3090 9648 8795 2993 3885 6949 9172 3211 640 5630 5808 496 4193 5853 6574 8557 201 7712 2818 3598 8880 1131 3233 6280 6874 9049 2609 53 7069 5366 8177 5582 5329 511 6219 3972 4690 2265 8295 2173 6543 9707 2087 3600 8483 4883 8986 104 1949 972 9777 8206 4829 9698 8877 6730 7612 2654 6131 1426 9721 9315 9850 8726 1679 4532 3607 2090 8008 4104 8509 9729 7727 4844 1717 6996 4846 1320 741 592 5151 5823 2522 2312 3969 282 6644 4669 1430 8927 6812 1342 6381
9304 9696 1933 6814 3611 3962 9341 7355 1296 8171 9439 7916 5018 9872 7025 6759 9525 852 6242 7076 1639 5131 2452 8866 6576 819 7789 5210 1781 6965 8662 7042 8388 1389 4721 3781 238 8037 6017 6707 9840 3370 6769 7540 9605 4986 6217 7035 4774 8271 9603 5383 2465 1282 943 3189 7673 8222 4319 3522 6618 2489 6525 5939 2176 3610 9164 7465 9482 4384 5630 8474 4332 5945 985 4859 6409 8951 4714 167 7120 2912 7619 8934 3085 8303 3251 5373 4450 2536 2199 4048 2277 8579 8507 2785 7811 843 3025 199 768 2902 9604 181 4341 9162 7862 5730 8638 1799 3392 2402 8784 2839 7099 2077 8251 3566 7891 4977 3000 158 3903 6042 6748 6705 230 9625 1016 3709 4523 3056 9056 8889 7014 3939 8903 4235 182 9146 1031 5735 2642 1172 2764 6976 1475 7664 5005 7449 2651 4389 9641 7847 3704 512 3683 9684 4315 4316 9121 990 8870 5782 8323 9288 2865 1938 818 2984 3334 3908 46 6121 6077 4804 2316 5841 1615 9895 7463 9879 632 9884 4643 9257 4015 3824 6713 8649 4619 4014 9026 4837 769 7707 1473 8061 1253 1696 8827 9314 7711 679 5558 2752 9358 8984 3167 2033 6978 1078 1409 751 1273 7733 6319 6802 5993 1464 4844 4383 825 6598 6459 9033 8451 3894 2825 9878 5834 8008 6770 2338 1474 2859 3129 9576 5739 1848 8676 4263 4631 1632 1517 9334 3741 8178 3046 1034 136 8270 4798 3507 4592 4370 8409 2224 4089 9149 5439 1356 6268 1915 380 9871 2220 4883 1645 3940 3701 6111 8062 6058 3572 6700 6226 245 1644 9142 1825 8238 1143 3517 2607 3116 7153 1365 9485 8792 1251 2093 5075 3561 3880 5604 3628 5591 1205 1217 8842 1333 5830 8802 9273 839 3819 2702 9276 5247 9447 6328 12 2863 2335 7073 7238 9510 8833 8123 8960 7931 7044 7991 5141 467 7612 5320 9967 3178 4853 7600 7702 7469 8688 1881 7129 6129 4489 9805 5314 1151 1929 7608 6114 2463 1679 7198 7443 3842 3140 2389 6361 8472 4729 2193 5239 1028 1327 7021 7553 2021 9360 8587 6919 7786 802 6160 3339 7919 9426 5493 644 7502 7141 3747 6987 4295 8286 1622 3502 581 4997 9037 7657 1391 4324 7533 5991 1861 1092 8637 7001 1516 4529 1865 298 6134 8500 9178
3431 8313 9915 2135 5387 313 6802 4635 9487 7037 3019 32 7542 7850 6754 4156 9502 9063 1138 8155 1250 5937 1215 7881 5604 2270 3607 3398 9860 8049 2277 7221 6523 4978 6447 50 3969 1590 8496 8614 5205 6419 5608 1476 1104 4897 7515 8206 6137 1543 2815 498 5104 1450 6265 6156 2775 8438 113 6474 9701 4586 4203 5176 7172 1239 3117 593 1257 9551 4340 2999 4002 43 355 8472 3371 209 7432 9671 534 7965 8944 9749 5065 4188 3150 9053 3123 9409 2506 6796 5826 8238 9792 1533 4800 1752 6360 2309 869 6513 6963 7701 1306 4828 6201 8853 2795 4468 7612 3962 7983 5371 3489 6807 8646 8860 6409 7593 2730 2360 5756 2119 8563 318 806 4008 8859 1604 5717 4857 5448 3215 1154 4979 1245 1926 1842 8509 1030 9579 8789 5492 4488 3642 1454 5471 3653 4274 6093 270 327 4023 878 9730 3833 8572 3535 7683 4879 1081 4459 4395 7092 7112 3142 634 8129 6411 7196 6482 8113 9587 7201 486 7486 8959 1768 3184 2304 6865 7140 7591 3127 8615 3 8295 3481 8395 3645 5862 1092 7279 5017 3709 3165 1072 1242 7525 6221 4883 287 1956 5894 4747 7269 7002 4963 4421 1931 5853 7882 402 4146 1480 310 2394 9014 5861 6294 5403 7144 6797 624 107 7665 8452 7341 2717 9944 1382 9756 8679 7313 8275 7451 896 6157 7580 307 7993 3386 2235 5551 7787 4249 6052 3405 3467 1167 7402 5619 4296 1726 1514 3568 6136 6745 939 2625 8192 8916 5300 2572 3702 9558 7954 6124 9127 8448 8135 5220 8445 3727 9599 4819 2984 1976 1924 2239 4757 5284 5748 3707 3562 7327 5496 3694 1139 2953 3126 3810 8134 415 6569 5854 2680 2278 2019 8399 2851 3359 2591 4934 5174 7569 7494 7371 6769 6182 7621 7179 4853 6242 5718 9662 7324 1088 8073 7520 2210 5510 915 7389 3196 9929 9363 1630 556 3598 181 2983 7178 48 4366 7845 2743 4783 123 4489 8447 3330 3344 565 6815 7058 3854 9407 2903 3044 73 4407 4710 9610 7639 3606 8600 7984 169 5365 4680 5558 1394 7374 1170 1803 1240 7922 2469 9137 6463 6881 3964 7586 9123 9242 631 3721 783 3570 5739 490 6692 6456 3267 839 2461 718 1462 3883 8654 7272 1403 584 8047 2674 3469 770 1147
552 1150 2531 3595 2538 7209 5663 2327 4061 100 809 5174 4327 7341 9482 9791 3493 2771 5990 2463 7086 5061 1740 5500 9665 8490 6563 3803 1278 7144 3555 471 2218 680 5763 2491 1528 7554 2226 9099 757 5489 6845 7868 9946 7750 3348 6536 4159 661 4531 6875 1913 6184 3982 771 2710 3088 8111 6742 3296 6851 6677 1188 4995 4834 1768 9949 2151 8976 155 4902 8284 7426 7620 9139 2824 473 1821 4432 1509 6322 6610 9484 9394 7245 8524 9821 7545 9016 2222 9893 3260 3990 9190 7711 6086 3421 7056 1009 5502 9268 2235 2309 7634 6360 9074 716 8624 9985 5012 6463 3639 3811 9697 2138 6553 5788 2532 8400 4414 5082 2575 4868 5026 3684 9889 4054 6493 7691 49 5929 9568 2727 4717 9982 604 835 13 3068 2074 9250 5808 8569 5892 1902 3364 3360 4154 6657 5158 7503 7346 3486 9164 2865 7345 8688 7288 4992 426 6147 6323 1408 1353 7267 4157 1058 779 1122 8089 1102 2052 3610 4564 5328 3779 6042 2148 4568 4534 1276 7541 9810 4725 8394 5605 3833 5330 3382 9794 7901 8399 9616 3206 4702 7956 2485 2719 6305 4981 7613 5525 9706 5355 3423 6659 4761 1248 3092 7317 4239 4795 4506 6834 5048 9324 1126 7295 8606 3551 1265 4721 9188 8108 2334 7675 3225 5934 3572 2100 4089 4549 3302 5660 7926 8440 6481 66 7558 1432 6596 2256 3144 7002 1721 4268 4042 8875 5193 5559 2957 9097 1154 1737 1092 4037 4864 5820 6187 8390 6399 6336 3831 5727 9637 4041 4070 3317 7686 6045 6556 189 8160 2019 5157 2698 5470 5613 2245 324 6380 5104 8215 6112 8267 5797 5749 5270 5285 7311 5430 3546 7261 5348 9816 3534 9643 2850 5319 562 9172 1277 2339 1679 2598 5306 8146 4798 8914 2455 8674 60 8749 183 9351 770 7912 1212 231 9830 755 5886 3093 2115 6115 2668 1418 9375 6013 2901 199 6175 765 3901 1839 859 5256 8064 1061 5187 6750 1708 1845 9675 6505 5309 2547 419 2533 3198 6290 2955 9494 7409 5991 7268 8962 2934 8659 8041 623 2067 5636 2683 3444 7494 4129 6616 8293 636 4490 3 5053 3328 499 6667 3173 6249 6090 2627 4553 2508 3157 9425 6095 6638 3926 1880 7731 2116 913 4544 9298 6287 8554 3866 3783 5248 9652
4128 4093 6037 419 4815 2818 3946 192 4843 7267 6439 678 8442 8366 3438 960 2500 7027 4044 753 8565 8968 4025 9528 2942 9353 2655 1277 4621 1299 254 2543 3495 4656 9362 5872 8154 5492 3528 3109 1221 5730 6320 9289 5352 1297 651 8798 7749 825 4280 3942 986 7346 5768 8784 521 4582 4037 7146 5440 3843 5627 1748 6194 4279 9144 9117 9473 8856 6243 9563 998 4964 8266 3274 3493 5053 5610 119 4323 410 1598 5948 3075 7970 1988 8589 4204 9021 8515 8886 288 5801 7237 2387 4440 2203 936 7264 2031 5057 4816 7623 5822 8072 1755 9808 7404 4262 7515 7246 5604 1310 3074 3165 112 709 7292 6480 7550 5302 1215 6921 5071 2037 3866 6065 4868 7308 3304 7545 1291 1842 7549 497 9346 9048 8159 9503 2901 2481 5795 8428 1138 7195 717 5704 1474 541 612 1529 4634 3722 4628 4913 3379 7668 1893 2429 6110 939 1665 7659 8683 5559 5239 8717 8817 8981 6448 3895 5312 9237 5667 3815 1178 9262 5708 680 8045 2111 9191 4791 7582 8957 1205 8906 6325 3293 4725 669 5225 1489 2567 8738 9652 8349 1809 9096 8638 9488 875 4362 7679 4713 3051 2727 6999 9602 8267 8079 5369 2926 2522 2660 5288 3994 671 4828 5241 8320 2562 4727 272 8977 7242 6398 3813 1575 5510 9962 6856 2963 181 2023 6645 9822 4625 505 7758 4042 1150 4813 3215 194 4446 1012 2185 4509 3517 289 599 9113 260 1352 4744 1901 841 1104 3937 6982 7973 6396 4210 7830 9764 6131 1774 1033 3020 3877 8885 5490 3925 9364 5475 1899 1238 7359 8191 3151 2891 4466 7049 9684 1997 1799 1074 9892 737 1734 8973 8036 8901 2314 3920 5353 6102 2527 6671 4661 3366 5245 7526 59 6226 7934 9134 1095 720 105 7102 4167 1355 9152 7529 4467 1847 1553 9877 8718 3615 850 4321 807 7853 195 9251 2888 58 1421 6058 1254 4183 8186 9147 3518 5094 2475 6986 7179 3893 5709 5485 9921 9991 6103 7332 8547 2534 278 7786 8491 3643 5299 6814 1293 1445 1294 6250 3170 4123 82 6664 1047 241 120 9128 2286 9478 2860 5616 8935 5572 7662 3084 1180 8865 9460 6433 1869 7193 1114 1952 5728 6717 5537 9606 7473 5576 6868 581 2679 6520 9617 286 6198 3485 6641
3395 3750 8335 3846 9293 3816 5241 7578 9009 148 2828 1219 5385 9015 8964 4077 8471 6871 4247 4747 5567 2909 151 7236 6847 9011 9758 6580 6972 9216 4090 887 1238 6617 4631 8579 5447 6715 5192 2294 7148 4301 4035 6801 8135 3518 4352 8922 2407 9735 6142 3852 8102 5065 2486 9064 4241 5938 4318 5664 8672 1997 1057 7521 5313 3293 3983 7116 646 4045 4816 6881 2262 3493 4311 2050 5547 6879 2659 9748 8565 8226 465 4949 5498 1595 798 3894 9772 3801 3215 9459 886 6440 4741 6758 1660 2906 5750 1608 3221 8268 2135 3685 6227 1990 7450 4396 188 4895 6210 361 5579 527 2649 1726 9819 9482 1324 9560 5855 5783 61 5087 8126 301 7482 8051 178 6880 7464 1617 6438 5138 3006 5914 9082 668 9685 6060 115 4375 9360 5527 842 5167 2253 276 7441 1179 3318 4024 3981 7513 6901 8299 985 1799 332 6332 6165 4290 1215 6179 1511 7465 6422 8314 3011 9925 8455 40 4252 8758 4940 2281 4725 9934 1665 6917 5123 980 7795 959 6960 1591 1592 6397 8273 6146 3058 5599 6564 141 9221 8101 260 610 1184 7329 3397 3353 2080 9599 3117 8898 7171 4739 7155 7915 7160 1919 6533 1291 1100 3989 5925 1895 1290 6302 2113 8052 4983 8756 5337 8536 8979 6103 6590 4987 7962 2834 28 6634 6260 443 9316 4254 8361 8692 8034 8556 5009 3595 4078 3269 8747 2120 1659 8108 3874 3735 6309 5727 1170 101 7154 3110 5284 4046 9621 8757 135 405 6852 3015 9131 5952 1539 1907 8915 8800 6610 1017 5454 322 8317 7419 5546 2074 783 1868 1646 5685 9507 1365 6425 2715 8639 3544 9198 7663 7147 9503 2159 8928 1216 977 3387 5338 3334 848 3976 3502 7528 8927 6418 9108 5514 8426 793 9890 392 4429 8648 6761 6068 8534 9376 2351 837 1156 2880 904 2867 8488 8500 6118 8616 3106 6078 6549 8122 1095 9985 6552 2523 6723 3604 7295 139 9618 4349 4514 6786 6109 5399 6236 5207 4320 5267 2417 7750 4888 2596 7243 454 2129 4876 4978 4745 5964 9164 4405 3405 1765 7081 2590 8434 9212 4884 3390 9746 8962 4474 4719 1118 416 9672 3637 5748 2005 9476 2515 8311 8610 4297 4829 9304 6636 5863 4195 5062 8085 3436 615 5195 6702 2769 7927
8115 1590 896 8564 7530 2632 4206 1984 2743 7190 73 6814 4660 1928 3852 2204 9108 9623 2462 7930 3288 4081 1779 8411 2876 5807 9413 4119 4243 9650 2106 8547 5901 761 337 4445 9581 792 9194 2559 3686 5134 7909 2453 4713 6418 3210 9557 5556 4198 3572 7749 4192 4763 6500 6947 3277 1261 1157 1787 6823 7877 8805 4723 4433 1956 8301 4697 9594 3215 3561 4929 3570 8146 440 9017 2669 1865 1347 4100 3011 4027 2491 7177 7657 2440 2290 2044 840 9673 2544 1660 7015 9793 8745 6626 1950 9492 3448 2342 1729 8329 9146 2080 3701 7160 6028 569 8428 4505 7678 3275 1658 7412 6041 2992 2795 6875 7562 6287 4196 3969 3997 8446 932 1418 5017 6116 3115 3397 7462 6123 6729 6522 2580 4521 4502 3270 7654 8039 6669 8425 97 2050 9656 915 9796 3146 2247 5576 228 1064 5237 2474 5548 5786 8578 4751 8882 4449 8787 8296 686 214 3843 8994 2231 8752 233 5075 4610 1846 115 8484 3396 2657 4247 8856 9610 39 3556 918 4197 8774 5873 6319 7851 3959 5982 9700 2188 2277 9628 6473 7303 2660 8655 4477 3229 782 1172 3813 4942 5993 2513 2810 8901 5681 4403 7911 2056 8465 2164 7041 4632 7486 1359 1718 5509 8524 5463 7648 9230 5420 1173 8618 6818 3866 9432 5351 9866 9265 3476 6791 4222 8815 2738 3179 700 7442 86 9237 9034 4298 3736 5216 1639 6180 418 3377 1425 8631 9241 8240 1795 5235 2871 1796 33 4747 9676 6952 7288 634 529 6361 9521 2695 6711 88 8840 2779 44 7567 291 3569 3341 8571 1137 5757 9331 382 516 3938 5147 325 6827 7083 6302 6222 2088 2113 2154 9026 5886 8742 2218 6329 5866 2705 4726 8841 7584 1920 5440 7210 6110 4306 2148 210 4637 1490 732 1090 76 1215 281 5554 4595 9827 1996 361 9688 4570 9786 5131 3501 6832 1087 5675 5594 6662 4811 6979 6932 1251 3142 3041 8079 8736 3409 5080 8621 1219 9494 3051 6094 7482 2153 4221 4010 862 5306 3788 4901 9128 5653 9961 5418 1570 4866 1065 35 4350 3421 2698 1112 5716 2459 3522 7667 455 1036 788 9988 5062 2187 7479 7752 8600 384 119 7690 893 4156 1902 9013 3463 4368 9855 6445 2854 167 8169 878 2130 3783 890 9755 6281
3879 5055 1780 6416 6814 7867 3990 8039 9876 480 4284 9722 1028 5583 7049 6251 4542 8544 4700 7202 898 1367 3337 2565 5702 8445 9341 1604 1324 6869 1953 7100 1131 148 137 7324 6702 78 4025 6095 5487 6091 6281 8594 4782 932 4625 7079 296 780 4776 2123 3376 9834 8817 5548 8993 633 8938 6547 5828 3448 5549 3791 2509 6811 3459 8369 4413 9133 2864 1389 8977 3809 8943 551 5201 2820 116 6489 7334 4717 8831 2769 5236 876 5734 2093 9331 3589 2578 8125 2812 1704 1488 4336 9407 8517 5056 6585 8292 4687 4779 6531 9004 3453 9560 3164 1881 1378 6157 3187 2319 4498 7271 2212 720 6679 9647 905 4981 6462 7690 4100 6218 6089 6678 4842 9036 7108 9550 5149 3135 2634 7016 7798 2676 8686 6534 3405 9081 3179 3907 9504 4273 6902 406 8966 989 8321 3934 9148 4890 9515 7093 7524 7030 5019 8926 8929 3330 8958 2577 3320 936 3831 4576 1795 8442 4933 5983 7705 6126 4337 4205 386 2929 3497 826 5652 8363 5604 7884 5619 9910 3738 8026 7453 6113 1914 9838 8023 3045 485 8295 9095 400 150 9747 1069 2448 3909 9107 8025 2648 4237 4041 2919 5482 2080 6908 9222 208 8241 9807 9173 4931 6380 3953 373 506 9130 8463 5768 5351 3066 1320 7663 4456 5601 3476 9998 6284 2995 403 4558 5368 4695 3191 1525 1995 8770 9874 877 532 3969 7204 501 5119 9090 6396 777 368 6502 9757 9091 1194 2653 8248 3414 2291 49 4778 1726 7128 5580 2641 623 916 7801 7084 4307 153 4148 6697 6074 4652 6723 913 3393 1456 681 9417 6532 3802 5329 7433 76 4422 2343 9741 2260 1199 6664 7621 2786 6865 2747 9603 9639 2493 9987 3464 2373 3786 8505 7438 4087 3795 1715 4308 4958 6024 4570 2986 7193 7688 4497 2466 336 2847 9767 7106 9947 1397 7389 8810 1934 5868 5515 533 8774 9080 8381 2031 1624 7361 4361 9448 5382 1916 9441 1768 8798 4316 3370 1018 7568 8303 7507 5401 3148 5057 1383 161 2560 1691 9072 9969 7037 8633 2044 4047 1728 6731 9332 8394 4454 5998 9731 4245 2453 7920 8480 7397 7222 6935 8866 825 847 6487 7731 965 3078 8945 154 8953 8573 3947 1564 9264 1878 6977 529 9568 1576 6882 4376 1467 3501
3169 122 9535 7360 3793 6349 9340 1036 8232 820 1073 5891 183 2430 1712 4137 8114 4229 9866 6702 4315 2802 7926 1519 7423 6298 4453 5430 6632 8203 1573 6711 7532 9679 8797 3748 271 4976 6688 7094 6559 7683 4723 1870 2795 4312 8401 2298 7900 6680 8682 1558 4685 9413 1556 5082 5661 5810 1251 579 3880 4090 2433 6120 9765 1733 4972 7482 9597 5060 21 4566 8017 8473 8020 2874 3641 6500 4384 4116 7279 4861 4498 1501 989 2551 2711 972 922 840 7110 3383 7678 712 2497 3423 9745 5703 7480 9994 1308 4275 735 2935 6543 852 4728 5881 2168 3684 2968 4996 2718 4586 4047 5965 5508 1156 4426 5786 6015 5590 4893 8153 1491 2974 3805 3967 1831 5533 1197 1291 2646 8871 9073 9004 7690 8337 4995 7920 2710 6174 9053 2967 191 842 6713 7135 3424 4543 7579 5353 6906 3849 5240 4319 2008 5423 3018 5078 6455 8313 9759 2924 3723 230 8111 9828 4238 3076 3572 5186 5031 774 197 9658 7962 4380 4910 9782 3362 6843 1344 7136 8229 6419 5452 2265 9447 4814 8824 3392 888 7589 3368 5652 2593 4381 9715 1651 1235 3755 3885 8101 1806 5492 4332 4431 9797 5388 4962 9467 844 6316 880 9177 8374 2654 7283 4067 1995 3000 8651 2708 6571 5301 7221 6367 5767 4783 9974 5278 6783 3247 4653 5758 1566 3097 4407 4554 392 5975 3523 9909 3170 4927 1404 5233 705 8890 298 4620 7305 9707 3239 6241 757 8575 7787 4093 6841 1741 3384 2476 2588 370 335 2279 6668 1057 9067 188 6441 1085 3509 2681 6927 4684 4608 9687 7209 8749 3269 286 7002 4807 5210 267 5770 9191 5595 8904 7526 863 7548 6503 8792 9744 898 5604 2114 4396 1734 9777 9358 7470 1972 2562 5531 1594 7546 6900 5040 3991 7074 522 184 7235 3588 2010 5026 6770 824 279 3388 1682 85 1869 7997 2436 521 5386 5359 5715 5098 2485 5805 7247 1206 4508 9523 9742 1295 1852 6368 565 6659 7847 2190 9324 4212 8237 4831 446 5263 4757 5128 6537 2043 3479 8636 682 8452 7185 3506 8280 1299 1058 3865 2064 4314 8004 6050 3646 504 3757 3488 1846 7559 9323 9414 6361 6958 3534 2722 3792 1544 7464 3163 1313 8286 108 2307 1110 3550 9553 3787 7540 8091 3791
3891 6576 8978 2510 5512 28 7846 7058 3364 6112 1012 2655 1747 1859 9648 9613 1550 5939 328 8338 9466 5712 356 2780 1952 6198 3955 3879 8958 6480 8020 2540 9564 6273 4078 4481 9545 5041 8462 4866 8175 6797 134 6819 5774 8063 9015 169 4875 1385 3667 1005 9048 8629 6741 1243 1833 4802 865 6817 6171 4311 3262 6345 9800 9462 6506 2859 1281 4297 6041 95 9557 2659 953 9363 1140 7268 1707 9799 4657 4630 4986 4369 1756 5076 6518 477 3779 8794 9013 566 1123 5639 9843 5930 7118 1461 8595 3483 7508 4102 9724 4534 4028 4399 5808 1314 2750 7907 9960 7723 6456 2777 7551 570 329 3136 1335 3585 7275 5321 2917 9782 3028 2759 1117 6830 8594 8685 5632 6229 2805 1993 3063 815 6735 2434 584 7557 9386 1578 381 2821 8824 3058 6811 7362 3062 6017 4859 4561 3672 5016 8421 8001 1308 3941 6658 2708 6237 1217 6994 6061 6132 7049 147 9242 141 426 8899 3181 7413 7949 1623 6459 7185 3172 4196 1072 752 4230 4330 4494 1961 9415 825 4750 1180 9335 6698 4775 1221 6200 3558 7631 4704 304 3095 4470 6725 4419 1838 8813 238 6189 738 7009 8087 4251 5165 3862 7329 4609 4151 5001 6395 9882 3192 226 8571 8247 2512 5115 3780 3592 882 8446 8042 8180 801 9514 6191 341 754 3833 8082 240 5792 4490 2755 1911 9333 7095 1023 5475 2369 8483 5701 7543 2158 5335 138 6025 3271 9562 6670 326 8735 5714 9966 6532 7705 22 9037 5809 6119 4626 5780 6872 257 7421 6361 6624 9457 2495 3486 1909 9730 3343 5277 1644 7294 6553 8540 9397 4398 1003 9445 4877 988 7419 6758 2872 3704 8671 8411 9986 2562 5197 7517 7319 6594 5405 6257 7254 4486 3549 4414 7834 9440 866 1615 8047 2184 174 8886 758 3039 5579 1739 3447 4647 6615 6240 5625 2615 9687 6875 4665 3042 9987 7367 7073 5390 4231 9135 6370 9841 6327 3366 5715 4764 8408 5578 6941 1571 6774 9703 3699 4660 9038 607 7995 2499 2692 9413 1222 998 5434 5504 1616 2845 4060 8054 5798 3299 4004 9163 812 2327 6813 6965 6814 1763 8690 9643 5602 2177 6567 5761 5640 4641 7806 4991 8380 1129 4448 1085 3175 8604 6700 4378 4973 1946 7389 2706 6634 7472 1241
648 3311 73 2368 2129 4539 6490 4486 2000 5128 4654 8680 72 7570 253 6666 9578 1945 1035 1544 5581 9800 7913 7220 9686 521 3503 1989 2308 4032 2056 4019 9640 9652 7270 9768 4258 7230 7701 9274 2247 1130 7704 3675 7875 4756 8447 1291 763 5501 5666 7938 7261 6551 7388 6359 5472 6419 3569 8902 6040 3748 8395 1606 3281 6028 6130 5897 7116 309 5557 4557 2917 8233 3742 9586 357 6036 4542 891 107 5626 5871 2270 1568 817 4789 6900 3157 621 3667 9463 9762 5449 5981 449 7788 7015 5347 6214 9237 4588 1767 6347 7854 3921 9079 5930 5569 2175 5415 2723 6714 50 1930 9016 3425 7465 6085 9826 2752 5961 4419 289 9527 7065 5429 9951 2957 293 8733 4562 6928 7606 3114 4153 3055 854 2448 6263 4514 6449 7621 5140 2272 1171 4569 535 724 8239 2551 828 7609 7522 9781 6681 1597 64 9158 5259 3668 4261 1631 3322 2893 2990 8753 592 4420 5094 1396 4938 2341 2485 3922 3877 7806 3442 9094 7956 3688 291 9130 810 1175 3775 8039 2223 5894 2708 4688 1931 3814 5301 5338 2997 2360 3717 9545 3492 9176 1686 7415 6003 6089 9032 249 7460 2074 446 3380 1387 1721 5471 1614 1693 1022 9128 1207 7430 8029 4208 7148 3964 5547 6542 4171 9489 4601 4190 714 217 3805 2084 8468 2126 131 862 860 1257 7512 1759 7935 2853 923 3762 5616 7856 3524 2824 1676 9400 7257 7345 9891 4860 7817 6262 9716 4573 9748 8228 9738 206 985 1462 1844 6073 2201 254 1464 1447 9825 7954 4085 6546 3377 6986 6100 1845 871 4077 8134 8383 3988 783 1531 3158 5426 5543 7336 6674 7990 6946 4033 6861 5895 7513 6564 9811 726 7842 6303 6581 1433 2597 1704 3842 9750 7831 3483 5959 4816 6544 3774 3234 347 8021 5796 2147 966 230 6228 6458 831 2010 3143 3400 7424 9220 2959 9903 2478 308 752 2681 5044 1314 1201 8621 6780 6963 5662 8732 9764 5052 9733 6202 1612 2090 7277 3375 7383 2348 6099 7047 9002 6204 1215 5842 3023 7206 2458 4278 3260 5193 6762 529 1915 6990 5306 9349 2370 1732 8291 2236 8317 7082 7058 1815 6826 7839 1895 953 7814 1854 4088 947 9005 605 6843 9468 3766 4822 5353 5023 479 1833 3253 1579
3974 9591 390 511 1510 8352 1160 7778 5022 1703 5066 2976 7554 9458 1773 1178 4205 8769 3445 9524 8686 4910 3921 5101 1032 3165 5062 3770 50 7959 4118 1021 345 4440 7153 3997 22 3510 1625 535 6753 3341 147 3715 5964 4849 1019 742 688 1400 166 4947 1580 4464 2389 8993 9016 9454 2567 3681 2706 1107 3288 5664 4357 8618 8401 6444 9639 869 496 9491 226 3044 4063 6935 7242 1341 6874 4340 6989 6530 2575 2093 7707 4105 8605 5978 2070 7269 985 7491 6953 3669 5088 8616 8798 2692 3886 7045 5421 7561 3065 4898 6303 2603 6542 193 4591 2197 7077 9076 7551 5050 6152 7559 3462 1146 550 8779 1460 8270 7430 4051 9317 4744 6851 3902 3869 5416 3550 3692 5526 1729 9912 1717 2287 9226 7797 6254 7326 4681 4346 5798 7779 9827 3579 2939 9895 88 416 5357 251 3085 928 3795 91 4824 978 3877 3828 8551 6690 836 2043 7625 368 4878 266 5111 9054 1911 3806 2911 5446 7602 9937 1758 9159 6086 646 9737 1430 4218 1185 7819 1887 8570 7922 6459 1658 8995 8619 3199 8320 7512 7788 3037 449 3810 2117 2943 9101 7592 1915 3012 408 6945 5257 87 5618 3481 2378 6173 8394 2830 6514 5751 2098 1711 3478 7977 545 4768 2087 8898 2856 1353 4492 6838 1479 9502 3046 3666 680 2988 5172 1949 6270 4150 4676 335 6425 8407 5253 881 8121 1982 4723 6016 4534 8508 215 224 3441 311 1182 3411 6266 4944 7179 8843 8770 8250 1393 6559 1822 6462 6066 4616 2238 3942 5936 400 8533 256 7096 301 3167 4665 7522 5803 1783 9200 2951 7513 2586 4913 8329 722 4658 3908 2678 6665 795 5178 758 7519 1395 6162 5574 2208 9897 9698 4168 1103 4082 8167 2858 956 8244 2584 5310 4577 4976 827 8833 748 9504 2649 7418 6433 6819 247 3879 3431 2296 2436 4667 7125 9555 7536 3024 8033 9443 9754 3059 6089 5054 5358 5056 4961 8808 707 2632 5789 4562 2950 2708 710 7040 1410 8188 3693 324 3605 7785 8636 4828 184 1374 5327 6206 6847 4696 6372 3917 5895 3535 1666 7407 3613 6197 3630 7826 5501 1688 3040 4857 9438 5743 3686 6717 480 2660 231 7055 3436 6307 1809 4039 1692 2246 2354 930 3398 3843 570 4809 8959
4059 7856 9680 7868 7298 359 1788 3331 2259 4904 5239 3787 1806 9765 6006 6646 9697 9497 9169 4228 9334 6500 8657 5790 9494 4761 8607 5708 5757 1034 2895 8749 7542 1960 9217 4707 9319 4474 531 7674 5779 6674 4139 1983 9655 7827 426 3499 8939 9855 8155 5367 8400 1766 7698 1015 1663 3126 7927 590 966 6386 1265 2073 1797 6548 9136 5775 7468 6642 484 1993 7670 6573 9177 2640 4328 9498 3967 6104 7207 3412 1191 6755 3071 3834 7487 7874 6107 1608 9040 4817 7498 687 6729 8232 5093 2747 8106 83 6539 5919 8905 6597 4413 7636 3315 5435 4909 9250 3160 1178 4332 8704 1464 7603 4862 3569 5051 1077 9370 9361 6144 9274 8403 6174 3319 4641 2406 742 815 1335 8192 3026 7763 3123 3519 4969 7347 5643 3649 9185 1052 9329 2489 9284 6418 4920 2063 3782 7802 385 6634 2072 6999 4672 1256 8863 4927 5677 6907 2920 8790 4407 8827 2066 8190 3423 4011 7377 9695 9894 5417 8482 5503 1418 6727 8629 1341 7001 4275 5008 4609 8758 752 8837 81 6936 2167 3152 2766 9338 5706 6154 7289 7149 4918 2460 30 2049 6561 1552 142 9838 6526 3496 4531 4227 4529 4624 777 8878 6953 3796 5023 6635 6877 8875 2545 8175 1397 5892 9261 5980 1800 949 4757 9401 8211 4258 3379 2738 4889 3213 5668 3690 6050 7919 2178 5972 3388 5955 1759 4084 7897 6545 4728 147 3842 5899 2868 9105 6925 9354 2530 6149 3278 7776 5546 7893 7339 7231 8655 6187 5742 9015 4776 626 3827 3873 4749 982 3210 1260 8069 2424 7176 4562 3077 2643 8736 5119 7593 6847 4823 6307 1936 3974 9718 325 8537 9596 4528 9826 8908 998 34 1255 4058 3051 7804 9995 379 7825 823 9754 3186 6024 3073 3437 1232 3620 9938 6690 963 1978 5644 8454 1054 8932 6241 5030 242 10002 3993 943 5948 8152 959 2772 8147 6955 3399 8775 2381 701 3950 4475 5336 9550 3652 3586 6680 2948 3232 6900 9313 5665 9289 422 4293 1435 8356 493 5210 4540 7444 1399 5495 3006 1726 5631 6031 6687 6562 6357 2018 7711 3438 6037 5496 7811 3602 3504 2943 9228 7527 9941 1091 6591 5604 6387 6070 3949 9677 3460 1670 6740 1045 5715 9371 4159 8020 7147 5315 8715 4284 8225 1479 9629
5382 7929 7703 2529 8854 9220 6618 2751 4815 5398 4753 7698 8525 9481 9848 2044 53 9997 7492 9388 3291 7702 7731 6978 1340 9706 210 3850 1814 5680 8818 6359 9131 9274 5906 3985 34 8765 1869 9773 1921 9458 9410 8931 8946 965 9091 7207 915 9009 3470 7195 3297 6511 8980 4223 2826 4938 6000 5340 6259 8967 1800 8459 2568 6116 2328 3721 2403 3844 3005 4431 1566 4873 3892 3484 4416 9547 6754 5776 9776 6329 5079 3029 9674 6562 3860 9836 4426 7562 5500 4520 8917 1718 4722 8848 404 5369 5506 3329 159 8970 6208 4080 6194 6859 9951 6616 3148 1063 9652 922 2616 6595 2313 1695 4284 5728 9297 6344 7105 1148 7790 270 1947 4297 8151 3664 8714 6989 4160 321 6834 9910 9751 6288 8214 6169 6818 3079 9756 292 7587 5541 1385 5777 4574 8205 2952 9948 2208 7527 7444 8909 3306 9728 5850 5094 5055 7793 4678 7575 7923 8894 1280 1602 7734 1379 6968 3325 953 1466 4709 6425 6037 2999 5622 317 7628 2406 8252 8633 8057 2309 2489 6787 4229 1635 6187 3245 6826 1491 4750 3290 2897 5855 9105 4428 7165 9252 266 2741 6800 6652 6009 8557 3129 9838 4029 1307 1246 8351 3992 3648 1883 6994 8171 9701 6206 4477 2442 1106 6120 1534 1218 3902 1499 3162 8291 5895 1165 9419 2141 5816 1836 1313 55 9600 1237 5134 7122 2777 9661 4139 9493 7466 4542 4550 2962 7963 954 6271 6585 4298 2949 5540 6587 3901 6701 1286 411 8983 8631 8454 8564 6743 2956 9154 9712 9026 5099 9066 7166 4050 2142 614 3712 9193 6974 2134 2202 8718 6195 1657 1820 4489 60 3604 610 4506 1689 5475 4479 2045 4858 1866 5365 6300 5832 8667 1308 6051 220 1865 560 4424 7959 1748 8774 5086 6643 2792 1680 2258 7609 1174 2629 9018 6687 4065 4168 8740 1828 2901 5061 6602 5927 4820 9409 4126 7070 3092 2172 4666 9957 5425 4397 8315 1131 6161 8406 8085 6758 4982 7273 7828 2734 3186 3527 884 152 5356 3083 8962 7796 9086 3196 1542 9637 8903 4497 8479 8605 3608 9823 2003 3188 3130 4636 5905 9187 8165 885 4957 7232 956 5874 330 44 6780 615 8517 1062 4847 9053 4743 9683 9779 730 700 6655 410 4178 6755 574 1645 4202 1991 5570 632
5136 1766 242 2546 5524 4804 7626 7851 8220 19 1780 7470 8796 5767 1600 3172 1347 8361 7055 6114 7773 3689 3796 7574 8166 731 546 2244 5429 8651 9532 9776 1370 8799 168 7228 6798 2090 5977 9950 6859 4992 329 287 8624 9888 9159 8764 2112 1610 1187 93 7105 6196 1503 7416 9508 4533 6381 9812 4231 6286 3652 6137 8211 6809 4910 6599 6567 2912 2922 937 9690 8434 7575 2964 2607 8426 9163 7970 9616 3109 8849 250 958 518 7802 2936 8165 5933 8677 4371 8517 6110 8567 6192 2297 9919 8009 6878 6224 5952 9909 9994 8132 7480 6811 4513 344 2313 6743 8004 2867 6851 6580 5335 7296 3307 9574 1439 106 9528 563 3873 7300 2513 7071 2938 7768 9685 4423 8202 3592 8040 5728 4338 57 4244 8709 8026 8507 8095 9821 7448 3156 4523 8366 1059 5487 7145 8263 6494 2392 6072 6103 4953 3067 7179 1514 229 123 1150 2434 7742 4839 5682 3462 3824 2016 652 1217 4145 3343 2428 8933 3590 8437 1976 8592 6233 9169 6779 858 354 328 5489 6748 2008 2240 6223 1147 8033 2114 1213 4939 5846 929 1271 3433 4577 7654 2293 706 505 5379 8569 5795 6049 5665 1833 1953 8154 3113 8055 7754 2457 8180 7959 6796 2487 2225 4197 3028 9917 8406 3126 471 2121 4827 8064 964 9334 9051 181 9651 1165 4460 5861 2955 9397 1549 8292 5741 6761 4431 6614 8593 1031 1038 4652 7777 2895 1293 9073 5821 888 4406 6573 1721 4171 8189 1169 3666 3358 4454 7052 1706 2145 63 3053 9958 5271 9993 3327 5604 8938 7601 7810 1348 3159 8931 3987 4685 6230 4761 1151 7239 9618 2712 2594 6003 4789 5600 9732 97 6311 3693 3002 5071 9665 8393 703 6104 9758 4943 5052 8433 2770 1088 4734 1507 6622 7005 6032 4036 9969 8091 608 9951 1657 6868 8209 7206 1158 846 2736 7837 992 3776 1537 667 3243 2264 1459 6143 7020 8058 2155 8085 1799 8702 4412 5382 2970 1416 9675 6408 9456 4848 8899 332 4695 4245 3507 9902 6380 5007 2355 8413 6740 3596 7246 3225 5837 7719 4401 2562 2348 4799 3615 8478 8848 5452 9089 2645 883 395 7200 2349 9604 5491 6351 5760 7993 47 6229 9963 9282 9366 2699 171 1629 2419 5716 6720 7566 9754 5737 7555 6934
1778 1437 4080 4812 9615 1881 6009 7175 5885 1768 3422 5334 6068 467 6492 6366 1356 5148 2961 1776 1834 328 9066 5784 6806 4079 7 7739 4008 9097 4634 4920 8191 4349 6454 3902 117 5918 221 5288 5192 4234 4264 8316 4554 786 8216 4390 3319 762 2973 9401 4332 4825 2031 6255 8379 7059 8897 4306 9986 3290 1515 8611 1035 3821 1185 4067 2389 5241 9518 6125 4163 3347 5211 5466 9887 7931 5924 9037 6537 2437 5720 9503 4099 6044 5231 1496 7379 5419 4206 9822 5823 4068 7194 7117 7391 3037 6704 4312 8795 4539 8767 90 6274 9611 2675 8512 5676 8230 1611 9569 1005 9776 4947 7835 4966 9067 582 8682 1952 6926 273 4973 2674 3707 3800 350 4699 7028 40 6192 5874 8955 2800 8717 8 2537 5884 6970 1546 7461 9156 7933 5527 2782 2283 6268 795 1426 1260 4190 2991 5828 8079 6567 6489 1958 5735 1522 2218 4160 8946 9590 1840 9144 308 3029 8292 9318 5797 9229 8453 2377 7623 7020 1628 1191 2876 3638 2486 997 1357 9953 4837 9656 8753 2869 24 9368 5879 2959 2173 8089 4582 5235 702 4876 6918 1861 9979 9683 8397 3486 2637 6048 4437 9000 8878 3074 4363 3675 145 360 2714 5774 8791 5333 1263 8598 8619 9454 8822 4183 9384 2703 2954 8169 8716 5210 661 8011 51 9012 6496 5572 8860 6647 616 1933 5694 4657 5358 1304 5463 5479 2303 2298 8294 8921 9549 4975 2277 7459 9553 4181 9781 8958 7208 4338 3634 3280 3500 9865 2291 4680 5796 4424 6577 4504 704 4479 663 7614 3803 4758 320 647 783 3808 8769 9700 19 5357 6506 3587 7606 5391 9764 7329 5337 469 6095 111 7109 8979 8043 3706 9002 8481 6826 109 7506 5227 2290 9882 3920 6551 9665 1963 9746 895 1590 8734 1637 4408 9753 4509 4715 3852 35 2181 6501 9583 8233 6019 5190 4631 512 2563 723 5711 6286 7229 5173 3002 8648 8701 3184 2542 9895 6343 918 2028 1847 2751 3433 8154 6690 7091 2545 4296 1964 4544 2771 9470 5646 4178 5373 3330 3582 3595 6018 385 2755 2639 5651 8189 4746 2702 8156 6293 836 8298 8127 7046 6474 9939 7616 3406 8510 6073 4478 5865 5738 5930 7846 7786 9689 7206 4735 9889 7534 9676 4783 361 7519 7650 6664 2245
5080 4675 8 760 1593 1358 2974 2422 1917 7093 371 3757 2105 9803 2814 4161 1967 7175 4108 7484 7817 6762 1029 3235 5652 1210 2331 4970 6496 3795 4569 1035 2044 6901 8462 3817 202 2279 5285 9014 4322 5033 9001 1899 659 6631 2015 7654 4093 5458 9698 8646 7321 5148 1184 7492 6229 1756 4027 8552 5966 8930 982 7561 7543 1109 7369 5627 1169 5466 8110 3640 312 458 1498 5205 4880 4347 5074 5866 8766 3515 107 6126 7191 932 7479 3806 7389 1657 8668 2954 6392 4425 9605 2089 2972 2819 8172 1340 6547 8682 175 2635 4668 6401 7642 6475 2960 5201 5674 6850 3575 8211 8609 9662 5785 9834 1664 2275 6079 1510 2823 7378 8844 8046 6337 332 6495 8997 2693 3162 5132 4360 7497 233 1129 3399 3119 8664 3748 8895 2926 1943 1932 9119 8497 1873 5820 7890 7282 7886 8076 382 6577 2727 6420 8874 2091 2575 6571 3918 5171 1622 605 7343 781 2428 726 8342 7623 5243 7344 5586 4304 8606 5254 157 6208 921 4659 3184 765 5604 731 2346 6996 4615 1911 8284 9129 6512 619 4564 7031 2671 7529 3888 1119 5384 4373 9920 4607 3499 3283 6131 1195 305 6851 8380 80 6482 6574 8326 792 5248 1348 4959 3676 3173 7952 4982 4114 6293 9066 4007 2515 8474 1435 2700 6776 8257 9485 5895 8013 7884 8473 6637 824 8903 1338 6944 4930 4429 8811 9593 4471 474 8329 5200 869 4974 5702 1292 6068 8697 2201 754 2784 109 5729 936 6685 1303 8888 9319 8825 6814 714 717 5125 746 4372 5115 2731 5626 6371 3590 230 6728 7778 9500 7921 6132 6000 2181 4724 5292 2621 7447 151 7399 9679 7414 1698 5533 9821 9248 7908 3709 1626 9818 4840 2280 83 883 2195 1945 1535 2864 4243 5704 895 9820 4443 6032 5836 4714 7277 3875 8703 1010 2003 29 1595 961 6726 8175 5748 2168 2301 918 251 7563 7146 4861 3115 9458 6251 7396 5271 1786 8079 4790 2198 6353 7163 6490 4986 3320 3790 558 1662 2672 2327 5764 8999 2296 6914 878 8191 2572 2163 8297 1545 879 2989 4448 36 5209 4086 1844 6573 3521 8923 7375 4436 2418 2711 9596 8879 6102 1948 5943 8492 7869 6447 8518 2708 5188 3251 2476 1205 8327 5597 7124 9228 1871 6217 4138
200 6569 8208 8094 702 6992 9302 1082 1611 1678 3389 8997 6586 9837 9965 4571 4531 2464 7480 2497 5933 4363 5791 2529 9588 4353 7776 3783 837 5212 2380 4140 5025 4475 3573 2494 1525 8742 2165 1786 1965 1458 7031 6564 4197 8721 1330 2418 6604 6264 3705 6313 8989 8174 4836 6967 9261 4217 4751 8829 9913 4886 7049 2991 7944 456 5788 8128 3960 727 7033 6167 7949 4467 5161 7500 8534 3425 1851 4073 3314 8874 5984 9250 1397 4129 2205 3853 6956 6441 3595 8134 2769 1976 4278 7653 3181 250 6651 1938 1814 6414 3951 7517 156 5296 5720 1612 6483 5265 6870 3498 2371 923 8155 3604 1344 9646 2847 6507 501 1859 2485 8315 1865 1294 9564 9117 2780 4796 4900 4270 9241 8187 7259 1334 1624 4101 7763 1360 6470 2842 2496 1128 2487 7918 5617 7047 3388 4192 4710 1957 3046 2030 3566 8887 8407 3617 3767 4013 5217 6391 3513 4397 9049 6271 7319 9438 4107 6572 2609 3715 4328 7735 6918 3977 2356 8904 29 5488 7636 1552 8386 2782 4399 8652 16 3065 3262 9189 8502 9777 1861 2088 2060 7618 5125 4639 1040 9948 2942 2660 8602 9941 9335 9542 3477 1536 1555 2787 8410 8025 9395 7639 5960 4007 6408 5142 6268 2911 3810 481 5829 4993 820 3583 509 271 7486 1306 7182 1608 7277 7768 5371 5843 2214 7070 3826 7312 5824 982 1447 4211 5942 7580 2661 3400 1810 7208 6454 6018 2501 5139 1860 7290 184 9745 8213 2098 75 6364 3869 3780 6436 9591 8761 3397 7409 1580 2828 5275 4885 2244 1115 64 3544 3247 7163 376 1654 8153 4001 7599 3893 9023 1425 8578 4698 4339 548 7540 594 8416 6834 637 4884 7446 9246 2191 6632 706 6198 6799 2581 9273 1835 7249 3319 2878 5357 8622 5971 6827 7030 1759 2321 841 4418 9884 5639 2680 4632 7433 6823 7824 4262 822 3186 4261 6024 1310 6388 9112 8776 5423 5528 9703 6543 3362 9353 5969 7224 3278 6013 8497 5766 2488 2716 7493 4920 300 6733 5675 5541 2119 910 5732 9237 8981 9762 9842 3969 3944 3903 7038 171 7322 3839 9735 191 3352 1331 7223 8480 4137 617 8854 9954 1751 3909 5847 1420 4567 5325 4967 5981 4842 5776 503 1462 6237 4061 5696 6376 1487 6278 926 2556 9232
1357 612 3393 6753 255 9212 7490 9069 851 983 4802 2259 1691 4362 9543 6832 9591 7311 9576 5285 1450 7169 7742 9082 3274 5357 7172 2143 4703 6900 6100 4788 5038 5448 4119 2740 1279 6088 7170 2540 951 1147 2269 9713 3108 8287 5973 4980 6954 5388 6022 257 8815 1235 4815 4682 6065 6732 9427 9844 2122 3868 7532 732 9594 1712 5197 8911 2193 4785 630 9827 493 1997 3663 3193 6425 5321 4311 4656 1219 7991 4687 69 6105 8799 4411 4820 8693 5438 6104 3994 2535 6947 1774 2897 5139 410 3462 8067 9615 2547 4565 4272 7394 8111 881 5035 1040 8498 9121 536 8472 4275 1795 3732 4507 5778 8663 1386 9866 7762 5112 766 2845 5454 2928 3989 8531 7574 2402 8330 2441 5592 5556 2695 5208 1724 2815 1402 6690 7757 1101 1393 3473 880 230 9171 618 2202 8002 7507 691 2722 4852 2341 5428 8089 5248 3791 7806 6385 3254 9327 9680 4655 6421 6115 6814 3157 3564 7834 827 5747 9813 3272 5754 3420 6397 872 1818 4170 7627 6892 7688 9794 2040 131 3805 5027 2628 3497 6123 5226 8158 6562 3144 1141 3460 8464 5863 6801 734 9197 5464 943 2735 7275 6715 7798 7973 8260 6329 4363 4341 8708 7464 4223 2110 6250 5034 6242 6622 1241 3624 5931 3310 8218 4659 5627 3612 8313 812 3721 1687 5156 2039 5333 1929 7154 5716 956 5158 1642 9085 7682 978 791 2886 2319 9795 6845 2007 1678 1939 5169 4462 9707 4299 7038 8728 3494 1715 9605 4532 5819 5528 8253 2715 1238 9223 303 9691 7475 7043 2732 2867 1087 4172 7230 637 3434 3618 7122 2061 966 3173 388 7829 6823 6374 434 8705 3056 8602 8491 5507 7418 3347 5877 4022 6984 9440 2260 6496 6238 7416 3744 2125 8276 3153 4358 330 9335 8092 9656 9419 1425 7128 870 2215 418 1874 3061 2606 7864 4879 1985 6045 695 1928 2349 3840 3083 8246 9108 8120 4098 1905 1911 720 1969 9221 700 5939 1722 3212 7657 937 3926 6026 9470 6312 2734 2470 4839 9925 1054 5719 5364 779 5268 9828 5298 3873 1536 105 8966 6286 7895 3729 99 150 5037 643 2243 4867 4367 3547 6205 8963 1878 2267 103 9363 2534 2142 9905 5024 8227 7876 2497 4483 535 3667 2399 3922 6820 1966 4813
4296 5373 6739 5777 6601 3149 7895 6472 3738 6059 659 1810 8501 6265 9803 8000 640 578 2878 6650 8433 9756 2319 2531 477 7916 7307 3106 1420 5860 5136 8752 1473 343 4494 6098 7928 4925 5604 5917 8832 5607 318 4453 9233 1061 2069 2121 1806 9295 8768 8304 338 483 6725 8556 351 2906 1092 919 235 5918 3630 7483 8198 1365 1767 2026 5653 1194 686 1454 9118 8878 6483 6558 6681 7283 7870 6431 6873 9199 7810 8334 4390 6728 2957 5979 6532 1835 8542 3130 6663 849 4123 4689 2415 3489 447 3864 1062 6874 3997 9686 6207 1302 9269 3922 9563 5605 715 701 3480 7237 6994 191 4645 1142 1001 3972 9645 9342 4442 6413 439 5452 6068 3876 8687 9372 8494 2651 6678 2875 2242 2805 6130 1576 4915 7589 7171 81 6466 4929 4810 3414 324 3262 475 8313 3555 7360 7596 778 3206 1584 3327 2583 162 5398 6780 2642 3461 6005 1371 576 3275 2898 2680 5925 7244 601 3316 9770 9547 8781 720 4712 2853 6609 1561 2889 9470 9055 6373 8379 461 1085 7312 7117 793 5232 9710 1443 6298 8256 9866 498 8751 6675 8474 6621 9186 5387 3960 2020 6844 9952 3441 9975 3879 3088 4993 2113 3394 4294 5770 2987 24 2770 8074 5965 9311 5592 8299 6334 1110 7353 3982 7660 8088 3186 5554 5835 5095 1880 4613 7494 1011 1987 8391 8086 3583 1802 82 1264 6805 2683 326 2865 4227 4059 7386 2435 9526 7946 1352 9351 7659 3283 1310 7681 8923 2554 915 1029 8421 2131 9828 8041 7512 7445 5734 126 2537 9293 9165 4552 4592 6659 1643 6626 3190 4760 3332 6594 9542 4770 1347 5340 8286 3911 6743 4983 4098 4648 5550 6629 7598 381 6958 7337 7158 7665 2092 2559 4926 402 7793 6705 2519 2859 5418 2810 134 949 4287 2156 9869 4906 4372 294 9217 4237 2074 6132 1179 8667 3335 995 5163 8396 2090 2956 1174 4656 3962 1623 589 5698 7272 5050 5809 249 3139 9880 7726 4994 6918 5270 2167 2682 5528 989 6354 7147 4845 1470 5942 8873 2472 7185 7309 2709 5172 1606 8967 3827 3403 7511 2640 3858 2253 5625 6752 8200 968 5519 7779 9484 6276 2616 8622 7264 6638 808 7258 7829 9566 6 6343 4327 4223 4853 9889 936 1864 7789 7499 5022
8129 8368 5958 4007 6011 8497 5369 5843 1817 418 2927 237 3831 919 8552 9462 8953 4916 697 2584 3277 811 9976 6994 8508 8189 6465 8441 6478 857 845 3227 729 6239 3267 2796 1223 8250 9367 2793 6822 2622 5741 2050 9206 9734 4996 4831 2559 3236 3946 3109 4138 5025 4078 6928 1595 4457 6749 2102 8891 7216 4469 4367 4600 3381 181 4940 5940 7580 2264 6755 911 133 4461 5955 9606 383 4871 4626 8227 8929 9680 5708 3597 7340 9876 6830 1034 735 5048 4516 41 2709 3482 5150 4283 1260 5909 8730 4150 2643 6576 1418 4567 4928 8322 5082 7774 3783 440 8567 1481 7072 3032 4412 671 7745 4536 6078 201 970 3432 5068 546 7540 197 1764 5935 3569 2891 7383 6344 7442 9643 8049 4234 5983 4048 2876 5357 8225 9326 5928 9962 9773 2258 7946 9669 2888 2975 716 3816 8900 426 1339 5238 6829 6236 8866 7175 7604 7507 1744 9905 6077 5403 9101 5559 8156 8012 6575 6620 2691 7055 1403 2541 6809 199 1367 9687 9322 6722 2458 8274 4603 7789 5809 8566 6683 5196 5159 7500 8137 6780 952 7005 1321 8811 3082 4494 4408 1465 241 3037 8423 44 7117 9110 8776 5026 8883 8804 9475 1369 9290 3067 2468 6289 3349 6533 4950 3955 6326 1008 5896 6307 9783 273 6692 8413 2029 8371 359 9635 9637 9240 2985 8738 2562 7644 9574 6735 4881 2641 6973 7673 8821 1097 3240 3152 606 5637 2680 4235 781 5924 749 2269 759 284 9512 9035 8653 4424 8296 236 9033 9050 672 2543 6412 3951 7120 3511 4397 8652 9626 6420 2363 2114 6509 9714 8966 7339 5071 4954 3161 3823 2507 3551 6464 3636 4602 2984 3933 686 9771 2655 4194 3916 9064 7900 8793 6655 747 2666 7014 4538 5681 3953 6723 7263 143 2476 4701 8350 9531 260 4269 4039 9666 8487 7354 7097 3073 1277 7538 594 8019 182 9745 7816 5453 9183 9296 1876 3717 3534 4835 1765 733 5445 764 4295 8885 8407 3220 7122 3114 8149 4398 3450 1495 4293 9282 4655 7474 3291 8039 6219 7237 5304 3735 9968 8582 3507 5191 1148 8127 8765 2206 8261 2180 3415 3439 8682 3671 2658 8602 9544 2683 8643 6409 9550 1492 9892 3654 1029 6731 5675 5144 5474 11 8664 7244 8918 6860 5086 6980
9277 3772 748 592 1537 9091 665 2057 5941 5506 6794 1301 5902 8244 3679 4198 6250 9215 6072 4520 2375 2860 1654 877 3 3373 4897 2593 9622 335 7520 7295 6926 5120 3359 7676 6350 9379 3539 1967 3792 6785 8091 9032 7373 1450 1343 7572 6980 4408 4593 2895 9717 6495 5614 5370 3769 6347 4971 7918 8348 3049 9169 5196 8287 147 4810 4852 6522 5258 5987 6382 3027 3529 3952 5046 8041 8950 3636 7730 5638 606 8765 5334 908 8860 1487 9009 6935 8337 229 8547 8579 2227 2217 4202 5456 6712 7571 2175 2532 6720 5983 7176 5530 2030 6297 4889 4181 4621 7344 2203 6981 9213 6469 768 6629 9036 6579 8954 2842 5227 7137 8268 8922 9194 5237 5152 7014 7666 8335 626 4795 2826 8403 7142 2272 8295 8566 9811 7850 1832 5572 3700 5033 5618 4576 1266 7846 2626 8075 2201 7378 5461 716 6944 1547 7106 9418 801 5082 895 6437 7120 6639 7051 5325 7698 1983 616 6780 4080 9659 8001 6883 8652 2747 9074 9043 186 2072 7967 3625 4910 5016 3989 2705 7404 300 9464 1677 1315 3123 4487 3922 994 1796 2711 6213 1549 6709 3163 6554 8913 5977 8367 4281 4785 4811 9657 8398 3131 2899 8923 3992 7113 3025 3926 200 9300 4210 3868 1706 562 7492 2846 4433 4634 9767 6577 9351 9097 9481 3306 3186 6992 2026 7091 7392 2682 6966 7187 8350 2652 2914 942 2111 5229 6740 2013 4668 3018 312 7082 4175 5812 6095 4958 5495 3974 679 9285 2184 5749 3590 6854 9405 8385 708 8532 6553 4108 4101 487 7369 2244 3846 6073 9325 4251 733 8573 3418 968 6957 3970 1473 1781 685 8094 3433 2994 5076 2086 5188 9875 5153 1812 9542 6208 7545 7336 3791 1980 6215 1152 454 8916 378 3988 7907 5528 2427 2545 9143 350 9546 5414 5042 8835 1446 2137 68 5481 6753 4436 9042 5388 196 87 6713 2369 4051 405 3632 8524 8141 9114 1103 5177 7055 4531 5195 3482 8278 6937 7940 3981 4293 2403 7309 4147 1363 3602 4472 1896 2875 3680 9003 8126 7088 2984 7061 3340 6444 727 9764 2169 3723 5471 8738 5690 291 6247 4807 444 894 1632 5244 8766 132 2784 6733 8406 1543 7900 1914 9309 7427 738 2577 2791 340 1524 6668 6298 9694 6057 2494 4256
1598 8643 6187 3360 9131 9389 8211 1876 3495 7351 2467 1262 5290 6292 7535 5971 6208 4195 8499 4750 3405 5202 3746 2559 3014 7763 741 3635 9582 4925 3692 3271 1780 2537 7381 6519 7507 1522 3715 3709 4900 3651 6406 4920 9688 3898 2408 7970 4683 1694 9601 6157 9315 2886 3150 781 5702 4566 9908 256 4841 352 5799 322 1747 4084 5515 6661 9341 7732 1891 5521 5470 583 4977 3377 753 1253 2073 9422 6664 3742 3353 5517 6264 3086 3478 5722 596 7400 7751 3123 1137 5085 1953 3221 1698 8807 3654 807 541 3307 4641 24 858 5428 8920 6241 2648 358 4608 1571 8999 5570 747 2444 824 2170 5178 8510 7570 4027 1819 9806 489 3622 7159 551 1322 3387 8775 10006 817 8563 2053 3385 9172 6254 5071 4732 6978 1455 2004 8108 7311 400 6278 307 9728 5965 7399 2946 1247 3264 8173 9419 2256 8121 9734 4774 8648 191 2733 8503 3956 902 6701 1401 2716 6874 2085 7040 9162 8239 6325 5988 7837 6066 2361 2289 6574 1593 4632 6814 3988 4557 6691 3386 3970 8130 2944 1644 9519 2420 5588 7181 6191 2566 6628 881 5866 2033 7355 1673 8766 6789 3947 7692 9831 530 487 4019 3407 4805 7498 8312 6845 2838 2671 796 7728 2685 8024 3971 2928 4820 9524 6431 4961 6553 758 5264 1446 8794 1231 6440 8178 3423 1629 7493 4301 7472 3466 8104 8105 2903 4779 2652 9571 2105 3070 6654 5727 4607 6773 7123 7697 3835 9910 9866 8593 6105 9630 5404 3677 1245 3661 4421 3666 8432 3039 7804 7613 495 2431 8408 7803 2808 8626 4558 1489 5262 1843 5042 5485 2609 3096 1493 4468 9347 6541 3140 2766 6956 5822 760 4867 5198 4540 5062 1515 101 584 9782 5253 8633 8172 4614 380 241 2815 2233 7683 6614 3660 9623 1790 552 6127 5263 6648 6918 3358 9528 5637 2458 8052 8420 5421 5306 3116 7530 1960 6835 4823 3925 2052 8587 7296 8381 8159 2191 6013 7878 2931 9228 5145 50 5704 4169 3653 6009 8672 5434 7729 7490 9900 1844 9847 7361 482 8 4034 5433 2924 5614 2020 4932 7306 6396 6905 935 5154 3267 2574 5040 5882 8864 7350 7669 9393 7417 9380 4994 5006 2624 5122 9619 2584 3055 4628 7608 6491 3058 9036 3229 110 3801 6652 6124
2867 6875 1840 5591 6539 8494 5696 707 5334 2515 6698 1950 3770 2752 4685 6254 21 1407 6482 4798 8841 1862 1224 7783 1728 7809 6574 6550 1307 6318 7331 1387 445 7306 1346 3580 439 8497 97 6335 8960 3258 4314 4845 4515 9978 1325 2745 1071 3129 4903 3009 8709 8050 3767 8351 9064 2628 9285 3791 3587 4053 1615 5222 4733 6733 6 9388 8363 6682 5126 3775 6763 4058 5626 4595 4105 1300 2704 4206 6269 2047 9533 4598 8513 6928 6330 4949 3885 4942 271 1817 5153 3419 7380 6671 2306 3153 139 8005 7696 3987 4709 1490 5017 394 2419 5740 1980 7822 8997 917 3677 6202 336 3925 7009 5262 6800 1717 4989 5952 9933 5254 8388 6723 1991 635 9619 7541 9737 4132 944 3321 6819 2949 605 5567 1296 3498 6709 4770 4392 9376 738 4184 629 803 6292 2485 2646 5712 7538 5329 8511 7325 2578 9203 54 9867 8348 4656 7007 5659 3048 5971 1158 870 8003 8093 235 8963 7666 9942 8471 5258 7594 4220 3490 8297 9776 1394 4059 424 6471 1978 8219 5245 5171 9853 1120 8413 6764 8863 7502 2468 1017 3841 3669 7790 5342 927 1692 4948 9087 3066 2398 4905 2612 2454 3796 7598 3426 987 9796 7431 1551 7919 4753 2763 7505 6876 6645 7467 4412 5406 8237 1672 8918 1588 5578 4116 4120 3326 823 2322 9984 134 3994 8323 4615 135 8799 192 2488 7054 1333 1157 6072 6127 213 3323 6422 6701 6358 9398 6378 5428 3870 2916 2152 3701 1438 5332 2912 2946 6204 9946 7677 2755 9093 1875 3647 2150 4098 7693 9586 9088 7871 4274 2778 9531 4995 4761 1175 2499 9874 1955 7781 2125 4057 821 2719 6232 4388 163 3241 2685 2974 646 2432 8163 6354 185 8881 3929 6215 2759 8299 9379 5146 9812 4255 1546 3908 5380 3391 2931 4178 1820 9561 9047 999 7414 9929 6048 884 5224 4336 478 5759 3212 3438 8612 2287 1921 4523 8390 6326 5743 6388 3443 2616 1660 1293 9097 1081 1144 3649 1753 7850 3439 3410 4163 9801 1435 924 7291 9327 5461 2323 4782 2010 1867 5235 7156 1100 2376 9272 1368 9220 1683 1731 2210 2195 169 2050 3934 219 2132 7671 3946 7844 4630 2161 6918 8315 6203 5141 5801 4882 2174 9341 2682 8573 5025 8813 7420 8738 7297
8962 1372 6937 8058 690 2216 9522 289 6762 7771 2621 4182 9544 5929 8006 1005 4734 42 753 4721 7626 6386 2351 7742 3374 9820 1178 5418 4366 3041 868 6911 3212 1949 7483 9754 4272 1686 4650 6709 3281 3263 6836 3089 1347 6896 1186 3830 9367 6039 6185 7225 925 600 67 794 1586 4486 9242 5834 1846 2911 6659 3199 9533 3109 7384 4388 8681 2112 145 5325 7816 8699 8546 3892 7067 2267 4402 5902 8362 388 2121 3362 2195 8687 921 1394 2570 9302 3931 4329 5382 1505 5554 7391 8002 1799 7237 8550 3098 4564 3766 2057 6059 2215 4717 8420 8889 852 80 3217 5960 6856 9126 8846 4384 9475 4615 8653 7670 7659 4839 4217 7600 1540 3610 3002 3606 3796 6109 2297 8454 2140 4594 7818 8302 2291 9645 891 7349 6332 3063 6508 8155 6453 4062 3343 963 3064 1306 24 4326 974 5884 1928 6648 379 8911 6492 1324 6458 8073 2716 335 7638 4004 4849 2232 6346 284 2751 8398 3249 9615 6846 1104 93 5640 327 9226 9010 1851 6922 6032 2571 4100 5807 2202 2294 4046 6519 968 7075 679 9403 8900 3672 702 9841 2013 4786 9734 8242 4194 7162 8427 2496 3977 5205 1615 3733 3604 4193 2357 6551 4623 7065 2664 650 149 4531 5313 191 6201 4049 920 6596 694 1422 7019 1788 4417 7928 6481 8511 5836 1449 6663 2405 7030 4608 5039 4545 2534 6441 6444 845 6473 92 835 8458 1346 2091 9317 5957 2448 3498 5220 3641 1852 1720 7908 444 1012 8348 3167 5878 3119 5399 3134 7425 1253 5541 4968 3628 9436 7353 5538 560 8007 5810 6610 7922 7672 7262 8591 9970 1424 6622 5540 163 1752 1556 434 2997 9602 4423 6737 7730 5756 7322 6688 2446 3895 1468 7895 8028 6645 5978 3283 2866 581 8842 5178 1971 3116 991 7513 3799 510 7925 2073 2883 2210 706 9047 9517 6285 7389 8399 8054 1484 4719 8023 2634 6605 3911 8299 7890 4017 7272 6606 8716 168 5763 929 9813 7571 2293 9248 4643 3095 156 8145 8438 5316 4599 1822 7675 1663 4212 3589 2167 4238 8435 908 8978 8203 6932 4047 1317 2844 4948 7598 1937 9865 7256 9782 8721 4179 5136 301 4380 262 7118 7154 8 7502 979 9895 1301 6020 4953 1602 1310 9237 1823 2473 3539
227 2486 9393 4309 2776 1863 7971 6380 6973 4343 6034 5605 5702 1458 3304 7132 7806 4108 7650 5053 5197 6634 6589 511 6154 1799 661 6400 3003 1835 3522 3887 6487 744 4935 8606 5420 7400 4643 6526 8013 8050 5709 5072 6429 2250 6204 1881 4398 120 8715 8801 1737 2961 165 4786 3158 6092 4099 4433 8183 4326 4405 3734 1833 3919 135 734 6920 9860 6676 8259 9254 6883 2194 7313 6902 3426 2929 6517 4796 1173 4838 2843 3574 3572 3969 217 4471 640 5565 3635 6474 8328 561 6236 5536 4388 2105 9969 50 2596 7572 522 8974 2421 7285 2453 933 2443 2918 3697 4174 4556 8785 4913 2966 4176 4159 2530 659 6797 9258 6089 9698 8812 4557 3583 6789 839 1088 6700 3495 4243 5870 8138 8255 41 9386 695 9658 6745 9573 8607 218 9276 2516 3438 547 9015 9293 4145 5309 4416 6554 2455 536 6195 8671 7528 9256 6486 5946 3059 726 8508 4859 3678 2942 8940 9170 3543 4722 5855 6112 129 1925 5671 2608 5190 3020 3464 5393 7756 4026 3913 1326 9492 9675 8374 1437 2469 7764 2438 8914 4324 4802 9989 6087 88 5060 8811 9759 1707 8916 3927 8554 5735 9918 5170 6990 5972 7905 9474 3241 4627 9702 8018 2054 5082 4444 996 4948 1022 9794 9770 4527 9538 544 4607 3665 519 4566 6800 3659 1710 3317 9555 2173 6478 7534 8065 7735 3191 4545 5965 4291 6349 8123 6229 1922 1263 6987 1564 2277 5848 2498 7011 6807 7273 4835 8442 7953 9953 3226 2601 1576 9902 8346 6995 9983 7278 8846 7815 7325 4520 5924 7426 9489 5267 2746 7818 1726 141 9550 8169 7105 8162 3491 5037 8373 6639 593 9891 5526 6373 3359 1218 909 7207 7929 4710 8237 3614 5639 8960 5200 1035 2210 4137 6897 9422 3556 7145 222 8482 13 4937 8209 9172 3146 8474 1601 9943 5211 3855 2832 754 2950 7352 4164 6541 32 6169 3825 8787 4516 6718 9929 7990 7612 2589 3958 7404 3849 4023 9512 5705 5866 8932 751 8549 1724 538 5798 2416 3274 3080 1561 7876 220 8879 6268 9191 4378 4090 1216 1306 3455 2176 879 3155 1684 8478 807 7440 6710 1510 2989 4614 7279 3644 9691 5198 1432 8465 8391 3066 4340 1626 9984 2076 715 5688 4237 7061 6889 1003 8562 4147
3190 282 7121 5528 6518 136 6081 1821 6843 669 5354 1029 3943 5920 8762 5017 2878 2172 2215 8690 9302 7904 5211 4397 5864 9871 31 1906 4981 17 4685 8738 9781 7889 3185 6278 7748 6156 1944 7445 1256 3915 1471 6269 4531 9286 1073 5216 8408 5237 9243 4605 4604 9806 7930 50 3138 597 9639 6055 6982 8102 5936 5586 5012 8874 2799 2843 4116 6604 3079 7305 9032 1457 9048 8288 9043 4277 9670 4905 5096 2207 271 4301 4906 9901 4083 8151 1213 7447 859 7667 7224 93 9613 1209 8241 3362 6168 9569 9943 5753 6887 1942 7842 7511 8169 7647 1187 2601 2118 2927 7456 4076 4537 8095 2322 2461 9894 469 5026 6095 9049 3086 912 2150 6582 7446 6061 5791 9351 3181 7072 244 4657 4289 7288 7403 9593 5179 742 5874 7886 8784 650 4122 5413 4328 4550 511 6696 4831 9778 3481 7564 2652 7005 8540 9056 6700 4037 7275 4980 5219 2809 858 2862 5348 2220 2694 8675 7276 9785 7095 682 7777 5403 6313 5804 1767 7555 9442 128 7669 6827 3845 5359 5040 3316 5292 3329 7715 7703 78 7587 3090 118 9654 8081 5101 6218 9651 3673 9480 2592 8908 6057 6585 1847 1682 9417 87 797 9967 989 1876 929 3779 8453 1308 3600 8960 5742 4067 1320 1218 1451 232 7039 1791 2791 4431 9122 3606 7769 6991 1312 2806 6457 7241 1722 1477 5078 5780 6531 2559 448 4191 6727 3681 7892 7593 1899 1367 6899 9567 333 2001 1134 8118 2760 5581 1001 9501 3427 8276 1418 1779 5173 1933 4625 634 7298 5418 8339 3923 9890 1263 7529 4596 1387 2929 7059 7828 283 1919 7404 4391 7055 8622 2786 420 9749 4234 3195 4293 6494 4900 1085 2834 899 9734 2208 5076 6177 2779 6813 6624 9116 4797 6520 9746 9833 7574 667 5751 7284 8197 2089 3680 3087 5717 4026 4455 4358 8602 6756 2928 2254 5952 2410 5007 4863 3426 3471 9549 3906 8261 9399 3660 7057 8225 6538 6173 3573 9316 5125 1454 4640 2660 5417 3534 2047 2010 4351 4988 3631 7810 3856 8179 5662 9940 1345 1259 8323 7099 9895 5274 6902 3968 5961 5627 1877 5734 5655 6326 8227 6141 9925 9326 3140 200 3384 1801 806 3177 7866 2747 3158 6634 7131 3543 5264 8887 5222 7217 6486 6488 6091 9843
1981 9655 7430 3781 2600 1864 7862 8092 2465 3644 4777 5034 9058 847 4593 1530 4112 1942 2386 4315 6678 2948 2835 248 8414 8597 7296 359 1391 6686 1360 7836 3246 3724 8911 5009 9017 3982 7733 8681 629 7838 2849 7476 4657 8840 4092 5912 4894 6827 8396 2163 3549 8624 6940 976 4004 3366 9925 3870 9951 8716 8692 3449 8460 9473 3529 2587 9448 3488 5722 2581 632 2239 8477 1095 5400 6456 6987 6657 2113 3467 4887 3213 5271 7045 5151 844 185 5909 486 1199 4770 1420 5933 5729 6195 3757 7364 6875 8875 2148 1523 498 8824 7268 5917 8905 6200 7768 6737 6247 3442 4846 6348 8411 4189 1668 6740 648 9070 8472 7091 6027 7084 2413 3959 7295 5561 9522 8813 4448 5295 2281 140 9838 6129 6851 3632 7159 2536 4561 7882 4122 9964 1132 3059 5819 8344 2478 6067 9151 7404 8942 3859 7131 8094 2068 7396 523 8865 4133 2777 1754 9683 1872 6274 3086 5463 8961 5091 2747 7709 3438 5640 8851 6912 6534 1511 2880 6326 2771 2945 8434 4627 4788 7854 9680 7471 646 9467 4720 1338 2196 2002 483 6798 9149 7801 5190 8113 3300 3012 138 228 2377 1098 9808 2077 606 7400 9736 6362 5632 432 1911 3536 6201 2566 8613 4120 354 7387 7313 1988 3262 548 8906 998 9644 4610 3159 5983 5811 9932 7484 3069 3834 7090 1222 5208 4540 7047 4754 4596 5938 9740 5568 3129 1931 9573 3693 54 6895 4905 9647 9018 8787 9609 6554 7548 372 3814 1053 3730 7720 6258 6262 5468 2965 4464 2119 2276 6136 458 6757 2277 934 2334 4630 9196 3475 3299 8214 8269 2355 5465 8564 8843 8500 1533 8520 7570 6012 5058 4294 5843 3580 7474 5054 5088 8346 2081 9819 4897 1228 4017 5789 4292 6240 9835 1721 1223 6 6416 4920 1666 7137 6903 3317 4641 2009 4097 9923 4267 6199 2963 4861 8374 6530 2305 5383 4827 5116 2788 4574 298 8496 2327 1016 6071 8357 4901 434 1514 7288 1947 6397 3688 6050 7522 5533 5073 6320 3962 1696 1182 3141 9556 2064 8190 3026 7366 6478 2620 7901 5354 5580 747 4429 4063 6665 525 8468 7885 8530 5585 4758 3802 3435 1232 3223 3286 5791 3895 9992 5581 5552 6305 1936 3577 3066 9433 1462 7603 4465 6924 4152 4009 7377
3295 1082 5058 6375 129 9099 9800 5746 9905 9921 6745 6740 2729 3356 3984 9417 6719 1894 3988 8623 4216 3393 1643 8780 8076 7722 7942 4300 6733 9122 231 8866 1012 8946 5146 8921 5105 2049 8245 9200 4762 5089 5225 8250 3204 4135 4461 9799 941 8029 2041 9833 4199 1764 9779 4911 530 4553 1544 3414 2478 8148 3437 2916 1261 4551 1941 9669 6732 4317 8362 986 4100 6405 4181 5337 6032 3169 6079 8850 4188 8951 9157 8294 4477 6623 936 4018 2668 454 9632 9073 4954 7005 5165 146 721 1664 9615 7444 3083 3136 7626 6984 4330 778 5360 6470 6289 7193 7875 2589 1125 1526 6987 8738 6406 8986 7213 3905 81 8620 9815 7772 8024 8037 453 4827 7197 7081 86 2624 9188 7144 2591 728 5278 2733 2562 1481 909 4374 2051 7848 2945 508 8920 300 173 365 2281 2221 4124 1641 9177 4324 1969 4111 9225 4803 1954 2085 1099 6687 8246 3998 6638 2962 2137 784 4169 7719 3534 8679 3107 8379 2615 5971 267 1720 8506 2423 4055 327 9824 982 4894 8908 2682 7682 5875 9316 1750 2551 8668 287 7757 5998 9918 2337 1112 9110 2613 6368 6522 5974 4675 7348 2125 3166 1671 3222 562 8208 1534 5399 3732 9404 4296 7527 1618 8739 1204 855 5086 817 2622 9585 3392 6845 6904 196 803 5401 3335 3149 42 1351 6700 662 8372 9008 2846 5149 3322 726 5675 8988 6816 7657 5834 2444 4890 9702 5185 6183 8220 9159 7897 8229 2369 4767 9100 4598 7622 7778 6833 9286 7705 6313 2429 2864 1576 7069 2468 126 4691 4172 2120 9162 2298 3850 5995 5510 6716 7493 8367 4997 3473 5777 8755 8035 850 1075 1444 3250 5011 694 2020 8998 4831 6403 4578 1585 279 9345 997 6920 7027 798 1390 3962 3777 5475 8660 1875 2756 3000 4601 2023 3399 452 22 5321 9208 3174 83 8223 3560 3518 1848 3112 2383 1988 5343 4841 4418 3324 329 9427 4734 640 2732 7764 9612 3036 7462 9517 6883 9368 1435 33 8141 9830 9798 6143 6153 4168 2914 1658 799 6195 5838 1650 2387 1194 2840 6340 2073 3481 4189 3749 1026 6167 1389 9164 1901 7602 1741 9341 1791 9423 5528 3143 1233 102 9455 9183 3133 3218 1356 704 35 7744 3575 5544 9974 1228 6098 75
2438 5036 9697 129 8054 1037 7942 3255 7977 1311 3588 6922 5585 5794 9339 1143 6915 1971 2669 4214 2745 9142 5223 7602 696 578 3987 2773 3584 7716 8088 4295 1677 986 3055 7649 6377 8694 4088 7742 2927 3036 6417 754 9079 2718 9498 4606 4989 4016 2020 7953 6075 8599 7935 9648 4852 6193 5190 9149 8837 720 5821 8983 1760 9528 8658 1227 248 9450 4127 5004 6042 139 6069 9790 6686 2396 3366 954 9407 7659 4392 7440 2832 6883 8323 2679 2229 1491 7886 4364 2991 339 6397 4724 1580 5230 1209 3821 5703 2385 546 332 2783 1599 6462 6832 3436 7073 629 8874 8386 5184 333 7588 3475 4335 3744 5977 8038 4213 7947 7266 7350 683 8162 9620 403 3700 4704 5550 7738 3721 5539 4918 3099 8922 8865 5169 8314 9469 5359 620 5657 1509 4313 8111 4733 4797 2100 2080 6050 8558 1063 2781 1996 2710 1079 9612 1991 8706 1706 233 7424 6008 6888 2327 2052 1601 6065 577 9189 897 5711 797 5547 3330 8100 1913 4175 5483 6027 8120 7950 1667 2971 4309 8905 7236 3298 4445 1923 2190 4229 4771 7261 3339 1310 8790 5046 7712 8882 6798 178 3331 2898 3789 2048 2395 8568 9085 1527 740 1851 6475 9255 7810 9443 513 1879 917 1741 8296 3035 1612 8885 1199 5806 6957 3641 1405 4943 3140 5787 5725 8025 1790 3573 4896 7466 7678 5624 3056 2447 8253 6567 1000 276 3892 6620 5490 9641 1238 3068 65 744 1057 3972 747 5465 9600 4373 6208 7216 7268 6953 4435 3908 3444 5485 5630 1865 3696 5498 8053 6239 6066 5382 1058 8777 2623 3338 6512 6914 7173 793 6341 5833 6601 4258 4018 1623 1698 1821 2423 3010 1571 2013 4339 2950 3474 9537 1868 8104 1119 1672 6982 3682 8277 1803 5996 9270 9836 7562 8636 5594 9011 6209 2014 9144 4826 1347 6449 4409 9069 4703 745 5862 5848 8627 2377 2134 5338 9792 6289 6148 9119 4785 4482 9589 1553 5586 592 1208 9023 3827 4512 3634 7798 1818 8022 7389 7952 1270 6723 55 2729 2311 5228 1606 69 9957 8561 5471 8409 5622 3453 8702 2500 2736 5925 8353 6731 8474 7730 5309 538 1920 7789 8608 1145 6518 5723 8422 8045 7827 1065 2384 5748 8463 4910 4687 3921 5867 9859 8000 1749 6708 8036
6523 9951 9969 6396 136 1878 6336 2039 9402 3865 7193 7047 6007 2300 2625 3158 2431 1639 8746 3990 7398 1379 314 6573 26 3699 116 5848 8844 4551 1113 3080 7907 5416 4533 4686 9340 6165 958 8830 7330 4870 2837 1104 9870 1030 4545 2304 1831 655 3930 9301 8903 7850 1720 7678 5841 5230 1426 5995 4682 127 8668 9466 1168 7173 1010 8515 4812 4343 2373 3145 8 7272 6376 4106 4386 8848 3757 8617 4579 5562 5573 8393 9015 5632 1685 9622 223 9626 9436 7123 928 4778 1085 8638 5414 4930 934 3587 2334 5883 6900 162 6724 5077 6779 9170 9889 2262 161 1919 3201 8906 2251 7348 1297 6584 2846 4321 6740 1901 6774 5159 509 2890 5594 9228 8383 993 6886 2941 474 4834 9983 3617 6386 2121 3132 7592 2898 4006 4222 1374 6310 7200 654 9132 7425 1023 931 9186 6713 2257 6157 2546 3829 4332 9560 2523 3391 1212 8446 3498 4990 9038 6070 4805 729 9255 8027 1610 9499 9628 9039 868 6681 8609 6167 561 2575 3076 8701 7919 3034 7031 9183 2305 6636 2531 1803 6213 1437 8815 5304 6751 4721 7396 1776 6569 820 6202 8624 8193 8687 691 6791 6788 2380 6759 3133 2390 4774 1879 1134 3915 7275 777 9734 8012 9591 1373 1505 5324 2781 2213 4884 58 7354 106 7833 91 5807 1972 7691 8264 9604 3796 5879 7694 2665 5225 7422 6622 5310 5560 5970 4641 3262 1801 6610 7692 3062 1473 1669 2791 228 3630 8809 6495 5502 7476 5910 6544 779 9337 1757 5337 5204 6587 7254 9949 359 2644 4390 8054 1254 109 2234 5719 9433 2715 5307 1152 342 1015 2519 4185 3715 6947 5843 4833 5178 1741 8513 5209 591 6627 9321 4933 5342 9215 5960 6626 4516 3057 7469 2296 3419 5661 932 3984 8589 130 3069 5087 4794 7916 8633 1403 5557 1562 9020 9643 1058 8994 4797 2317 4254 5029 6300 9185 1908 381 8284 5634 1288 3367 5976 3450 4511 9053 8096 2924 8852 2963 6114 6078 3217 5730 2246 3337 1924 7212 8279 1623 1915 3995 1402 752 9693 1140 2724 8524 8029 1213 3244 5374 2863 5950 8611 5770 4313 8328 6907 3776 9849 195 5177 6943 6637 7336 3679 4086 8356 1349 6269 328 3794 6276 3942 6919 1394 2340 4692 8149 7414 8210 309 2562
4765 2275 6197 8226 746 4490 1824 654 2738 9358 6205 6638 5747 7488 7141 968 451 8009 8796 7685 3061 281 1726 93 9023 7657 8619 7795 1240 6501 7924 651 8337 3730 2579 5895 8131 4593 6396 3749 3811 1511 7746 5963 4640 2070 1858 3912 6480 7089 1283 2969 8536 9260 5644 2916 4046 9902 8298 6468 9471 8792 8479 5564 8789 4071 9943 5163 3328 2320 2268 2583 5101 5628 6092 4051 3906 7671 5840 4038 1483 3297 3470 4154 8478 759 6913 6198 3024 2622 2363 8743 3195 3703 2935 5278 5518 7913 7838 7715 7113 6526 7965 7523 5197 6586 6062 10006 7668 1432 8417 7864 2554 5854 1259 7733 3540 266 9707 1974 900 3942 525 3327 7522 392 4710 8189 3087 5127 467 4833 8791 3674 3688 909 7159 7402 4198 9751 3247 3388 417 4751 5054 9954 7983 3950 8944 8328 513 5709 5024 5902 1738 7718 1514 2147 1584 8266 2813 9481 6807 7225 4308 7930 9467 9586 975 4065 1127 3914 6083 834 7036 6800 3611 1183 2805 1062 1806 4227 8998 7616 1747 928 8391 3018 3813 1114 1491 1709 8471 7152 3788 1073 4626 4849 5615 3669 9684 1536 7787 2828 1500 4926 5341 8023 6017 3928 3304 7084 7279 3596 9164 4686 2946 8098 6140 4530 3891 5645 7721 5922 7775 5210 9009 429 2369 7552 4444 948 4421 510 1301 9403 2276 995 95 8626 1402 4365 1619 6322 8431 5085 8804 6097 8062 3279 7043 407 6736 6308 1203 8842 8561 9301 2509 9783 6902 3378 2402 6005 6310 806 2587 4307 3125 7591 1706 4063 1524 162 330 7010 1954 4870 6450 3037 5045 6737 1106 3079 6715 5473 1835 3474 3360 5975 2258 4568 6355 6884 6951 8662 4263 1852 5103 5231 9844 9804 7737 2746 7770 1199 9636 1057 7802 4854 9626 3042 9056 6110 478 7653 9413 291 9748 8846 7767 6798 4008 7438 7059 7238 6731 2297 1830 9470 3987 6603 7691 1870 1530 8978 1579 4255 3440 102 2233 4527 9490 17 4095 5179 152 2315 8264 3210 5729 1054 3394 9233 6000 2299 1433 3215 9740 427 2766 3800 8698 7124 9346 8587 4140 1250 4516 6670 9402 7478 9126 2222 1707 8868 3400 8042 7249 9551 2919 8454 5523 1917 7211 7087 1680 9224 2783 5429 562 986 6885 1749 531 2136 8771 7644 6196 3421
8836 412 1407 9043 4354 9473 9062 5586 5089 8677 6956 3333 6998 5003 5734 5732 6129 2377 6631 2800 7725 5795 8634 481 2721 8396 7696 6548 4265 2122 2210 4756 9732 2682 1127 4581 9445 4613 3093 4603 5078 5857 6334 6716 938 7073 5126 6336 6319 4690 2819 8957 1411 8249 1851 965 6717 5743 8949 2999 3248 8860 5655 6403 8030 291 408 2201 1539 2855 1811 8905 1726 760 2378 1429 4676 5598 2707 1168 1446 6305 7469 6576 8714 4615 2696 8355 824 9688 1409 8646 8106 5219 2886 661 7019 5838 5102 1093 1323 5703 6882 8015 8272 2289 4085 7831 4768 7350 5180 5624 7553 9916 6186 6073 3486 1645 1828 527 3597 4629 9924 4598 1067 6484 6962 2142 8247 2248 7220 964 1912 3867 1069 6087 707 7895 2071 7330 9150 8132 58 1627 5401 6787 1855 171 4214 7242 6604 3156 7108 3182 1947 1923 6687 1691 2704 6767 5825 2679 6726 8960 5819 3870 5477 1708 4333 8638 9694 218 9895 5351 6705 8125 6451 8509 276 8389 4082 3423 9147 3724 4437 8008 4658 9171 8967 9433 6995 595 106 2106 5386 4761 3736 2055 499 9155 2136 9438 999 9975 9485 6680 8084 9586 1642 7427 4906 9978 3886 2301 1703 322 9265 315 5651 7197 526 8799 2753 2044 7686 8533 5519 3378 3069 9367 82 6870 390 5774 7799 1113 7360 3195 4370 6297 9057 1575 5716 9305 2382 635 2173 7097 362 1325 5306 627 3761 2096 7371 6015 4992 2914 5110 9512 6324 8701 2192 8329 5985 940 6676 8878 2082 143 9772 4749 6118 9564 6009 6183 1665 7865 8026 1085 2911 702 3884 2698 7958 4576 5434 5240 3721 29 2380 1032 8428 1344 6538 6250 3376 3466 5615 4336 3039 5315 3844 631 2967 9600 8870 3670 5149 6774 9439 5804 1844 7358 3592 618 544 5226 6500 3786 2137 4236 2875 7848 6397 9221 9049 3163 715 6307 7072 321 4460 8446 7778 278 7992 7834 9176 2971 8806 6367 5169 2804 6931 3292 126 8143 2878 2249 2018 2840 9792 779 3610 7052 4291 6968 951 9496 9500 8706 6203 7702 5357 5514 9374 3696 9995 5515 4172 5572 7868 2427 6713 6537 1445 1500 5593 8703 1795 2074 1731 4771 1751 801 9250 8296 7532 9081 6818 705 8292 8326 1577 5319 3050 8135 4466 7255
1680 4026 8674 6690 234 854 7875 176 2360 9144 3458 1338 1864 7530 3613 5595 2441 8076 5309 9177 1911 3204 1722 5696 7410 7419 629 7506 8377 599 3454 2132 4367 6031 5958 5438 8588 3747 9017 3650 3254 1804 9433 1130 3124 7595 5721 7451 4284 7496 355 1853 4710 2991 8978 6388 139 4701 9781 2101 5517 7917 1846 1096 9873 3853 7990 2366 7953 4707 8590 3350 2762 9403 7085 6886 1356 8298 1270 5355 46 8151 5432 9779 2498 1765 2164 8022 6021 7943 6692 9844 4606 3621 4007 7442 1067 619 9491 9631 1855 4313 6743 4724 212 5221 6631 6942 247 3277 2242 2546 2244 2149 5996 7902 9827 2977 1750 138 9903 7905 4228 8605 5376 881 7519 793 4973 5824 2016 7379 8569 2515 3394 4035 1884 3560 1105 3083 723 8861 4595 801 3385 818 5014 2689 8883 228 2045 6626 2931 874 3905 7675 9855 7426 4243 624 3495 9004 1227 8887 9441 9549 8125 586 1031 7765 1997 6147 2946 2900 2024 5791 3563 5513 8711 4349 9604 2211 3696 4130 8044 1654 9187 9933 1950 466 4837 2799 7062 6448 8243 7184 2245 6954 7872 5775 6739 5518 2715 3722 8976 6785 6394 8955 5950 7026 3587 749 3700 3336 5541 3153 6842 83 5810 4795 1129 8326 5719 7848 532 1743 6531 6778 2780 5830 825 8628 5814 4001 8633 9825 3374 8005 4392 6072 2823 2298 1437 7230 3121 3187 93 3825 3541 9880 7467 1108 7491 6351 2480 5338 8424 6280 1563 2233 9336 5374 1278 3767 5047 1142 742 86 211 416 4755 9069 3335 736 1277 8969 3171 3269 3830 7552 9253 6839 5682 182 1169 386 703 2824 7103 3313 5103 33 5728 1058 7409 2614 8760 9633 1458 8065 2489 8555 5294 7151 3792 5088 8014 7609 2942 3694 4527 4292 5908 5356 4851 20 3305 6691 5039 2730 5748 7095 4901 102 7042 411 744 9696 3963 6169 8586 4144 5265 7904 9430 6729 7503 3969 4978 9835 1389 6751 3136 5213 8219 1941 7256 7967 1928 4833 3593 9565 4949 581 7027 8392 2625 1573 248 8082 4118 419 9163 4690 6961 1479 8900 1857 3916 488 470 4043 296 8561 4103 8400 1037 6574 3246 3392 4432 8139 7814 7281 8008 8800 1693 6449 3041 9060 118 3866 406 6740 316 4591 1595 5888 9326 7359
7322 3649 7232 1500 8511 2797 6235 4268 9448 1932 2815 2662 8015 1183 6390 8525 18 2478 4511 6244 7485 6318 2803 5044 5517 6693 3418 8054 8452 9505 5628 9677 1507 2118 5922 1353 2666 7221 8687 7889 6180 175 6338 8840 2536 3005 4975 4203 7340 76 972 3242 2962 8507 3591 8738 2769 1786 1775 8962 8340 1716 5663 7733 7125 7729 7919 225 6420 2570 6263 8717 1934 2418 6414 3761 5014 1465 448 7186 624 2271 569 8185 7466 5086 7187 5429 4147 8449 5097 0 6051 764 4502 3027 608 5447 574 2189 6839 4458 1754 8127 8972 6355 462 4407 6874 2514 7372 3731 962 5227 4216 9763 4450 3342 3126 5974 1038 148 6694 8223 9930 6325 6417 8169 635 5091 1191 4802 3519 3016 7795 4825 3957 6136 8909 3850 2358 8317 1278 2543 6619 8100 9328 5738 7856 7727 8316 6480 667 8746 1181 6787 4773 4272 8654 9436 4314 317 8172 5043 712 4817 5545 1135 5911 8540 2044 597 2627 9959 5572 779 6528 1146 8731 9162 8668 6657 557 560 4968 589 4215 4958 2574 5469 6214 3433 73 6571 7621 9343 7764 5975 5843 2024 4567 5135 2464 7290 10001 7242 9522 7257 1541 5376 9664 9091 7751 3552 1469 9661 4683 2123 9933 726 2038 1788 1378 2707 4086 5547 738 9663 4286 5875 5679 4557 7120 3718 8546 853 1846 9879 1438 804 6569 8018 5591 2011 2144 761 94 7406 6989 4704 2958 9301 6094 7239 5114 1629 7922 4633 2041 6196 7006 6333 4829 3163 3633 401 1505 2515 2170 5607 8842 2139 6757 721 8034 2415 2006 8140 1388 722 2832 4291 9886 5052 3929 1687 6416 3364 8766 7218 4279 2261 2554 9439 8722 5945 1791 5786 8335 7712 6290 8361 2551 5031 3094 2319 1048 8170 5440 6967 9071 1714 6060 3981 1372 3898 2837 8302 9259 4424 8503 4385 1234 1270 4131 1618 5102 4011 5424 136 9076 5725 5433 3353 5946 6596 7662 6208 4624 8831 9326 6135 4104 1974 4485 1398 8744 1578 3035 9027 441 3572 7506 7153 2171 405 711 12 3669 3262 8999 5999 1079 7020 3554 1072 3406 429 5954 5008 2656 9206 9941 9145 7039 4786 6695 3021 1799 4198 3329 703 1600 8675 264 3682 5685 3366 8369 963 25 6092 7636 1362 5883 4091 9558 111 9035 8860
1190 6964 1623 6073 3364 5726 7198 5209 4749 5996 3638 1372 858 2817 9232 1740 7866 2702 7042 6154 2296 7577 5030 5256 423 4105 3739 6341 201 8144 7561 8206 5261 4434 3478 3111 908 2899 2962 5467 3571 9668 5257 5228 5981 1612 3253 2742 9109 1138 7279 4141 6600 3828 3685 7053 8974 2918 4194 1083 3186 1031 3501 3549 4028 4013 1987 3868 5752 2037 3950 9489 5764 9662 6448 3979 8736 126 8021 6959 7619 6700 3992 1152 4500 384 6843 624 9238 549 9115 9954 8528 1386 8086 9067 9475 8543 3412 6205 7183 3183 6630 7880 9930 3285 6397 9099 3123 8533 5397 7459 8439 4042 1234 8237 4111 2548 7590 7453 9630 2793 3989 6751 8879 6765 6100 3008 6343 9811 1889 3307 2030 336 6364 639 1257 8675 7231 3662 6615 5854 1804 5169 2682 1005 8662 4808 9295 4245 5970 8799 2631 6125 3049 3208 6671 4745 6790 6141 9880 3203 2660 5372 7418 1567 7182 8385 4754 0 3011 744 5432 5515 4050 9653 3231 7109 7865 7904 5166 8281 5384 5036 4065 1672 1350 5225 1573 5991 9634 1999 1486 8250 6534 6922 9960 7337 2635 5331 546 4707 4326 4902 643 463 6172 8730 1317 6772 9714 6133 1461 8209 9669 55 7104 3854 8531 5794 3707 2686 211 6159 6307 6950 4402 9830 3121 8930 1645 1706 4608 8967 9311 1069 5965 4788 3258 6753 8482 510 1846 6839 1418 1734 9057 1453 9797 4668 7064 1787 3540 811 7143 1116 1639 2897 3359 1715 7825 5837 175 3298 8820 3466 5493 8417 8409 9997 4996 1998 6688 6374 8661 3 7419 6372 9058 6258 1666 2541 3976 4328 4505 4395 6216 10003 3805 3247 3933 7860 3893 5793 8909 810 2338 9247 3766 5985 818 750 4241 6764 1295 1132 8470 2892 9355 2342 8453 1263 7484 8480 907 8101 1086 7594 6659 7127 4292 1644 6908 2732 1087 2392 8535 5000 1204 4185 7873 6316 160 1272 694 5350 1778 323 3941 6272 8894 8791 4219 1124 51 7898 6357 7032 8139 3550 8833 5889 9867 780 8293 3002 7534 8562 4644 1821 6798 4553 4874 6201 7977 5686 5131 218 9773 9432 2068 2800 7603 9876 3997 5163 3873 9763 1410 3322 4056 8462 4480 4354 9351 3136 949 9771 9829 8323 7054 3772 4794 2067 8002 5727 1996 7085 2622 2908
8525 8526 3324 5200 3073 9992 2526 3491 7075 6148 5028 7194 7544 8118 4256 324 280 9014 6526 44 5825 4098 1666 4082 4842 4087 8853 3460 8225 8034 916 2852 8829 8224 3229 9047 4979 1910 5683 2264 5463 5906 3030 3517 1914 4889 9768 6962 3561 3187 7377 6243 1181 5288 5619 4961 5483 1936 522 1005 196 5674 9054 8593 5035 801 662 3236 2654 8104 7035 4081 37 2211 973 6548 5684 7069 7339 3779 9949 6058 2879 8473 8841 5842 5727 3537 7951 2381 7256 5244 4346 2473 9008 7717 8802 8580 2612 6434 8299 3352 9649 5566 471 6125 4590 4074 6430 9093 5855 8150 7911 314 2265 261 7782 903 429 4455 5854 3345 6035 2441 5353 7727 6817 7326 1356 5575 3688 2995 5461 6303 9285 7771 8090 9814 7838 9801 5415 5427 3045 5543 33 3005 3476 5049 8029 6912 3479 9457 3650 531 4222 7073 6545 1276 1441 3713 3036 2326 3163 2134 1247 2194 9351 4677 1815 9530 4170 7388 9063 1803 1905 1672 2891 6091 1332 332 8699 4008 9524 5361 6139 1811 317 6673 5889 1401 1646 8052 7350 6599 564 2675 8939 6403 9449 5238 5537 1224 1756 6231 3563 2790 1122 1989 5012 363 7549 2122 3629 9703 4854 1705 1344 7957 1190 8505 2489 5832 7712 4791 9207 3240 1860 5601 8534 1736 194 6071 5302 2840 1204 5726 8739 6075 4508 337 2703 3381 8896 9935 8837 6636 8230 2038 289 2224 3396 915 8054 6953 344 6317 6506 4014 8333 6610 3384 3297 5556 2456 7379 5846 4933 1034 9450 36 7413 9104 8675 8772 4528 6374 195 869 7178 713 8123 8267 9704 9659 3581 9224 4869 3731 9470 6073 4905 6592 6957 9557 3814 8005 1669 8490 463 7713 9596 1076 1113 8779 8142 9499 5320 9274 4951 7468 3190 1778 1864 4807 6031 3235 7856 6228 9162 7169 7503 1246 7396 7475 6804 4903 6989 3205 3804 9990 2923 9746 1322 2317 9953 5264 376 9972 6496 5999 9587 7866 4243 7908 5913 6644 6642 7039 3287 7541 3710 8635 6705 9544 1391 3631 9306 8606 7458 5175 3032 3120 5666 635 3592 2037 5491 348 5523 4003 5513 5988 6767 7244 7626 1848 7983 6036 7246 7229 5600 3729 9867 2321 9159 2761 1875 7627 6653 9859 3909 4158 9770 6565 7313 8940 1201 1318 3111 2449
6140 8939 8726 5975 6667 9403 6685 5830 425 7572 4883 3275 2239 7745 5567 7599 4527 3892 4852 4425 4125 3633 1225 8884 4633 2865 3568 9124 7028 2790 3445 8522 6441 4229 3003 6196 7830 3705 6947 3858 1594 683 6394 8555 4894 6095 2861 4362 1620 5529 5135 3288 4662 2112 7937 7483 7539 6430 1409 2381 9579 1770 5775 6339 4462 1784 2996 2582 4705 8587 8549 6085 4846 5616 2876 6388 9746 3645 8850 1375 9130 5837 4039 690 1 1673 12 4493 634 1110 6694 9047 7302 8443 7112 6130 917 9980 7231 7526 4007 7042 11 9695 8765 3237 9782 6506 6337 4859 8039 7250 8758 9630 6657 1381 7939 7086 1284 2176 5240 7463 1502 8938 3921 4099 8794 2484 4144 4865 6848 8499 6003 1109 1889 7171 9429 1524 4571 5165 7340 900 8351 5360 3657 6468 3873 3620 8809 4510 2263 2981 556 6586 464 4834 7998 378 1891 6774 3174 7277 8402 240 9270 8068 6497 3120 7989 7168 5021 5903 945 4422 9724 8012 7606 8141 7017 9977 2823 1898 381 6299 2395 6800 8020 6018 3135 8 5287 3137 9618 9039 8890 3442 4114 813 603 2260 8580 4935 2960 9728 7218 5103 9640 4672 127 6683 6227 6680 1819 1052 8200 309 577 7421 9839 195 3192 3704 2142 1982 3721 3771 3853 7590 1310 7022 3981 2196 1270 4955 8997 7220 4706 3385 418 3958 1758 8157 3841 9972 8819 2525 1009 1725 9704 1975 107 646 8735 9192 3537 267 8914 8685 9110 9807 6547 3202 1719 888 726 2862 9167 3496 3402 2047 5829 5627 5696 7010 6363 9705 6780 1983 8526 5647 1726 4502 3851 7987 7565 1269 150 7121 9347 7794 844 9460 374 2685 9277 1675 9622 8245 6387 4941 1769 970 4463 6589 4872 455 1617 1121 9514 9669 3919 4496 5042 6738 313 9790 4918 1331 7857 3349 7564 6471 8281 9248 2428 5253 9886 5876 1301 3805 7111 1325 9048 2100 312 4985 3042 3458 938 808 6599 2887 9208 361 262 4903 9312 9738 5233 3849 8384 3813 5523 6326 2039 7417 626 2698 1693 6049 1985 8129 9399 7479 8333 8933 9917 4726 9422 7917 1446 40 8942 3127 1596 286 139 4301 8725 1170 4791 1523 9773 3289 9467 3988 5810 4395 73 7395 4993 1454 8459 3936 6125 6913 600 7859 2952 1309
4337 8068 2979 7442 7156 3885 7727 5622 8174 1952 6158 1848 6788 6884 7842 7812 3760 7522 1283 3860 7686 8757 1307 9103 2675 7744 7251 38 5821 3697 5017 3179 7770 2090 8786 554 3465 1034 8255 884 8009 9687 6835 2558 5951 7913 8729 6865 6610 2189 4145 6152 3039 5539 9639 6356 2573 7977 6032 6845 573 4697 6657 7870 2254 6253 8008 4882 4959 4685 9039 5372 7764 3281 7537 3309 1979 5802 2465 9401 3564 6400 3846 458 2507 1064 2300 7129 4241 7110 3009 1487 3394 117 5150 1796 7103 9402 8369 8276 1719 7377 5048 2029 5884 6202 3121 9276 3359 2061 9539 6192 5106 523 4615 2920 4143 6549 9294 9793 5808 1274 643 809 7886 9085 6248 3997 5509 5587 111 6341 547 9858 7916 3130 2486 229 2932 1761 9047 3784 2758 6279 2847 3623 9699 4453 5056 441 878 9200 8438 9590 1072 712 2123 7239 2420 3323 9207 2045 2708 6197 9117 9903 3987 7494 6841 1367 7200 5158 208 2097 2393 3679 8590 9439 6028 7639 3076 3198 9002 7713 8401 1924 1709 9362 6302 3285 6743 806 3478 3457 2622 3254 7893 2692 9373 9122 3907 3360 6866 1408 4065 2018 3064 5580 6504 3216 5429 1453 136 6382 7419 6718 765 6613 6597 9773 9778 3782 3155 2527 7101 9799 4617 2523 7895 2295 3118 4868 7738 8442 8796 8576 2211 9785 7396 6280 7652 5499 7572 1365 7597 1406 4462 8273 7318 1749 1422 1286 8268 3307 2376 2050 6719 5570 8489 4470 6685 2312 4747 6739 1600 5981 1958 4967 3097 4033 8370 3074 3595 5250 1960 4570 6849 9786 2194 8156 5525 2411 106 2330 1174 479 3342 432 7668 2323 7567 7361 8224 2034 9895 5575 2493 3843 6057 6886 7445 1557 9513 1346 6365 5790 4847 6903 9074 3428 3375 8892 9534 2181 5733 1151 41 222 9325 8643 3922 5386 4985 9531 7780 105 7532 9305 2606 6430 7898 6703 8746 8494 8481 6058 1684 9321 9437 6425 3887 7330 9374 3920 5783 1233 3778 3949 5030 5602 2137 4460 8670 3566 6003 7598 6211 6338 6146 4230 4290 2387 4870 7341 2187 4542 2400 7293 1708 4557 4426 5412 9831 8272 2513 9880 3549 4374 5727 2342 8799 2977 7839 3404 8139 3896 540 6244 4791 8012 4088 2456 6184 6694 5529 1617 7610 3829 8836 636
5353 6755 8654 6965 6997 645 635 2620 3874 5130 5989 593 950 5138 4401 5594 3948 448 4715 3307 2599 3039 5762 621 5399 7631 4887 9193 5047 7454 4997 7372 1260 3645 5555 6686 7340 7612 3655 3570 5432 6084 6753 9051 3213 1244 6821 5560 690 6713 6984 8229 6268 250 3990 2118 3451 4036 2994 9691 6264 1044 6493 619 5796 3879 9141 5362 9972 5524 7836 9226 3500 9320 4855 5538 5057 5469 3743 6116 401 9041 5198 2498 8077 6419 5301 7070 1165 7492 7461 8611 490 6385 2043 3328 3434 2407 1123 5822 8725 7882 95 9740 1541 2905 2340 9419 214 1129 4631 9974 5127 1581 4972 7331 4395 6785 2699 3203 3229 8075 6816 1549 1317 7341 2410 5531 1443 2344 8625 7718 2628 2286 124 8987 5910 1264 2851 3052 8185 4995 7769 7515 7899 1724 1604 5410 444 5509 5810 1100 5384 5605 6768 1070 1332 9367 529 3647 5158 431 3086 1436 8737 5500 2593 4230 4513 3376 3913 2392 9104 7703 602 4167 2008 5272 7823 6803 9133 6950 4971 2526 2519 8912 5787 662 2264 4491 7743 2669 9158 6991 1836 9393 5375 2388 9898 199 9110 6512 1851 1412 3494 504 3606 8293 3571 230 7960 4626 5963 5754 2209 398 4633 9577 8879 7334 8803 2406 6325 3946 845 963 7561 8775 7964 3832 3460 7253 9871 555 8493 3899 5171 2854 7460 3806 8621 8512 5131 787 2469 8830 2050 6942 6559 7532 9528 3595 5473 2949 3613 1900 6696 5355 6358 2399 2711 821 5727 2565 9788 2020 2890 314 1293 2098 7421 6544 5506 1402 5479 1758 4862 9152 8182 587 2141 3889 7156 4108 8716 4665 3225 8869 9319 50 3662 7184 8557 1202 5151 6824 9968 6318 332 7727 5845 9163 995 1209 8765 9949 5086 4716 8112 4475 912 2674 3162 6364 1208 3960 8073 7213 7804 5571 3510 7335 3601 4282 4198 858 3386 1928 1138 7848 6844 5998 3810 7827 6009 6630 8449 2626 2683 6379 3234 2079 6189 921 5891 32 7235 3437 6815 6751 9448 9468 5498 2990 478 8767 9552 8838 462 1936 9557 2842 9842 1308 4124 5540 4660 9221 9496 9947 5483 964 2359 644 5837 744 6001 8218 3448 9635 7373 6065 5521 3428 3598 9881 8577 7239 2643 4312 8250 7103 9625 9358 7319 6777 4287 8209 231 2758
5391 6568 8098 4603 2874 839 9510 4517 9938 9622 2299 9903 1559 6688 4292 9569 7816 538 4213 233 9717 8459 7997 9641 3531 5519 1174 8058 2536 7890 5863 2939 2947 1359 6360 9358 4668 4982 2695 1346 3937 4984 2298 5098 9690 8815 7380 7028 6851 6961 5140 1353 7551 8109 7423 3496 7463 5563 2447 539 9018 2109 7590 5371 531 599 7115 4592 54 217 2886 8464 2001 9014 2903 86 3872 2876 442 3255 263 3762 4697 4229 7064 9712 4448 8624 262 8964 2821 6356 145 7171 3483 5040 1189 77 655 6006 9578 1026 7415 5084 2462 2565 7137 225 1298 3458 4999 4324 3217 7806 2523 5467 1489 569 3063 8354 3822 2794 6712 9535 4558 6803 6482 5155 3379 5670 6225 1131 1583 1924 9288 8556 3753 1480 7359 6193 7483 1593 9946 8034 7300 2894 6876 7002 2005 8220 400 1585 1527 3033 4302 7584 6562 9289 3354 5629 9360 4271 8734 8448 5177 9019 6914 9466 3244 7450 3140 8080 8176 9134 9104 5052 8814 2575 5152 8978 42 2599 388 3967 9036 8543 1330 7113 4989 6309 4471 9062 3382 71 1846 4757 2326 9547 2176 9301 972 8127 3850 7243 9205 14 8157 7902 3481 5437 7444 4331 6831 924 7648 3865 9269 7324 8137 1865 5989 7949 9162 3546 7545 9300 6174 6251 5977 324 6664 9056 4573 8829 4601 3271 7094 3757 686 4856 7692 5138 1750 3799 2356 3592 8421 5533 8402 4301 2779 4686 1409 6442 3088 8395 687 9661 9568 3011 8669 6340 3321 7176 7494 4413 561 4651 3353 824 7484 6398 1815 5907 4212 5435 7841 579 1078 7100 2566 1935 2101 9178 370 7540 5289 6801 6879 1403 7633 1839 1143 9208 4422 3778 1521 4224 3053 332 5076 4050 7571 4139 4915 984 5745 6348 1733 2170 485 9730 875 2364 2004 3415 8531 3712 4615 492 3337 4000 7489 402 1188 5279 8786 8133 2659 8492 6450 1500 3389 3685 4971 9882 724 7320 8931 4368 4490 287 9005 9693 3216 3001 647 7594 4577 8035 2098 4770 4749 3914 4546 9185 3984 658 407 5199 4652 8158 2700 5357 3310 4356 6872 7796 4508 6721 2745 1428 7674 8711 8010 2057 7905 7889 1058 1063 5074 4447 3819 8393 1084 5909 3815 9187 3587 4410 6160 9030 9734 81 9868 3503 1070 8688 7572 8944
5747 1656 8156 8809 4276 8450 485 5435 3546 3250 1964 7060 6211 9622 8011 2567 2445 6648 7937 7249 3719 3934 6288 9348 2358 8907 4837 2165 2186 3021 2389 7757 2951 6277 6528 1736 2283 8784 4235 1578 3625 2579 63 9146 2427 214 4190 5507 9268 8231 8932 4878 9037 9053 5877 5872 1861 2488 3116 8549 5851 1026 3120 7755 3348 2525 775 7912 7208 6854 7074 3432 5865 8254 9370 7998 144 8078 4278 8053 4237 1181 7377 8332 3894 4221 4357 7382 2336 3267 3593 8931 73 7161 1173 8965 3331 896 8911 4043 9669 3685 676 2546 1610 7280 2569 2048 393 3683 1073 8801 5864 3449 7494 118 3232 5537 3313 4469 5164 2301 5211 7982 3320 8083 8289 7426 3609 5755 68 3150 1800 9593 8764 8205 4086 6137 4297 9285 9860 796 8747 6576 2215 2268 6758 6116 3462 9917 4492 5602 5421 6325 7007 1721 257 658 6119 7870 5538 8118 6345 3037 9220 7752 8947 6904 7156 7169 9592 3959 6329 6213 9225 1756 8320 6276 1723 9867 4410 1865 1694 613 41 3506 1183 6980 2077 9647 8052 9439 9312 9504 1413 1353 3256 773 8309 3456 1101 3243 8357 3935 1086 1217 231 5819 7378 3130 5770 2094 1269 9923 3301 6851 2666 7811 2239 7511 1747 5103 9406 852 7638 1555 3187 9466 8956 114 4026 8040 1814 6814 5007 8448 882 1683 7800 9426 6889 5130 9050 1469 244 8242 1745 5500 5654 5106 3807 6480 1257 2298 803 2354 9701 7340 666 4531 2864 8536 3428 6659 750 7871 336 9994 4218 9956 1754 8717 2524 5977 6036 9335 9942 4533 2467 2281 9181 483 5832 9801 7504 8140 1978 4281 2454 9865 4807 8120 5948 6789 4966 1576 4022 8834 4317 5315 7352 8291 7029 7361 1501 3899 8232 3730 6754 6910 5965 8418 6837 5445 1561 1996 708 6201 1600 9265 3823 3304 1252 8294 1430 2982 5127 4642 5848 6625 7499 4129 2605 4909 7887 7167 9989 207 576 2382 4143 9833 1152 8130 3963 5535 3710 717 9418 8477 129 6052 6159 9937 522 3094 2909 4607 7792 1007 1888 2132 3733 1155 2531 9591 9161 4453 8340 2306 9222 7355 2692 2650 980 2244 1515 1120 4475 3973 3550 2456 9468 8559 3866 9779 1864 6896 8744 2168 6594 8649 6015 8500 567 9172 7273 8962 8930 5275
4342 6200 7646 811 1610 8124 5998 7715 2125 963 1459 3073 2918 8668 8091 7545 5849 2267 2797 7669 1249 4730 9238 5023 6116 4306 3339 152 7334 2701 6711 1279 8782 5476 1255 3539 480 2268 7602 9545 9129 1642 1772 5988 9700 3379 2219 2318 7684 3275 2849 7354 8738 4203 8774 7064 6261 541 5170 1954 9889 887 6538 595 4458 3188 5108 4254 3654 2670 7861 3165 4670 1134 2540 3645 9460 984 2294 2441 8286 3862 1410 7796 1057 2814 9298 3120 8599 6777 8192 2507 5192 7594 1126 4128 8651 6462 5674 1980 4728 9635 1271 363 475 8264 8229 166 4555 8951 6954 8082 4328 8979 1396 568 4814 2571 2495 7574 5096 6636 1156 8180 4889 2694 3097 8161 3657 7078 3482 6791 5413 8757 5435 4390 6679 7631 8792 3491 1 2283 9628 7664 7245 5357 9866 449 3418 9488 5433 4787 2927 1878 4961 8416 8078 5122 1475 9904 2913 4657 8718 8173 1275 9576 7979 9763 5884 323 8415 3273 3246 3602 2985 372 3692 5134 9100 2395 7410 7629 9189 9746 4255 8459 4546 5734 77 7211 2099 6124 2718 8340 3150 2644 3015 4424 9937 1366 6523 8576 6339 5072 1393 6167 9193 8952 1752 9958 2201 5891 3937 1533 8398 1644 1375 9740 5446 7210 7301 4248 4845 1421 609 1679 9438 5351 1050 9207 6173 8002 194 9004 1437 7440 1674 5427 5978 1678 4633 3475 3177 2288 3632 7037 6617 9931 2557 5274 1324 4853 9840 5610 4677 4748 5665 8770 7858 8764 9049 7515 1797 6029 6565 239 5075 5801 1788 2812 9695 9375 2846 2946 3110 577 8031 9448 3366 9803 7951 5314 3391 9844 4816 2174 6247 3320 8927 1711 3086 5341 3035 454 7429 8861 4805 9361 5625 6703 2867 3781 2478 5945 3225 2767 3617 5011 8498 1808 8849 7187 6863 1128 3731 2396 2208 9505 7062 6658 6796 9424 8130 4807 8964 9377 2449 6698 8863 4408 3106 1371 527 7949 5711 9646 4091 985 7099 4317 6159 774 3951 8761 4641 1887 8178 5286 8949 7351 4330 8582 5148 6321 8645 7653 4425 4735 3242 4396 5488 8880 6037 4977 5240 8073 1111 2102 525 8346 1959 3893 260 5910 5169 7156 8013 3014 9626 8061 3493 9611 6035 5374 1488 2320 7287 7027 8602 1178 3813 6133 5935 5210 4021 4873 5870 3102 2165 3030
133 5582 9715 4885 2968 8230 4451 9061 4613 6925 8315 2589 8409 3944 4627 4146 4558 2832 5205 9497 8130 4287 1587 7166 5508 4390 6159 254 6581 6550 7700 9586 5474 1132 2417 2523 1496 212 4911 7814 6971 9191 8829 630 1994 1429 8508 9310 218 3720 9063 4216 670 4061 6420 3484 5874 1788 2292 2318 7164 5905 638 406 6430 1499 4620 532 1433 7714 6807 1717 1375 9220 8076 4999 353 1940 2141 7274 4084 6858 6604 6988 813 693 4499 9540 4598 4899 189 4473 4694 5857 159 421 8456 9625 2736 4247 9527 2175 525 7826 4589 1682 3319 3602 2465 3002 1481 8193 6792 9698 3256 1097 4361 6912 5892 8222 6039 4060 1615 1608 8001 4876 9758 1353 3580 6832 1758 8247 6080 925 8482 4464 1477 8987 9295 8199 5601 940 501 2583 9600 2695 7382 2660 9326 7049 3715 5052 4843 1298 9494 3722 8666 7968 6423 7892 1495 5414 3035 9941 52 6650 7864 7053 2921 2549 6342 8960 9651 7582 2988 4260 1943 6549 2895 7710 7601 4220 9883 1558 7919 1139 6031 5648 6621 8617 2684 4562 2038 2702 989 5785 4444 5447 1488 1800 9917 4816 1654 8877 1109 1979 9410 382 1187 6510 5633 4595 491 4568 847 3951 8241 7271 9683 1230 2978 6245 3197 7805 3754 2314 7958 8408 9146 2751 6273 7646 291 4240 5913 9057 5407 9428 6816 4934 8252 84 298 7854 9038 4175 3805 7201 3564 1 1763 2251 5453 297 3049 7162 6302 6893 4660 2599 6424 2690 3371 3287 9954 2475 1017 227 6937 5933 5087 2899 6916 5098 5719 7538 1715 1772 5468 2323 1168 5278 10 4980 9128 6324 2526 5904 5840 8537 8557 4587 2079 9574 7856 8641 7927 9558 1025 8646 1931 8931 397 3213 4629 3749 8310 8585 9036 4572 53 1448 9740 4926 9840 5090 7307 2537 8724 6462 5154 4610 2517 2687 8970 7666 6328 1732 3401 7339 6192 8714 8447 6408 5866 3376 7298 9327 1847 5591 2925 1755 3839 452 7306 7739 6848 8589 8242 2069 1552 9110 9897 8786 4162 1382 2827 1194 117 8758 9720 8896 2341 7602 9025 1752 9438 4831 3680 6996 9232 5694 7497 4850 4912 2612 8847 7064 5741 3171 2959 5013 7581 8190 2384 4070 9637 354 6745 4017 5147 996 9399 7569 565 9893 9580 6665 9890 5172
1256 319 1184 4604 6210 7643 8392 4817 8961 6951 5656 7535 9816 2349 8516 217 1417 3385 3010 2395 9392 6457 3645 1435 9819 6757 4137 3843 2160 1001 5905 3140 6611 3097 136 2485 1534 5178 2348 3711 8348 3544 6473 469 1430 5808 7384 4765 9276 9469 6183 7999 7775 2204 2274 8393 9622 830 4824 2568 69 774 5933 7589 9104 3583 3735 3584 8540 5460 6413 2372 8954 3337 2531 2410 1411 4576 1761 5150 7906 1218 7862 9952 5374 3470 1148 1743 8723 4159 9483 3404 4242 8018 9007 7827 1889 9763 7866 9158 2871 4969 8810 1900 2576 8488 5775 8931 2899 9418 1296 2386 6175 9587 2774 9213 6964 8079 1902 2179 2233 1521 2755 7981 1341 8464 532 3935 3912 3474 354 9247 215 1814 9640 7264 8571 4310 4527 6484 3289 2052 2425 3437 2695 9884 8865 5993 5686 1580 6054 8588 5939 6398 346 828 5221 8823 4323 6950 851 5659 1936 5437 5975 9259 7840 4312 4130 229 9042 5883 7507 5367 9863 8030 6625 318 6386 2728 8337 724 5851 3852 5377 7878 6776 5369 9466 1775 2371 4149 1461 4658 5498 8877 3611 8184 6077 9026 9059 7512 9378 9236 7402 1192 3016 1204 634 3702 5131 6674 5602 8247 8582 7130 5149 3101 9349 9989 3033 2833 2505 7571 2670 9843 1993 9133 2830 8104 1943 9051 9100 4377 6238 2085 878 5303 2553 8050 2655 7817 3874 1010 9122 10 7482 5326 2991 1163 3769 6842 2275 3191 1491 8710 1736 5109 1034 4358 5006 6469 1263 3933 4309 9729 4608 5416 5140 9891 2472 9118 804 9985 3827 5336 1006 9916 2513 5983 7671 2834 7310 9447 543 6755 4534 91 6414 7177 823 1210 9450 4951 2376 8160 834 4030 65 1568 8436 6090 1442 3426 9882 9262 2241 9940 7756 972 6658 8778 8252 2586 6503 4521 7675 2040 4807 939 8205 6912 8394 4420 2706 2697 9487 2610 1739 9517 6662 7984 5749 4085 4158 4678 1528 6369 1099 6466 6862 8312 683 8986 6992 2521 4395 2665 5832 2620 9761 8263 5406 7125 1138 3728 9977 5415 335 8015 4599 2199 8270 9020 243 6263 2126 7750 2163 5409 1526 6766 7354 713 3031 3230 8760 1818 8846 4761 63 1965 4684 337 7618 8351 7952 2094 4095 2173 3424 272 5510 6495 6109 2674 9049 9497 625 485
9670 1048 1318 7765 3928 37 6865 2452 2820 9828 9713 7523 1930 6367 1235 9230 8332 6459 2987 1696 2781 2559 6598 413 2278 7338 3628 9552 4457 104 8576 8060 409 3072 9841 2129 1890 4300 6251 4247 1761 4889 4415 8441 9840 7331 14 6427 9339 1706 796 1305 5342 9561 7674 6981 9447 282 3264 1750 2069 3793 1817 3780 9401 9413 7031 9529 4019 6991 7462 9035 2008 891 7465 3436 7636 4517 8208 1052 524 5262 5427 7699 7022 6312 7149 6120 5233 6180 3330 8663 5801 3509 8156 1367 3042 5789 5891 5658 6877 70 5318 4318 2678 7994 3503 9347 118 5797 4303 652 9875 5387 5632 2031 1329 578 4550 6661 2918 382 3428 9224 9523 5210 5742 210 7549 6776 5108 5975 8998 4349 1528 6108 7615 3682 8840 5691 5330 1936 5176 2484 6475 9818 1691 8777 3186 7226 5846 9587 2513 5722 4180 50 9288 6826 5190 9712 2718 54 8494 4323 6689 7367 2875 3914 2816 615 2209 6024 4275 6210 7382 4901 2033 932 4330 296 485 8000 2312 589 7370 7283 9542 6442 1358 9832 8919 5020 3429 4022 1392 3083 2654 2751 8514 353 4181 4855 1157 4699 2102 2246 3683 3638 7567 3203 8855 7717 3449 52 8891 571 936 3536 7800 1984 5655 2469 4449 1692 3575 5062 5099 2758 2121 3478 9306 3253 8937 1447 7176 5764 5850 8793 10 7221 1835 207 3141 1148 1482 5232 1375 1454 783 8889 968 7191 7790 3969 6909 3725 5308 6303 3932 9250 4362 3951 475 9985 3566 1845 8229 1887 9899 623 621 1018 7273 1520 7696 2614 684 3523 5377 7617 3285 2585 1437 9161 7018 7106 9652 4621 7578 6023 9477 4334 9509 7989 9499 9974 746 1223 1605 5834 1962 15 1225 1208 9586 7715 3846 6307 3138 6747 5861 1606 632 3838 7895 8144 3749 544 1292 2919 5187 5304 7097 6435 7751 6707 3794 6622 5656 7274 6325 9572 487 7603 6064 6342 1194 2358 1465 3603 9511 7592 3244 5720 4577 6305 3535 2995 108 7782 5557 1908 727 9998 5989 6219 592 1771 2904 3161 7185 8981 2720 9664 2239 69 513 2442 4805 1075 962 8382 6541 6724 5423 8493 9525 4813 9494 5963 1373 1851 7038 3136 7144 2109 5860 6808 8763 5965 976 5603 2784 6967 2219 4039 3021 4954 6523 290
1593 504 1520 9991 4670 5150 9940 9790 9544 8340 7166 37 9160 4508 7286 6238 4119 9450 6985 941 9842 9229 5822 6639 9580 1194 4653 3521 8069 5921 1998 5171 768 9158 4905 3534 485 288 4368 5055 3780 1689 1462 1490 5939 8432 8918 2510 3609 608 890 4955 3616 4222 4015 73 2014 1995 763 5147 5532 4162 5918 7597 9550 7149 8415 7289 639 9747 3069 7728 8564 2730 9974 3041 3279 6071 2244 6375 1942 6280 5789 8186 7714 1336 6487 9731 6245 7733 2568 2103 9346 7615 5977 889 150 1740 6349 7103 7539 1049 8418 1690 6267 3366 3812 5344 1452 3475 7193 9688 9777 7121 3966 4796 153 6148 1970 722 8282 8672 1306 2435 3486 6 303 6394 3174 1896 5404 9556 5958 9664 4534 2125 4979 8859 9218 3002 6017 2956 5141 6723 2913 8673 6111 4311 1359 6925 2844 7359 6758 969 4284 1715 6308 231 672 8200 4935 7586 6730 6527 1791 1229 2709 9139 3673 7918 870 8925 6124 6734 5733 9295 2728 364 9296 7533 2240 7169 4445 4781 8134 8029 3854 7014 188 4204 7588 6333 272 7544 5060 7791 1062 834 6064 8637 3250 6824 7882 8016 1431 2640 7825 4320 4576 3795 3715 9588 9613 9654 6519 3379 6235 9718 3822 3359 198 2219 6334 5077 9420 2933 4703 3603 1799 9648 7710 2130 8990 8232 8590 7576 8715 7781 3047 2088 7320 9496 7861 7181 2063 7279 2624 994 4325 8587 3168 3087 4155 2304 4472 4425 8751 635 534 5572 6229 902 2573 6114 8719 6987 544 3587 4975 9653 1714 1503 8362 2799 1281 2394 6621 3146 7454 2911 9070 2359 8565 7535 1843 914 191 8612 3209 9959 1015 5160 7955 8536 8288 7481 2555 9687 4972 5245 6093 7884 7619 5183 8393 1649 9402 6506 956 1861 7348 3938 347 7667 5662 8378 9630 1276 8390 7248 3774 2880 213 4245 4453 3193 3128 1020 9171 7328 7908 2855 172 7380 7593 337 9652 6916 9634 482 5887 8747 1429 3037 4073 8574 745 8720 1785 2420 1460 1887 2187 2679 5087 7435 1679 3447 2744 7195 9291 3522 2867 7797 9878 2083 3309 116 8489 2607 9372 2454 4718 5629 9925 7764 1418 217 3451 1950 4692 783 1177 3024 1650 4200 8382 8836 8780 9889 4903 3931 6740 4542 537 9980 1850 4528 3316 3730
8087 8048 779 7671 561 909 1880 4273 4595 720 4372 9961 6318 3946 4459 7702 9418 9030 5992 8615 3310 614 5399 1238 1619 1043 5302 5482 9780 7222 4628 9180 6238 9819 4484 7743 6283 5890 8848 2091 7421 151 2238 3259 5734 9793 9645 9002 1543 6122 2824 7022 4300 4239 1337 6985 6641 4876 9987 1157 2687 9199 7470 5435 4099 9113 4527 4211 6895 4492 6155 1277 8888 4158 2405 5134 8809 4829 4306 3048 2586 4230 8127 108 5770 2647 7132 2479 452 7535 7543 5955 949 3947 9264 9578 7291 5942 8533 9580 6894 9694 4279 3404 1969 1617 1440 1550 9736 5949 2140 2698 2012 8092 2052 152 7043 5135 3607 6705 2179 9967 5127 5195 1704 9188 4650 4813 7482 3053 6597 3603 7499 4682 8468 7472 5038 7851 4859 8358 9293 8825 1653 4301 9044 3213 4858 3553 7417 945 4741 1760 8079 9636 5785 4673 5251 595 4167 5622 2004 9680 7058 7161 1726 4821 5894 8054 9595 8920 7813 2395 7119 56 6085 5165 7659 2943 8418 7390 1301 4124 9154 1392 1071 9751 7975 259 814 5727 6179 6520 3877 3145 8349 6076 1948 782 2072 6189 4535 2623 1889 7490 1465 1591 6601 2809 4996 6181 6123 7629 8898 2173 1151 3878 7950 218 3949 8867 3323 3037 9773 3608 1503 4055 7840 2039 7736 2669 2765 3723 3693 9648 3403 7171 9748 3567 4638 7195 4984 8563 3625 3132 5926 1702 9585 898 9067 3651 7978 4667 6442 9353 6922 4136 6772 3890 5568 2716 8446 1832 3794 4610 2746 2491 8077 26 2033 8927 1420 5520 2237 8461 3858 1913 2726 6461 578 2538 3751 8142 2134 3889 763 840 566 4920 1253 3645 9169 3418 9197 7867 1683 8353 5282 9452 2281 9734 6346 8395 6952 8188 3010 122 2991 8897 7375 9282 6005 1031 7684 2984 5283 4250 4157 7607 3258 929 7917 1765 2083 9009 5157 9247 7949 5420 2073 987 6411 496 8808 24 2430 5175 5674 1689 7162 6531 6697 3767 4966 2129 9885 1390 1468 5999 2222 6435 5739 3797 9018 8374 6117 8820 7649 4928 9672 8646 2160 8735 9511 5580 334 937 6329 6766 5081 4319 5471 6960 6600 8011 3120 8308 9211 5088 7933 8596 2078 4998 5784 9875 3375 2722 7255 3081 1039 6096 7985 8281 9567 4471 5320 1909 3520 8964 9086 4883
3090 7621 3844 8057 7361 5419 633 9996 7739 435 9271 6550 1287 261 3782 350 1126 7202 1956 2559 7951 8388 6703 5941 7093 8582 8222 9633 4742 9930 826 6710 9555 211 3700 6620 7406 1490 4997 4344 8877 4703 2661 7718 9607 9903 1182 6093 6942 3531 5142 579 701 6505 5216 5904 9434 9219 6865 3805 788 4246 8316 981 960 125 757 5396 195 6876 6625 1410 863 4369 8918 1568 9528 567 3083 4007 719 2932 8963 7646 3885 4922 4221 8275 4116 4100 7276 7281 1285 658 30 4604 7302 2120 26 5398 9805 621 2371 5241 5945 6299 6079 9721 7288 4899 3783 5155 3002 5075 8875 5100 8916 1965 5776 4821 9259 8932 8796 5771 810 9886 9560 4222 3073 5992 1973 4188 9822 2250 4242 9110 3484 9468 2470 600 1536 5873 577 1098 2753 9470 2073 4352 7289 9704 5659 3028 9921 7616 9840 8684 7989 845 7942 5171 9833 5070 4864 5727 9544 7398 3078 10003 1346 3560 4389 4948 9067 7016 8856 3868 3293 2350 4406 6577 931 878 6395 7037 9691 3236 8661 7551 7732 6828 6146 1425 2889 2488 7034 5283 7615 5035 6808 109 3933 5401 4206 6249 5997 5984 3561 9194 6824 6940 3928 1390 4833 6877 1423 3286 8743 1281 1452 2533 3105 9647 1963 6173 1069 3506 5101 3714 3841 3649 1733 1793 9897 2373 4844 9697 2045 9910 4796 9218 2060 1929 2915 7334 5775 16 7383 1052 1877 3230 9852 6302 480 5342 907 5642 1399 8050 3747 2294 5515 1591 9966 3687 4197 3032 9127 5113 1332 6339 8146 4705 2264 1463 5353 3727 6264 8023 4103 1677 2902 4911 1401 7653 7499 8047 9346 6673 1889 848 2343 792 3452 5813 2480 8622 282 4617 9725 6494 2396 5282 2810 3159 8935 3197 1392 4436 622 7176 7117 3818 3211 8620 679 865 3972 2663 7321 3352 5649 5013 1168 8872 692 3288 8346 5033 7205 6364 8187 1570 9131 4319 8836 7838 5801 4862 6124 5792 1645 9254 4921 9423 6399 6243 7188 4735 6316 7708 1585 1150 2438 6952 1546 3888 9330 9849 1894 4859 1716 164 8026 8511 7305 6528 5654 9024 541 8244 5266 5986 3164 2939 2570 764 9010 3320 1994 5023 9190 7618 9443 2429 3735 4676 3017 7101 6994 3216 2624 52 237 8546 5361 2139 1258 1014 9420 1991
6311 3094 6224 5353 3124 269 1591 9363 7699 7772 8292 5142 9983 4713 73 469 1919 4297 2593 599 6135 8009 6279 9446 6234 3368 1870 9020 732 4752 7342 3584 9029 3949 1622 8213 5813 1877 2627 3857 9877 5740 1357 5777 9023 5140 373 961 4327 6645 6844 2367 5432 2453 8375 3677 5579 8298 3951 1225 1958 1559 5708 7709 5787 7038 3886 9124 102 9723 6288 2656 3104 4239 4099 1868 9417 6987 9006 3511 8509 7099 6788 3476 446 1481 1177 1479 1574 7734 5828 3903 746 1973 3585 3827 5825 9502 5125 8354 2842 6211 2930 8757 7906 1707 6351 5161 1208 329 9695 1839 163 2618 640 3000 4869 9135 2922 338 2905 8716 1034 4847 3495 1678 7104 792 2849 9825 6055 3875 6304 9487 3099 228 4726 2496 4843 4289 4181 5605 3137 2692 5965 1726 7583 777 823 1699 7939 160 8217 5019 9381 4126 1512 27 9600 5686 2069 4543 3797 1773 3257 8893 924 6668 7282 5487 6546 1478 6776 5858 7955 6991 8212 1008 1 4754 6945 7336 4775 7780 6704 136 2974 23 387 8189 570 6888 3640 7920 8935 2594 5404 8011 5882 3191 1980 7199 6952 943 7900 2898 5102 7916 9729 5097 3905 349 5725 9338 7658 900 1425 2286 6500 602 536 3630 9905 182 3850 6263 2615 6239 7379 1243 8392 5306 7450 2160 1490 4394 8356 2445 9963 8683 2581 2981 3637 3512 3307 8975 4661 388 2987 2446 4761 552 454 9900 6178 4477 6891 8048 3541 2554 3337 3020 899 6627 410 8627 3690 8002 2665 6321 1109 4970 4097 2265 5665 1234 5175 8436 6579 9938 8642 5716 6121 781 29 9203 9438 7822 8374 8879 3703 418 7039 8691 993 7982 6635 8829 3621 6688 3312 2979 4034 9767 7561 5144 9586 8465 5826 4300 7001 6227 9761 8752 3895 2334 6979 587 8517 5511 1782 6474 5763 1795 8897 130 4165 8781 3142 6703 5338 1098 2150 3475 5648 9612 3304 4567 9040 6769 2244 4830 1866 9814 3235 3253 9687 3427 5169 9627 5330 2686 7156 477 331 9298 5591 5916 6449 5722 4930 2030 7281 682 4670 3605 9864 3317 6990 3407 9139 2128 7842 4404 6371 1191 8707 7824 7977 2624 9456 4249 2114 614 8161 6128 4395 3154 4321 7836 5595 5122 3946 7221 2585 2187 1134 5011 962 9132
5939 5978 3240 6355 3458 3110 2139 9753 9431 3299 9654 4065 7708 73 9567 6324 4608 4996 8034 5411 709 3405 8627 2781 2400 2976 8724 8544 4246 6804 9398 4846 7788 4207 9542 6283 7743 8136 5178 1928 6605 3868 1781 760 8292 4233 4381 5024 2476 7904 1195 7004 9726 9787 2682 7041 7385 9150 4039 2862 1332 4827 6556 8591 9927 4913 9499 9815 7131 9534 7871 2742 5138 9868 1614 8892 5217 9197 9720 971 1433 9796 5899 3911 8256 1372 6894 1540 3567 6491 6483 8071 3070 72 4762 4448 6735 8084 5493 4446 7132 4332 9747 615 2050 2402 2579 2469 4290 8077 1879 1321 2007 5934 1967 3867 6983 8891 412 7321 1840 4059 8899 8831 2315 4838 9376 9213 6544 966 7429 416 6527 9344 5558 6554 8988 6175 9167 5668 4733 5201 2366 9725 4982 806 9168 466 6609 3074 9285 2259 5947 4390 8241 9353 8775 3424 9859 8404 2015 4346 6968 6865 2293 9205 8132 5972 4431 5106 6213 1624 6907 3963 7941 8861 6367 1076 5608 6636 2718 9902 4872 2627 2948 4275 6051 3760 3205 8299 7847 7506 142 874 5677 7950 2071 3237 1947 7837 9491 1396 2130 6536 2554 2428 7425 1210 9030 7845 7903 6397 5128 1846 2868 141 6076 3801 70 5159 696 982 4253 411 2516 9971 6186 1980 6290 1350 1254 296 326 4378 616 6855 4278 452 9388 6831 9042 5463 394 887 8100 2317 4441 3121 4959 368 6048 9359 7584 4673 7104 9890 7254 129 8458 1303 5580 2187 225 9416 1273 1528 5949 3993 1986 5099 2599 8506 1782 5565 161 2106 1293 7565 3441 1481 268 5884 1885 130 3256 3179 3453 9106 2766 374 4857 601 4829 6159 2336 5673 8744 4574 1738 4292 7680 5631 7074 5838 1009 3897 1028 5129 6651 4744 8021 2988 6342 1035 8743 9776 9869 6419 761 3090 6109 2254 1936 5017 8869 4779 6077 8606 1946 3032 7615 3523 5218 3995 1589 8851 8352 2330 6864 7495 7329 252 9060 1890 4141 2629 2551 8027 1797 7591 8287 222 5008 5652 7909 5206 6377 9098 4354 5380 1859 5291 4515 8446 3685 3082 7697 7260 8945 9707 8555 7066 7426 6015 899 5718 4815 8938 6093 5430 1941 9028 8242 4151 644 1297 6771 938 2980 7930 6041 5745 4459 9555 8706 2110 499 5062 4940 9143
4034 7189 6359 995 5007 9185 426 2873 2483 9849 8720 7669 1142 845 4761 7981 9259 5751 1599 5197 1491 6621 9030 6176 2296 1937 8153 5138 8199 6014 4432 8242 2482 5044 6844 9796 4230 8311 3796 4397 179 6871 9440 4847 917 476 2955 6220 3569 4425 4628 9364 9926 8446 2016 7482 3237 278 2230 5031 4421 5422 1860 8427 784 1859 3622 8915 3986 6710 6374 3021 3126 7301 4141 960 6951 3567 4822 876 3611 6095 3364 86 314 5091 2518 7905 4331 3273 3139 9724 8515 3330 6835 6579 7360 7440 1567 1542 1501 4636 7776 4920 1437 7333 7796 950 8936 4821 6078 1735 8222 6452 7552 9356 1507 3445 9025 2165 2923 2565 3579 2440 3374 8108 9067 3835 1659 3294 3974 9092 3876 8531 154 6830 2568 7987 8068 7000 8851 6683 6730 2404 513 614 5583 4926 246 8582 5041 2436 4168 604 7568 6180 1502 9441 9652 2793 8356 9874 8761 4534 8009 3701 8244 2085 8796 2590 3620 9312 234 957 2543 7946 1196 133 5995 3200 2619 2867 3674 8600 1468 6183 5910 5062 3271 3536 5972 2762 9506 1753 4649 192 9294 3807 7217 801 3488 5493 2777 1525 9879 2765 3907 7381 8275 935 6910 6702 7962 8027 128 1984 3827 3247 8300 976 3775 3562 811 1503 4239 1521 666 5268 2408 9726 8118 7082 2581 403 2435 9370 8735 9695 9268 8968 8476 6068 3720 9476 7708 8411 3960 1864 7633 8288 3358 1277 9072 7846 1032 2666 8548 1783 8701 6437 5526 1230 3391 9737 931 7704 9205 6463 365 9978 8131 9505 6955 2773 2319 2375 1266 6252 7224 4415 6613 611 1175 9305 6627 7839 7425 9548 3423 3385 921 9689 452 7719 1224 4582 8488 3686 6218 3966 673 8882 5533 4844 6516 4855 9336 5477 5953 1530 3883 2138 3279 1948 966 5760 4816 2067 2362 8850 1878 4854 4531 3601 8080 4618 1342 1173 9702 2875 2086 3594 4466 1493 6224 2775 1922 6127 7019 76 2299 6345 3774 8764 8942 3630 7327 8987 9708 1684 3335 839 5952 6732 2007 4265 6367 9414 1 2176 5743 3187 196 8500 1304 8716 8463 3645 9353 7106 7824 5399 1422 5307 9677 2834 5221 6734 1610 8017 2113 3238 5083 4106 2904 1333 7963 2825 2004 9864 739 5788 9265 4560 2848 2442 2977 1853 4813 7666
1461 3787 2398 2922 8985 1316 7552 567 1120 6430 3130 7725 1251 5444 8718 9284 7010 8084 5042 8459 5657 1462 8592 4274 795 5897 3857 8517 4151 193 5310 5296 8075 1825 1582 4786 9240 5737 5596 8567 4233 3930 9037 1001 5034 40 656 8471 3275 3960 3082 7246 1266 7470 6837 7400 718 6171 9510 2177 1759 4676 1054 9524 9405 8009 4919 7857 5070 2901 8150 1948 2184 5373 7801 6179 7922 7178 4757 9993 1368 7237 8056 593 5966 5171 7870 7493 7275 513 1832 5196 7911 4358 4135 3369 5315 9307 7448 1197 6156 7484 4058 3643 961 2967 5056 5680 1900 1705 5388 9827 4298 6038 886 2844 4454 5093 3339 1263 3062 1209 3774 9982 8555 6615 1432 4540 8036 4563 8474 7683 9588 6708 7989 8889 358 7582 4619 7365 2662 553 3899 180 2887 922 5705 1941 8577 2248 2676 7781 142 423 9690 6475 9208 2082 5606 6582 2979 2674 8178 6397 4677 5859 1393 7278 4921 7460 8822 8654 1974 7030 4114 2534 5947 3939 2247 7878 5905 2269 3511 7149 5510 5624 3009 6726 4416 2629 2100 2033 322 4721 7132 3881 3753 9147 9187 1247 6238 1214 7785 9355 7927 1182 4130 9365 5942 9935 2874 8506 1331 9578 8693 9243 138 1217 2186 4976 1546 1925 1746 2253 6687 7154 9521 4997 2381 1293 7114 7454 6 7405 4729 5544 8882 6751 4457 9501 8967 4889 3805 8832 6669 720 5774 3255 7930 5590 9758 2984 6685 7551 5769 9251 8557 6218 5184 286 1860 9645 397 4844 7734 4468 2314 9589 1506 9865 6762 7277 116 5584 942 1735 9440 6065 530 3461 7067 1773 1897 7304 9767 6201 3555 8422 7998 2099 7235 8453 6848 213 1340 2788 5563 107 2367 4072 864 7211 3210 1852 1226 5403 1846 2417 4154 4601 931 8922 8818 9448 4477 5531 6459 2377 2087 9617 5955 2351 7248 869 1215 2583 1224 5800 8101 6671 323 9526 9008 1754 665 1681 145 4831 5311 94 9951 9705 8501 7327 198 9321 4669 7447 6399 4280 9611 7146 1102 10003 9390 5983 6800 9741 1355 4814 3682 8230 6082 2159 5332 929 9319 5066 3695 646 449 4529 5216 3941 1850 1623 1651 6100 8593 9079 2671 3770 769 1051 5116 3777 4383 4176 234 2175 2156 924 5308 5693 4323 6079 7758 9711 7310 8576
5797 2990 4791 2541 8858 805 3209 6351 3098 3367 5009 9303 7539 7448 494 9904 3321 4133 3063 5311 9398 3692 5542 8576 6747 4548 5745 3305 7309 3068 9322 8771 3064 109 1267 1565 2454 1110 7712 8132 4818 2185 9475 3418 9896 4909 9139 65 10001 9084 5979 6891 5985 5700 7234 2945 8720 8184 4503 9674 8948 2954 1930 5054 5374 1896 1796 1632 4165 6718 5301 1376 4946 6798 9435 1351 4905 9933 2568 8502 1422 5822 3031 1656 9408 1707 4288 7320 5888 9944 5388 9124 8046 1875 961 2264 8804 1517 1975 1125 9738 6251 2934 5900 7562 7886 3614 1011 2346 2534 5244 7687 8091 7953 5325 6619 9942 5785 5372 2293 8051 5886 334 1636 3371 4215 6800 9038 5103 651 3757 7650 425 8590 3968 791 5988 101 2855 6571 9463 5800 7398 412 6167 9601 8428 6104 7096 317 7 1500 346 9261 5869 8712 9772 9509 6676 3631 2640 4217 6403 2783 849 4482 8839 9580 7593 6736 1728 5123 6688 1249 5138 8714 9375 3254 2422 7462 7722 6147 3564 929 8616 8814 9539 721 9876 8879 1640 2577 1712 8299 6693 5260 4511 8086 3942 5952 7247 5368 3087 547 4387 2679 1479 9518 9893 501 3511 6446 9258 1461 3084 6146 8766 9060 736 1895 6998 9763 6292 9806 2760 411 1362 7725 548 9192 4555 9359 6430 2427 1466 7095 5519 8138 3627 3434 6720 4904 5128 692 622 4510 3281 2066 8079 328 2827 2122 6970 5314 3799 9320 9168 9319 4363 7443 6490 524 3949 9566 365 486 1485 8327 1135 7753 4997 1678 5041 2951 7529 9433 1748 1153 4180 8744 3420 9499 8661 4885 3896 5076 1007 3140 5037 3745 25 7934 4093 996 320 4415 7128 3972 10004 3485 1600 510 6728 3316 122 3690 5939 4824 994 717 663 1375 141 4922 1555 4439 2364 8968 8991 9429 2542 3656 2681 1082 3263 5639 4332 8593 8376 6419 9614 844 471 9466 201 3019 4038 6910 7217 1316 6849 4315 6964 6505 2550 2068 7682 4080 8580 5953 2045 7244 960 7466 6928 3644 5063 8591 8773 2667 3861 7020 5396 7536 3040 4873 6278 2578 6517 168 4566 2172 7052 9051 7526 5025 6127 7534 3437 1121 525 8754 1435 8245 7405 4026 9292 4719 6826 3877 3844 5391 3525 3667 5501 1704 9887 1692 2262 9201
2177 4477 8249 25 1348 3918 4130 2076 9515 8906 4705 3019 7459 6735 344 3072 1942 6093 7697 9527 6524 7203 7516 424 7206 1917 6052 825 2660 3668 3720 3405 887 360 9903 1937 2082 8324 148 1950 4505 2691 2518 1834 7517 5229 9082 9797 2964 3366 3625 7252 2793 2285 3053 710 470 8082 8157 8280 8882 9469 8030 8472 791 9409 9933 5989 8327 4556 7578 8131 3434 134 4729 8262 2448 5722 6288 4014 5088 2046 5463 2661 8473 5596 1278 7806 2901 861 5521 1155 7204 2314 2300 5079 8836 8593 1790 6244 2741 2600 5571 1237 934 6041 8012 2038 7051 7667 5475 279 964 86 4250 8277 4474 3841 4404 7729 3175 6514 9188 8770 1680 8065 6528 6409 5013 1923 4861 2074 9912 5154 8959 9195 2377 4805 3183 4926 4182 1761 6997 8379 4241 5060 7604 2970 2175 4874 4497 4279 7524 8843 2200 4915 1362 1139 373 2319 6311 4452 8208 3160 4488 1062 647 7972 9978 2060 2684 8911 8716 2392 6831 1302 3042 7897 9855 1458 2097 343 8274 66 8220 778 6986 5559 3619 8443 1544 5040 1567 5478 4687 6592 3712 4993 5893 7369 4586 1623 4369 9673 7564 903 7191 9898 7933 2709 8952 5581 9259 9687 4785 7153 7434 6694 3479 6212 9093 2610 3586 9990 9685 5182 3401 1681 2863 8404 4282 1925 4464 5826 5658 8985 4034 1118 9545 2951 943 9258 4882 2909 9280 515 4153 2514 2628 13 3730 1420 9640 9111 9044 7333 1725 4136 885 757 6151 6191 8258 3242 8225 4789 6359 4931 8193 1134 6369 2946 6939 9885 5510 8342 6582 5697 6247 7149 8228 9197 1980 8557 8936 8757 9264 3691 4158 6525 2001 9392 8304 4118 4458 7017 4409 1733 2548 5886 3755 1461 6505 5971 1893 809 5836 3673 7731 2778 259 4934 2594 6762 9995 3689 4555 2773 6255 5561 3222 2188 7297 8871 6649 7408 1848 4738 1472 9325 6593 8517 6869 3766 4281 7127 2588 7953 8746 6444 3069 7541 465 4071 8784 8908 4308 6771 3205 559 5426 5002 9110 4239 5457 3852 7224 8351 9799 2567 7118 9378 1076 7875 4215 214 8863 8237 2407 8857 9428 1158 1605 7942 5926 5822 6452 1481 2535 3463 9388 9098 6621 2959 9362 4252 7880 8226 9594 8235 2804 5105 3675 7334 6530 6012 8765 7676 8692 7156
8818 3134 617 4895 6307 6221 3278 2054 4850 229 1857 8930 916 582 6839 689 610 1281 3182 1096 4880 4281 8102 5162 8346 6763 5768 8139 2821 7709 8120 1589 2086 8505 219 3842 177 2172 1441 1443 1046 4798 544 4375 9457 1380 8548 6694 4454 8786 9486 627 2910 5053 4965 2419 7450 4493 6048 2594 7737 2562 4082 2572 2097 1318 841 459 6237 102 2049 839 856 2485 4356 8225 5764 8933 5324 6210 458 1432 8233 4176 3927 8322 1520 772 9152 6884 6767 4974 5636 4320 5364 8277 5449 6415 4797 5746 2499 1577 4468 6007 5729 870 9713 599 8468 2560 4479 8827 6351 7494 5766 8536 9076 1956 4289 6514 156 1337 2073 6082 5852 1472 293 9167 8910 4886 3090 9351 2407 9832 1995 1551 9629 7266 989 1102 3689 5530 5347 6648 3578 2546 7258 2577 6108 691 213 5033 8935 4927 9962 6211 5263 3308 6106 1088 6468 9287 5104 9852 8032 9050 7117 5548 1774 388 5320 7004 2961 9940 571 4019 67 3993 5228 5252 488 5484 4471 408 1350 4496 449 8222 1356 3305 1698 5467 2842 8544 7488 6957 7287 1824 470 9057 724 8673 6899 8793 3093 3752 8035 3451 2738 9174 2517 8011 8215 7749 180 6580 7069 5069 1789 2414 3439 5120 6676 8027 5039 7744 6176 7207 7697 495 9098 7596 5533 9755 2269 7204 3289 4874 5472 6853 7917 6860 1524 9985 6649 8383 4422 5131 9496 8649 1656 3797 4106 7815 7093 305 6785 1401 9383 6062 9822 3980 2805 878 8125 5600 1459 7877 4793 6540 5002 78 6813 5850 1869 6548 3414 5079 9811 1160 2183 4261 2065 7670 851 8481 4983 8853 1190 6235 499 8304 5093 7032 7410 2426 1057 7618 1166 992 5510 9317 9156 6090 4264 6473 3291 4477 9224 2599 1741 1935 3454 7146 4795 6143 8754 5831 637 925 3799 3709 1560 2839 4136 1860 3331 6544 4208 7582 8312 3505 2026 401 7743 1371 5331 9824 3583 6557 6631 1949 675 3389 5038 2939 4300 9334 778 7961 8133 4012 6460 868 103 6854 2715 8736 9404 6897 9190 9348 8006 4204 8376 808 2006 4371 244 3883 7049 9039 4297 4926 5157 4335 7390 6396 3565 123 2884 207 6224 7686 7682 8476 972 9480 1818 1661 7808 3479 7187 1660 3003 1603 9314 4748 462 638
458 4246 2853 4171 2730 3569 2143 5008 1701 2682 3090 2158 7034 9827 798 6805 245 1495 3545 6907 12 2714 6745 2148 9019 1074 2054 7664 4856 1852 7733 6170 1205 1068 3245 6415 7611 366 2494 380 9722 6630 9965 3426 5511 6929 5652 3958 9986 4261 4879 2290 846 7284 230 9476 5426 8791 6304 4627 2277 8430 2910 7867 9592 2414 6253 9747 6671 6830 286 8367 405 9763 3495 6825 6282 8994 1033 5189 797 2000 8376 3622 6633 4366 9054 9137 7672 3268 6853 724 1480 1519 8788 1896 9006 8658 7687 5294 4972 8847 5195 9613 3249 5621 5108 1865 149 537 3575 952 6257 8953 4168 8329 7948 8524 4265 4085 9794 2345 4939 387 3329 9755 5083 1824 3284 3677 719 7476 2146 9416 7329 6308 3833 9781 9929 565 8024 3445 6743 2545 5267 5328 8230 2582 2926 4691 9587 8410 6880 368 2097 4132 5468 454 5040 5356 2672 5075 3412 8290 679 5409 7162 4433 758 4738 5261 6519 6981 5337 1440 9459 3797 6920 2435 7088 9115 2032 2024 3612 8618 5620 303 9996 2276 3625 1034 9994 2673 9880 5288 6163 7598 7950 8127 8017 9838 3618 7427 6869 7555 1475 7515 9415 2524 4432 5960 2862 7388 9607 4440 4372 7863 379 4917 4754 2085 6514 2970 5964 2068 4885 1099 2095 4529 1716 4708 1209 274 742 7914 5266 523 6354 4709 6014 2150 8622 4826 7807 1488 9938 3782 4894 4316 8972 5400 3945 7563 9894 2509 2406 7841 4746 3673 1513 9979 647 1754 7172 2448 9511 3482 4402 1908 6624 1149 2177 8266 5443 413 8175 8496 9823 1592 9308 8753 3840 3388 3047 5690 6422 1218 3491 7619 8785 7495 3378 5032 6944 7678 2077 8102 7976 2966 6758 4571 3386 3444 1938 669 7394 8416 5689 1617 9349 5618 700 6244 6530 9801 5959 8064 5512 1727 7528 1831 6898 6802 5844 5874 9926 6164 2396 9826 6000 4929 2372 4583 1004 5942 6435 3641 7865 9989 8669 500 5916 1589 4900 3125 214 2645 5431 2795 5677 3999 6851 1121 7735 5773 4957 6821 7076 1490 9541 7534 640 8147 4047 7330 1106 5709 7654 6841 3106 8989 7029 5816 1425 7433 5678 8804 8727 9001 4647 8314 5922 398 6149 370 1700 7884 1214 4285 115 7286 9840 3221 1172 2615 1379 6557 9445 6576 670
2194 4130 100 9502 4507 318 6257 3188 6961 3542 6741 7184 4308 4795 3192 6167 1039 8240 4839 4465 8655 7521 2459 6566 6897 6239 6761 3214 1800 2283 1474 6952 325 9871 6313 2079 1940 4514 3932 9382 8313 5359 1315 3489 2251 7826 6962 8347 8617 5057 1220 7336 4157 9751 112 7120 7005 4815 9229 3659 8534 6522 5624 3751 279 8995 73 9858 3890 7712 9577 4630 920 6844 1749 7403 5868 5352 7708 364 7133 9428 9189 1592 3543 1539 9060 2181 1707 5733 7132 4623 7313 3719 6631 9005 8095 8604 2634 6853 4966 4273 6739 7581 556 9049 9368 1085 9116 1072 6693 6705 4323 6821 1311 4283 4754 6327 9307 8190 4757 728 4928 1809 5500 8351 7823 2554 2719 4991 4314 3604 4441 3412 2525 3472 622 5955 3093 801 5448 8666 334 3081 3183 2950 4169 7369 2610 1610 9977 5286 795 6639 7417 3089 1595 7951 7167 2679 2924 9330 8628 7877 1842 3953 210 7681 720 6516 6815 2502 3034 7509 4841 4068 2400 3267 6290 1641 8827 3400 4907 974 6132 2983 2622 9235 2468 9783 3767 7110 8990 6069 478 4518 3138 6879 9812 3014 1472 7349 6580 4118 2482 7004 10 7353 5786 1615 3981 4659 167 1206 108 7914 9508 3316 1567 3502 4674 2193 9332 8231 1622 7595 7784 5292 9611 7888 4662 4575 6834 3734 8657 7124 6211 2312 721 1314 8691 375 9953 43 5806 7652 1473 2147 8456 1991 9401 9545 975 930 4859 495 6147 5009 741 7351 6183 7870 8235 828 5092 9283 2947 9768 1741 8991 867 2354 2391 50 9420 770 6598 545 6229 8746 4468 3056 3142 6085 7309 4513 9134 7506 433 8447 8781 2524 8674 8753 8082 6181 8267 4483 5082 1261 4201 1017 2600 3595 1224 6542 1654 1243 7774 7277 858 9144 5521 9186 7191 7922 7920 8317 4565 8819 4988 9913 7983 815 2669 4909 577 9884 8736 6453 4310 4398 6944 1913 4870 3315 6769 1626 6801 5281 6791 7266 8045 8522 8904 3126 9261 7314 8524 8507 6878 5007 1138 3599 430 4039 3153 8905 7931 1130 5187 5436 1041 7843 8591 211 2479 2596 4389 3727 5043 3999 1086 3914 2948 4566 3617 6864 7786 4895 3356 3634 8493 9657 8764 895 6803 4884 536 3012 1869 3597 827 287 7407 5074 2849 9207 8026 7290
1077 5150 2223 7830 614 1989 4244 1938 9364 6332 7764 3708 8264 4528 5606 1770 2684 1381 4848 2128 1670 2520 3914 7401 711 7752 6090 5766 31 2634 1299 1111 8408 5965 5561 5699 8327 7033 3710 7867 8280 1352 5601 7766 3311 2009 274 9437 6852 4614 8549 2994 9895 6002 3220 5062 9684 2854 7664 3544 790 7081 4189 7852 6254 3233 7485 4051 5224 7548 6556 3328 3638 2145 3299 4391 7783 4940 3880 4143 6976 14 1005 9435 7249 862 2796 9170 4813 4072 6059 6916 1917 8529 6964 2396 8514 4938 4277 391 1223 6190 5930 7505 81 2716 5036 4838 4113 2924 3776 4773 2005 1068 1933 5353 6959 8392 9141 5566 9710 7700 6405 8284 558 3098 9265 966 2166 4134 3759 3144 134 7206 4394 2184 561 7506 4886 4592 2909 1750 6654 3889 7360 3846 885 3234 2283 5927 3097 4460 9097 4293 7222 1218 2179 6557 8133 5514 18 211 6932 8748 8524 2953 3023 9142 364 1579 5573 3317 818 1523 6682 8338 9853 4332 4484 4333 9289 6209 7162 3121 9703 4086 3280 3159 2160 5325 2510 5899 8655 1967 8611 694 6123 4219 1897 2492 9472 4908 225 4153 4991 8767 9756 8576 2638 505 8615 9907 3620 5718 9559 2649 3325 9237 6524 9680 3648 160 2045 3135 6924 329 3523 9962 7713 8828 2651 2928 2982 2270 3504 8730 2090 9213 1281 4684 4661 4223 1103 9996 964 2563 382 8013 9320 5059 5276 7233 4038 2801 3174 4186 3444 626 9614 6742 6435 2329 6803 9337 6688 7147 1095 1577 5970 9572 5072 7699 1600 6408 2685 6186 6724 1 8589 5061 4879 978 9791 6632 8256 6116 605 8779 7374 1067 7135 3477 9086 1473 6600 4601 6126 8627 7525 6118 208 2524 3120 4898 2210 5407 6247 9626 4360 8933 6826 9775 9808 8261 120 9985 8151 1941 3765 1953 1383 4451 5880 7423 6351 8996 9331 7879 5898 3850 91 731 3782 3582 3254 8320 3419 585 2742 9882 3579 8853 2692 9800 9849 5126 6987 2834 1627 6052 3302 8799 3404 8566 4623 1759 9871 759 8231 6075 3740 1912 4518 7591 3024 3940 2240 9459 2485 5858 1783 5107 5755 7218 2012 4682 5058 471 5357 6165 5889 633 3221 9867 1553 727 4576 6085 1755 658 3262 6732 8420 3583 8059 189 1292 7504 5283 840
6413 1012 7365 2173 2064 8690 4346 6028 2382 5609 494 111 1084 3080 7154 9032 6508 7172 5459 248 8914 9917 5958 6270 4380 9286 6124 3340 5579 6449 3873 4852 5657 973 96 9065 4961 9038 5317 8421 2704 1734 4146 5700 7448 708 7667 2268 8224 6784 2421 2871 3609 7221 736 2109 4761 8710 376 3520 9877 3891 1279 9404 2715 4554 4768 2317 3501 8645 8275 1664 8034 4471 6233 6721 9923 4767 7519 1625 765 1356 9130 7069 887 7160 7841 7757 4417 6945 5487 4697 1400 396 9557 7369 1379 9568 182 2001 6185 6242 9938 6793 5638 9748 4480 9450 3591 787 6996 367 303 3000 3020 9057 6549 4037 2319 3104 2390 4021 5495 3109 6401 3394 4867 7683 9099 8219 2773 3048 3499 9042 4523 5918 4203 9396 4303 9560 1770 7007 3187 925 9624 9080 6987 7157 3433 2129 791 6202 7871 1802 655 3177 2910 871 329 7846 1761 3790 6317 54 7395 6225 8309 4922 1769 2202 1311 3052 2705 6539 6022 3573 4360 3249 8632 5852 7297 5664 4587 3221 4183 3359 6811 2065 3488 6222 3901 9301 8150 1459 3695 157 1960 9320 9382 7082 3310 1527 204 7641 7429 9483 2044 2653 6854 8540 4100 4824 1208 8487 9617 5466 3862 2032 5035 4356 4043 1128 4353 9642 5507 727 8899 7891 7839 8154 665 1192 1656 9622 9477 3235 1404 9609 7054 8868 9041 9725 4042 6330 2477 1762 8595 8193 7934 4307 8766 9274 8506 842 1082 3477 3402 3279 2677 2090 3529 3087 761 2150 1626 5570 3232 7003 3981 3428 8125 1418 6830 3297 9111 5837 5271 7545 6471 9513 6096 8898 3086 5963 274 3753 8658 691 6038 397 4355 9245 9259 6480 2723 2966 9769 5315 8818 8959 5988 315 618 5518 3547 9521 4508 3892 6084 1273 588 1466 7309 3282 7085 7718 7155 3830 8384 5045 2371 2789 9879 3494 5031 5150 6546 9636 6698 9485 1647 6405 2600 2364 9182 6754 8376 6633 7377 9798 4562 3180 7318 6499 3955 8589 9384 6685 7062 7280 4035 2716 9359 6644 190 413 1179 9240 5248 7107 3351 8399 7071 490 905 3587 1581 9499 8875 2648 2843 9167 4728 250 8517 3662 1704 94 9462 1209 3285 1486 3339 774 4573 6000 7940 3116 8 6519 9992 6081 6872 4967 7847 6566 5666 4190 6973 9936
9528 8067 2869 3951 9328 7739 7935 9057 6494 9896 5068 2754 1761 3735 2169 2803 7045 5596 8023 1596 1463 2846 3513 6208 6625 8910 649 4313 7520 6375 8500 1978 5692 8981 1566 7418 6608 7281 8785 444 9981 3206 2102 1092 1437 8007 4772 1468 6857 2886 5580 1192 1601 5474 2219 2885 775 9323 3728 8562 9685 1920 7198 243 4848 6396 9335 1346 1053 4175 4892 7669 1816 7828 5279 5902 7324 5253 1056 8583 513 1288 2559 5444 8174 6647 4543 1893 7554 9633 2235 9716 770 5312 4355 9190 5111 9229 2373 2337 9483 1989 8512 9603 8190 3471 4538 7889 8181 254 7668 7018 5952 7406 8990 4783 4288 7479 9510 1633 9129 2209 4870 2029 572 4587 3166 35 6108 6461 1436 3202 2896 3595 9945 345 4615 7615 2528 6594 53 2535 201 3178 7660 8606 951 4408 3673 4469 6575 8828 6919 586 1808 9416 278 2904 2007 4939 3343 9932 7929 241 5245 2644 3582 7522 5978 2245 7731 9523 4056 3496 4579 4754 5041 3110 1144 1122 5489 4245 1004 8898 3031 1815 3023 3403 8029 405 2712 91 4999 1440 2408 393 5094 7600 502 8475 1937 8827 2114 8717 3935 2497 7744 1939 8430 5866 4463 7766 7579 9674 9107 6576 3626 8795 8466 8727 1950 1243 6488 1080 3819 5509 275 8503 6386 1313 2600 2309 5034 9503 8026 6004 7091 6472 4256 3824 9520 9655 7875 953 4011 7425 215 399 3903 8849 7754 9961 7176 4610 3604 3155 7222 5486 9844 5383 5272 2288 4199 128 2658 803 3765 6221 9048 3277 3019 4197 525 8913 5057 9941 1139 7118 6116 4873 6437 6200 8213 3909 7658 9003 7206 8662 9849 9394 4645 1660 8773 2826 7483 8716 9137 621 9871 5027 5889 4901 879 8693 8699 7508 8757 6002 7488 2720 8510 10000 4438 7725 707 2807 6251 3093 9522 9258 1620 6706 7842 2500 2145 7567 2049 6609 2079 654 8324 6893 5747 3067 4676 510 6887 6938 1818 7431 9031 1648 1148 328 2986 5744 8666 9055 6891 6144 9322 8930 6686 1805 5008 4657 9285 1264 7323 448 9187 703 3601 8754 1594 1860 9101 7767 2377 1543 6980 3488 6167 9760 2043 7800 830 3409 6838 1654 9964 1577 231 7230 3898 4838 8381 582 2602 1912 8786 5249 1850 1079 9021 3633 2402 1584 3845 348
9743 7799 3410 9021 1011 9890 3637 8993 6569 7397 3151 5394 5470 391 2869 1329 6809 9792 3076 5271 4868 9811 4308 887 4483 1174 2552 9215 2530 3575 1286 334 9180 4474 7964 5682 8344 301 720 2608 8106 7516 4547 8484 2532 3178 5038 6087 3004 9556 9894 2843 6490 8068 5052 3308 9254 9799 6690 8396 9993 8209 2081 7642 9557 4692 4719 4363 4980 7593 4273 2831 8872 5570 555 336 8783 8226 3710 9513 3419 2231 7888 754 5866 1841 5247 9632 4815 5321 4950 3541 8035 6599 1442 9396 1626 2893 6572 1798 8779 9020 6213 8014 5764 2074 4028 6432 9574 6321 6590 8232 2519 755 664 3717 3120 6544 7356 6286 8534 2614 6915 8765 1792 9970 7771 8968 6528 525 6291 2538 1987 6287 3332 4490 4788 5677 4333 928 1348 8041 5408 2691 6641 3112 8132 2355 3288 3217 2300 9202 107 9208 8923 450 6168 1936 1400 7726 2890 2164 6177 5153 8277 8597 5119 5019 4855 7388 9941 8524 4599 8169 14 2651 4574 8128 3149 5791 1718 4645 9045 6254 4879 2624 4930 7511 536 9111 3160 8611 2340 1262 5098 4184 5487 2020 4740 5198 4348 2954 9474 6157 9123 778 1102 6837 4234 5569 5757 8467 903 1307 1169 8548 9842 3158 9008 8595 5516 1267 9109 3557 4859 6594 7438 16 2254 8326 3874 6980 866 3648 1806 7191 4014 9211 3324 6078 9794 2679 9023 614 3635 9390 2817 1644 9327 312 3540 3230 4723 3569 2477 9092 1928 2988 2725 9899 6854 5863 7440 9626 6006 4072 7705 2055 2796 809 9959 4951 8346 9911 4472 8361 1930 2591 6477 5645 678 938 9370 6787 4152 1832 2030 2755 3944 3092 2095 4863 5800 4935 1515 9916 8483 7734 1302 7165 9175 463 8591 6310 3770 7610 5902 4702 2734 3109 3724 6734 9669 2474 4684 6307 9369 1982 2276 3959 5118 214 2979 9515 3022 5983 3634 4585 941 3771 2408 7778 2575 9653 5650 4689 311 8742 1354 6850 6657 9943 8127 8351 3915 3845 7733 6504 5289 1295 3551 6050 5345 186 8537 7022 2536 2384 2535 7586 659 9713 3747 7172 2782 3588 3709 4708 1543 4358 969 8220 4901 8264 6174 745 2649 4971 4376 7403 1960 6643 2715 1877 8108 7119 8299 4230 6363 8260 6968 3248 1150 7316 4219 3543 7638 344 7195 3220
5437 7395 9005 9644 7890 5814 7613 5760 8325 4526 3099 1159 5983 9091 2580 9114 3018 2227 4132 1252 2533 3433 4909 2126 9170 1909 7213 5104 8450 4731 7438 5473 249 6492 3121 6799 7227 2325 4693 4974 4234 1019 3752 6633 150 1126 7530 7225 2722 941 9228 403 5944 1822 9472 2004 3366 3198 6525 1574 8665 7085 491 8490 6798 2422 449 6820 8062 1693 54 168 7560 1270 8967 7180 6651 6584 4873 9272 1676 8432 8304 3691 3731 5798 782 5765 2329 3899 2471 5733 8681 3909 486 4479 7425 3050 5882 4122 3237 3787 4689 5768 6737 9527 6097 6476 6297 6804 1231 1698 4065 9548 6932 5844 1658 1998 4557 1949 9280 88 3426 1295 9008 4045 3511 9440 8356 3376 1213 5271 318 7806 2474 134 4302 7535 1229 2095 313 3795 3101 762 9735 4837 6411 4189 4948 9395 2278 9019 6865 4133 6057 4409 1306 1821 4667 128 5493 6286 3984 609 5081 8012 1611 6324 6448 1848 4311 745 8106 2966 2542 6650 1779 2997 1392 4764 5891 7339 107 4658 6918 8623 5415 1755 7761 6403 5777 9954 6397 6968 8705 9152 5482 3466 3362 3992 9028 75 1003 6928 6638 4161 499 6902 1792 5420 5766 7134 5775 344 2645 1215 4874 4070 3552 6305 5216 6232 4696 9382 9862 4645 4495 4249 3045 1871 4749 3865 9220 1991 943 8831 4155 1690 5653 4547 3934 527 1344 4285 5906 9365 8233 2774 626 6710 9883 5480 3863 9617 8246 5197 5000 9080 9767 8492 6401 6174 6202 644 3137 3623 7222 8321 5320 5602 9667 8328 8934 8727 4785 6726 6707 5475 9859 237 8874 623 2302 4255 1854 3120 1994 5351 4452 7781 2433 3269 7442 4679 7753 7991 776 6956 1080 6654 985 494 2891 2419 6048 1192 4436 950 2438 7280 6815 4051 2320 682 5601 4862 6452 1054 1808 2244 5761 3123 6402 972 8078 8524 49 6164 8187 1898 4393 4482 1826 8678 9508 4865 853 6682 5434 2987 3377 6018 7147 8198 4718 5015 1099 7886 6608 109 4261 663 4369 9246 6837 9691 3564 3923 7714 722 7668 9853 1428 7625 3378 816 9023 6071 1630 7556 2064 1463 5681 8996 6427 1013 4943 5384 2905 9647 2291 1435 1232 6503 5941 7421 3844 8385 2623 5582 3630 829 1439 438 4000 7440 5076 4001 2238 6952
7758 8877 1906 9687 1233 8183 9574 8653 6342 9757 7352 9412 782 2640 4086 7258 8057 4564 2438 4155 8572 7410 7906 9520 9365 5108 4531 3985 2289 8714 9244 4109 7696 1170 5678 1463 2556 746 9786 6599 3774 9148 3151 7726 5222 1916 7702 9986 6927 8715 4042 5985 5569 8089 8219 2428 6140 9826 8666 8765 4124 9722 9296 3794 5178 643 5214 3504 2701 6988 1610 8401 6329 7334 2978 7042 898 9635 1548 694 94 9117 4301 9612 1110 7581 8987 85 5900 7431 8741 8888 4726 302 7857 4236 7504 9261 5738 9567 5039 3217 4632 8954 1632 4034 7573 568 5091 2902 2114 8427 1168 6075 7718 6810 6922 4704 4669 6613 995 5391 3394 4522 768 5419 7843 7015 1254 9018 8942 4014 1536 3076 7603 4620 1329 9141 9544 4601 97 3518 9929 3231 1853 5197 1875 830 3119 4071 5232 9938 6448 8730 6068 4104 3685 1797 6306 6896 9865 5928 1873 1227 9374 8325 1401 4856 4518 1562 7922 6344 9360 1097 5158 4613 7722 6016 4419 6203 2324 6770 4855 9720 9693 42 9432 6819 132 1574 5540 8842 3850 4069 5629 6186 695 4899 986 2174 6524 3651 8546 2564 9165 4780 9597 9091 9462 864 6377 7813 2963 5016 2779 1512 7840 2607 5633 5392 8199 6398 8648 2331 377 7980 4838 8091 7822 6180 1886 3650 3741 688 1285 7868 7056 8126 5878 1791 7497 5647 2613 4442 6641 5444 7884 3880 8121 1867 2418 8125 1073 9922 9624 8735 72 3477 3057 6371 9004 1714 7771 1293 6280 2050 1117 1188 2105 5210 4298 5204 5489 3955 8244 2469 3005 6686 1515 2241 8235 9259 6135 5815 9293 9393 9557 7024 4471 5888 9813 6243 4391 1754 9838 6284 1256 8621 2687 9767 5367 8158 9533 1781 9482 6901 3869 5301 1245 5801 2065 3143 9314 221 8925 2385 9672 9214 57 1451 4938 8255 5289 3627 3303 7575 171 8843 8655 5945 3502 3098 3236 5864 4570 1247 5404 5817 8896 3138 5303 848 9553 7818 6974 4389 2151 6086 531 7432 3539 757 2599 7221 391 5201 1081 8334 4618 1726 5389 3791 770 5022 1588 2761 5085 4093 865 1175 9689 836 1928 5320 2477 1417 1680 4513 7558 8549 6972 4786 8406 333 6707 2350 1609 3596 4453 9461 6066 4501 9940 6051 2475 1814 7935 8767 3727 3467
6328 2747 8082 4823 6283 6676 3718 468 5145 2408 321 9307 6832 2773 2921 3564 1016 6444 9742 5544 8266 8327 1222 5581 5925 7690 2579 1402 9879 3367 5096 7131 8467 3453 8039 8355 5671 8074 6411 1282 3678 8408 154 7432 3757 7737 8260 9518 9980 8336 4439 2451 6796 9919 5434 80 2107 5031 5023 6611 1610 8619 3302 2988 5275 6624 4033 2986 5672 2872 8287 9162 590 942 1119 1009 2830 6617 419 9868 547 4474 507 2407 5523 7431 8959 5861 380 2599 7439 7371 855 3378 7916 7753 5084 9513 5969 8963 5067 7884 4098 5094 7528 4715 7707 4208 3273 3741 906 8265 3522 9353 7708 9013 5149 1614 7825 799 4487 2930 6781 7893 7315 1964 8399 6944 555 2886 5508 5405 833 7745 6672 4512 2971 3646 4753 164 5447 2503 6481 7401 4907 9623 4148 5176 1258 8442 3412 1167 1488 2815 4591 2300 1745 6839 6387 6046 8689 9421 4217 6490 611 1777 487 6377 8031 9943 670 5076 1094 968 5965 9757 7570 6385 6443 4937 3668 386 1408 8688 4616 2341 8617 3699 9243 9529 2793 8958 1056 8511 4726 520 4830 9897 9801 8843 8873 2918 9163 5395 2818 8999 7928 5371 7582 4003 8941 9434 6640 857 2981 1661 3499 8915 4588 7899 6124 3213 5644 8430 5794 8676 6998 9850 4120 727 8772 7956 9820 68 4489 2533 526 3639 1139 7046 322 4105 8708 646 9840 6105 1981 21 8815 4424 425 8677 1796 1719 1993 7646 1306 8921 3397 9148 3369 4699 876 4213 7284 3114 278 2832 6220 4171 5614 4378 9556 2437 9575 3669 5191 3284 6561 1528 4882 9582 7283 8316 8409 4959 9308 1630 4649 794 476 3557 7409 3319 4617 7146 486 1572 6155 2063 3758 2535 129 7391 6892 870 5404 6035 5869 8799 7600 430 2681 1169 1091 6567 337 6131 6827 8769 3548 4192 6449 3746 4917 7638 2894 3920 399 3831 3055 6986 2225 1622 6237 5800 7485 8247 7095 5606 5966 4555 9446 4258 3355 7478 4633 3970 481 7568 6782 2691 9191 9844 5311 9485 1520 6470 4581 4285 2999 8095 7246 650 9046 3602 3480 7683 8972 8284 4754 4969 7323 376 3393 9942 5872 3200 3221 4056 3424 8792 3986 7312 7563 2771 3318 9819 5270 2613 4660 3614 1098 174 3462 1249 5225 6542 296 9266
8205 7994 4846 9290 7772 8885 3105 9637 3938 9402 5554 8850 5049 4019 8334 7405 6682 5096 9700 6443 7506 1644 4439 5020 4772 3965 9046 6171 1456 1729 2577 4368 4103 1667 4877 8140 5886 2990 7447 8352 3832 422 6838 4151 2146 4862 6114 7767 4874 3732 258 9371 6704 729 937 9684 9619 7511 5655 3812 4392 9346 6663 3864 4077 6828 6136 3400 6118 6973 2371 5231 7920 9528 557 5058 7236 5204 8276 8911 7951 8378 8678 9170 1571 3919 8170 9938 9235 3679 5775 6 9358 4281 6362 8574 9800 6607 4973 9098 5856 8945 1202 2113 6409 4248 7909 6708 9942 8441 1176 7274 7668 9515 8141 684 4866 5320 5264 6373 1387 415 3224 1026 7028 6464 8341 1012 9807 214 8098 4216 4254 6718 7957 7187 9927 6415 3057 9158 3953 1421 3673 6966 8764 2106 2795 1123 2784 8310 2162 1686 6109 3756 5501 4360 5691 6673 1879 2823 5572 5277 8796 5761 2785 3108 4038 9566 3021 6297 6466 7944 4764 5553 4045 3173 6146 1415 4864 5717 1512 620 7563 5340 1294 3865 8882 8704 4009 312 8659 7938 5955 4304 6800 1687 907 5632 3374 1272 8232 7638 5463 1896 4452 7443 9146 6335 8930 9183 3994 8293 533 9822 2240 6217 2332 7969 4805 2418 905 6029 9629 5526 4401 2556 3533 4735 6306 9683 4814 5635 7782 6900 1851 8381 3079 4791 5197 4662 5786 2826 9980 898 2415 6504 401 6003 4783 6785 9668 2788 7516 9666 3185 3764 3913 9361 8689 1983 2193 536 4223 7868 9843 3075 5585 7700 3163 8131 2669 6120 6576 6123 977 1744 4603 2487 2219 5382 2964 2601 9611 9099 654 814 9082 9032 8950 5213 1486 5781 8822 600 1526 7848 3806 5583 8097 9418 2378 8845 1038 4646 8962 2831 3984 271 1787 1071 3099 821 2689 2150 4068 3611 9266 2529 3889 4118 3693 2996 6256 9601 1077 1908 2070 9941 3636 9307 9401 749 6974 7176 7107 5793 6440 3098 6023 813 4277 7156 1070 8301 8952 4816 5238 1527 2646 5682 3456 5009 1952 3343 2422 111 3526 1121 3181 4558 6416 7862 1027 1826 8340 6214 7931 2341 1179 1675 3289 3134 8884 8307 7761 6065 2483 3013 7885 1465 4946 9454 5239 6332 4522 3555 368 7550 2917 6927 1495 8998 5692 1471 3755 696 2484 7818 9761 9345
9989 3955 864 9004 4341 4299 2629 3893 3164 2769 6124 5622 5199 4105 1110 201 5515 1421 3513 8545 386 3817 8243 291 7664 142 2216 814 8922 604 572 6924 6934 4949 3695 2439 1580 6976 6619 2431 3168 1975 3621 7121 2854 4262 4970 4530 1807 6948 2170 9945 2682 8383 2522 115 2572 197 6309 3924 2014 883 229 9964 3914 3999 2137 1485 816 8525 4356 6325 748 2009 6879 856 585 9347 1301 7319 3579 5451 4118 3533 4575 7885 1305 6525 1076 6950 1773 3690 8435 2207 7604 2045 9740 8350 4069 8256 2714 2031 2512 2100 3826 1453 7168 8535 2371 5071 9499 1150 2268 499 6404 77 108 8965 7079 1184 5526 4241 4135 5162 6446 1747 8851 9694 7474 7836 6028 4664 5229 8157 7355 6440 2938 7602 2442 5988 2597 238 3174 784 4870 4366 4340 9501 753 6020 6252 228 5159 2038 6126 5225 8951 9858 4941 5283 7445 8589 1659 6305 4718 4517 9391 2574 9807 54 9677 5845 5965 2159 7125 2060 1759 6469 2185 1964 801 6499 6237 8209 7040 3922 2411 7138 4483 6133 8839 2069 4976 3339 3056 4193 3656 5177 8472 9873 6967 3402 5561 2297 9753 766 8443 619 2598 5043 5050 8664 1782 6907 5305 3078 9833 4900 8418 578 5733 8183 2194 5181 7678 7370 8466 1057 5718 6157 4075 7065 3963 9283 3998 7339 9616 2943 1606 1815 5360 7171 2936 7999 8697 235 8773 5163 1244 3623 6724 6606 8 8801 9612 3737 4109 316 7705 7014 9083 3670 2398 4715 109 3763 8955 9064 2438 6782 5100 8746 5519 627 1010 37 8048 3974 2096 4620 3956 5669 873 2214 1211 5170 4858 6748 1842 5004 7788 5549 4679 7255 6276 5471 148 1025 2063 6167 2090 5811 2707 8424 9394 6982 5428 3680 413 3461 8860 2904 4344 8707 8257 7519 3907 385 9019 6367 2418 745 7608 1251 7237 9849 1724 8413 6574 6360 8811 7627 2483 2853 9464 3094 6657 4895 4407 1205 6361 3609 9503 356 9772 1998 4059 234 3968 3287 3371 6711 4183 5641 6431 9728 725 1571 3759 9749 1560 939 9127 4943 4886 1190 4335 5490 1380 6648 1678 7537 334 4132 754 818 8128 8108 2071 4579 7091 8809 8024 8738 7107 5633 8019 4727 7734 6261 3445 2029 2909 8355 8080 7629 2086 6605 5210 6925
8795 7724 5167 7378 3799 8737 9230 6436 653 2777 1457 3295 8711 4384 7695 5920 3009 5440 8226 5590 8472 6794 9646 3916 523 8568 7752 9616 9871 4285 2329 322 3435 935 6842 118 3901 8504 442 9636 5901 1777 9824 8611 4220 221 8473 1592 1515 1789 7442 1102 8717 3193 8944 3165 4495 672 4009 7080 2910 74 2628 6016 3967 5410 4174 9352 2233 9371 3465 4987 3080 6357 1324 4678 9378 7079 8112 8205 4755 9104 1426 4445 590 272 3353 7205 3115 4413 6942 282 1368 5951 1859 3554 2331 9932 7187 6688 666 5200 5831 5665 8595 7396 226 2477 965 887 6363 133 5927 6623 8565 3344 3988 6245 3542 4713 7434 2690 3716 195 3627 2851 6782 2021 1418 6033 5596 7281 8043 6891 5402 5762 4351 9242 4054 3151 7274 4429 3766 277 7364 6578 2487 8987 9640 5107 9281 1316 6266 4377 4081 2795 7891 7042 446 8842 3398 3276 7479 8768 8080 4550 4765 7119 172 3189 9738 5668 2996 3017 3852 3220 8588 3782 7108 7359 2567 3114 9615 5066 2409 4456 3410 894 9977 3258 1045 5021 6338 92 9062 9763 5709 9868 9884 6708 6703 2692 3319 3947 9380 6682 1857 3951 8586 4179 3356 1606 8743 8039 7685 7905 4263 6696 9085 194 8829 975 8909 5109 8884 5068 2012 8208 9163 4725 5052 5188 8213 3167 4098 4424 9762 904 7992 2004 9796 4162 1727 9742 4874 493 4516 1507 3377 2441 8111 3400 2879 1224 4514 1904 9632 6695 4280 8325 949 4063 6368 4144 5300 5995 3132 6042 8813 4151 8914 9120 8257 4440 6586 899 3981 2631 417 9595 9036 4917 6968 5128 109 684 1627 9578 7407 3046 3099 7589 6947 4293 741 5323 6433 6252 7156 7838 2552 1088 1489 6950 8701 6369 8949 7176 3868 44 8583 9778 7735 7987 8000 416 4790 7160 7044 49 2587 9151 7107 2554 691 5241 2696 2525 1444 872 4337 2014 7811 2908 471 8883 263 136 328 2244 2184 4087 1604 9140 4287 1932 4074 9188 4766 1917 2048 1062 6650 8209 3961 6601 2925 2100 747 4132 7682 3497 8642 3070 8342 2578 5934 230 1683 8469 2386 4018 290 9787 945 4857 8871 2645 7645 5838 9279 1713 2514 8631 250 7720 5961 9881 2300 1075 9073 2576 6331 6485 5937 4638 7311 2088 3129 1634
4456 5639 5978 3732 9255 8706 2602 3399 303 4432 396 982 4745 3311 7764 9463 7446 2537 1291 8454 2589 976 5936 2062 512 7977 2207 6754 9808 4009 9309 7994 3836 8625 3670 1548 2471 4385 4722 2873 4644 8349 8421 4136 9117 6078 3896 6722 6153 4019 7324 6740 2580 7766 9066 1191 8290 5122 3529 4519 8144 4082 9829 4844 8677 3355 9037 1944 3921 6763 3018 879 173 216 6691 7303 5905 3212 2398 3865 7872 8039 9914 2982 8025 2686 6739 7782 5890 1186 4279 5749 4157 9952 5446 9264 1916 9479 4270 2532 7287 9081 3217 6409 3238 7244 2606 2605 7807 5931 8058 1139 8605 7640 4056 4983 6103 3937 3587 3013 6875 800 844 2117 4605 1080 5306 7033 9465 7049 6289 7044 2278 7671 2906 3097 208 8279 2302 2907 7902 2084 6152 9221 5448 8867 5668 5225 8101 7614 9217 6242 1363 4169 7570 7944 3754 4888 9950 5843 5512 6170 5648 9195 602 119 928 5457 2077 2538 6096 323 462 7895 8477 3027 4096 7050 1087 8920 151 4583 5447 4062 3792 7352 1182 5073 8252 2658 2290 5289 5404 7594 3180 8750 3875 5887 6785 8658 2123 3414 2329 2551 8519 4697 2832 7779 1482 5565 653 5006 6541 7057 4701 2038 5276 2981 3220 810 8866 863 3349 221 695 6676 5277 7786 5096 8690 5778 3404 4314 3805 9775 5556 7443 8136 5670 4828 1846 3360 3041 1317 3293 1330 5716 5704 8086 5588 1091 8126 7655 6082 3102 4219 7652 1674 7481 593 6909 4058 4586 9855 9690 7418 8095 8805 7968 8997 9884 8937 1780 6454 9316 1601 6961 3743 2068 9328 9226 9459 8240 5040 9799 792 2432 7123 1607 5770 4992 9320 807 4458 5242 9730 9485 3079 3781 4532 560 8456 2192 4728 1682 5893 5594 9907 9375 4900 7568 8341 2 9142 6119 761 3582 9009 7502 1428 6277 9426 9787 3174 9941 2626 8642 5299 3419 6340 1924 7891 9271 5530 2597 9395 930 5060 5829 8291 9927 5405 2392 5056 6623 787 8428 7750 2235 1196 2294 4495 2901 9093 835 8907 7735 209 3077 4178 780 4814 4625 7117 2798 4521 7747 7834 5575 8675 3752 5285 6198 90 1681 1088 3718 2027 2456 2359 6603 4757 929 255 3953 411 3008 2864 1427 1472 7550 1907 6262 7400 1661 5058 6226 4539 4174 1574
1201 853 9889 7496 7174 1042 7397 1808 5451 7823 7310 4067 2351 2739 5777 3154 8459 1148 6370 524 143 719 6467 6287 1989 4547 7141 2589 5531 1950 7285 4026 5486 5879 2921 9678 4348 1611 9531 8510 6035 1976 2124 2767 219 5647 8945 4747 7469 7530 425 4784 5128 6893 1782 605 9082 2570 4299 6334 7670 2656 7242 7558 4874 7277 5614 485 2881 7611 9364 6635 2960 6940 7463 8721 9183 7539 3642 1654 5999 9122 4637 9290 1310 4234 4226 5814 813 7822 2505 2191 4478 5827 3236 2189 4875 2075 7490 8365 9800 145 322 212 2033 5820 9629 9071 9757 3677 9717 1610 4726 6634 8162 5064 9590 1802 6642 6574 58 2581 7119 6956 4287 8716 5172 8166 4270 7087 3301 4297 6731 3918 6910 3411 2476 2944 109 7468 2725 8556 6911 8216 4352 817 7028 2 3690 2133 5984 7096 6518 1167 7602 6147 9765 2089 4711 4608 36 6948 5875 3715 2174 2849 3956 9374 4650 1706 5684 6604 4110 8826 3351 4379 461 7645 2615 370 691 2018 3794 1503 948 6042 5590 5249 7892 8624 3420 5693 9821 980 9697 5580 7234 9146 9880 4279 297 171 5168 8960 6773 5588 5646 4140 2871 9596 611 7891 3819 1544 7820 2902 8446 8732 1996 8161 259 7714 3929 9730 4033 9100 9004 8046 8076 2121 8366 4598 2021 8202 7131 4574 6785 3206 8144 8637 5843 60 2184 864 2702 8118 3791 7102 5327 2416 4847 7633 4997 7879 6201 9053 3323 9937 7975 7159 9023 9278 3692 1736 9736 2842 342 6249 9532 3308 7911 9856 9043 5308 1184 9231 8018 3627 9635 7880 999 922 1196 6849 509 8124 2600 8351 2572 3902 79 3416 6487 2317 9488 2035 5423 3374 4817 3581 8759 1640 8778 2872 4394 2487 5764 731 4085 8785 6486 7519 7612 4162 8511 833 3852 10004 9686 2760 6612 2522 3820 6349 9696 775 5358 1266 2961 1738 9339 6594 6095 73 4607 5238 5072 8002 6803 9640 1884 372 294 5770 9547 5334 6030 7972 2751 3395 5652 2949 4120 6841 2097 3123 9609 3034 2258 6189 1428 825 5440 5003 6688 7450 6298 4809 5169 3758 8649 3461 2558 6681 3836 3173 9691 6771 5985 1894 8394 9047 4514 8688 723 5673 3784 3488 2202 7298 6449 9860 8249 2805 2683 6886 8175 7487 3957 4172
7048 3944 9661 624 8219 6665 4917 1650 4698 90 4141 5581 9944 9494 8756 5144 1622 249 7604 3655 1982 8845 2488 8474 1079 2961 9650 7811 7597 41 8864 3720 4090 694 4331 7894 6132 5644 2442 7598 4846 733 1593 1002 3235 5296 1471 5205 4524 4608 7948 5420 6878 7668 958 1962 2808 4996 979 2797 2176 357 6180 6123 2427 5572 6727 2617 7885 2915 8774 1571 5369 1991 2055 9365 9345 3308 5816 8328 39 9261 9975 8344 6870 9256 5964 8971 7498 4682 3266 4146 9592 9317 8866 3323 7842 6447 8162 2969 8062 2805 588 5358 9178 1433 2741 3285 5378 5208 8932 229 1567 6163 4494 556 1703 9188 9455 1487 2029 4519 597 8575 6048 2304 4970 6140 4056 7443 589 156 1047 9313 9660 5826 6343 8792 8005 9116 3733 6513 5068 6701 7778 9144 8182 9006 5554 293 8877 6143 8464 3064 4215 899 8670 2201 398 3045 2983 5283 9055 831 2154 4724 4936 2882 314 9712 5511 3825 8265 7541 1150 3878 2748 6899 8503 326 7330 8009 8322 1230 8012 2723 6858 1631 3466 4474 4526 4211 1693 1166 702 2743 2888 9130 954 2756 5311 3497 3324 2640 8323 6035 9888 596 3770 4172 4431 8058 3599 3091 3859 1516 1276 8888 8963 9086 9688 268 8836 9278 1597 208 732 6795 9133 5362 8384 8937 4240 940 5535 9068 3254 6528 7094 4820 5894 2852 6269 3467 9279 6402 2084 8612 3707 1667 6327 1961 8010 3120 3106 5885 9642 9399 2596 7050 3547 3406 6377 2043 1740 6847 8818 2844 7857 8473 6281 1085 1770 892 5056 9083 5280 4647 5210 8535 3981 7320 9994 9576 2486 8871 7334 7215 5819 2729 5667 2880 711 5960 9765 10001 3183 5611 3989 5732 4988 2567 7803 9185 5047 5866 8410 3776 2981 5680 5303 5085 8330 9649 3006 5721 2168 1945 1179 3125 7117 5258 9014 3966 5294 1868 1453 8778 777 2866 3490 9717 9522 3198 7637 2108 3848 8703 654 2264 2903 1149 9080 872 9026 1584 7792 6365 4425 9249 2350 5846 2373 6284 5493 7398 4518 5799 6699 8175 5392 2429 5175 472 8370 1709 7997 697 8739 3515 9758 6387 58 486 5591 7959 8240 7500 4285 7018 9899 3416 4392 789 484 5988 4207 2487 3669 9210 5088 2731 5270 6632 6464 9791 4840 1924 344 3757
7050 9201 7525 9980 8002 355 2224 6490 277 7700 260 6071 8396 2202 850 9040 4459 8154 204 7180 3410 1230 3659 6842 454 7590 2081 9858 2198 1644 1536 2960 492 47 3320 9088 4938 8139 8185 9061 5294 7522 5572 2374 6736 1481 8874 7389 6955 3041 9431 1898 1152 9135 612 6248 8286 4023 4637 2842 3901 8840 4131 3213 5310 4346 5567 8370 7363 2109 4300 4691 2130 5135 4059 7498 329 7385 7749 5544 7932 4243 995 5275 6290 9956 2759 5366 3237 546 9342 4554 4307 8305 5255 253 2457 5271 7084 2452 1260 7711 3080 6693 5013 8262 8787 9648 3855 7964 7898 985 7260 7544 1205 3618 9977 3594 4734 8605 5747 2661 4805 9522 8852 1749 5711 9807 7318 6038 9943 336 992 867 662 6330 2016 7750 342 9808 2116 7914 7816 7255 3533 1832 4246 5403 896 9916 692 375 8261 3982 7772 5982 1045 5357 20 3676 8471 2325 1452 9627 3020 8596 2530 5791 3934 7293 5997 3071 3476 8143 7391 6558 6793 5177 5729 6234 1058 7780 4394 6046 8355 5337 3990 6184 976 4043 667 334 1389 7122 4916 2499 6941 5820 3181 1655 4356 3582 7116 6107 1250 9696 4334 7949 5872 2866 9144 3829 3118 9157 6252 7492 1520 6136 497 4058 2693 8460 9512 830 3003 6967 659 1922 6395 4124 9606 2185 9228 7169 590 608 7042 782 2524 6982 2685 41 4511 7839 7693 6653 2946 3271 3804 3077 2285 9392 4636 8044 2025 960 7219 672 4345 762 6494 9490 5197 1759 3726 8553 6062 5179 5332 9986 6811 1604 9476 7976 5516 3483 1750 509 1676 5191 2950 2477 1301 4576 9947 9549 8496 2366 8324 6487 5876 2072 6641 5328 773 9314 105 1814 7819 1656 9161 5458 4989 3019 3791 654 7918 7022 4752 5032 9494 4403 9263 5225 6208 6219 9039 9661 6278 2331 261 869 265 75 7769 1574 5424 1731 9284 6060 5576 1580 4233 2980 6529 7546 808 7370 5723 7425 9816 528 2908 807 2565 3847 9552 2897 7994 1943 7230 3492 4967 7386 2547 7420 5805 1155 3536 6240 9874 9029 1639 7532 3587 1120 5480 622 4263 7032 2767 3778 8238 3544 4652 4868 2020 6956 7846 1300 9778 8071 1669 1577 9832 7359 2903 6803 3192 4475 4978 199 3169 4037 1858 9092 4144 5636 9684 6716
4962 4729 5948 9148 4389 3389 1749 7065 2574 8418 9196 4868 3374 9730 8946 4458 4703 1102 400 9656 3621 5732 1989 9460 2499 8295 8594 4281 4813 9288 6620 5847 4179 5046 8069 3420 599 5179 6686 2753 7911 4762 4401 1007 4247 1555 5546 8889 762 7848 2257 6297 4917 8658 1584 4793 3251 9128 8359 5897 4261 8783 1789 9132 7565 3394 5760 6438 1946 2985 1887 9693 1280 5095 3346 5281 6453 3972 1104 3 3401 9374 9563 7071 1383 9667 6441 6354 8613 5513 429 8903 7990 4091 2500 3093 463 2154 1725 1822 7585 9431 3252 3926 228 3770 1173 1317 2754 2709 6638 2274 7926 6788 2520 9130 7962 9649 7 2607 6871 1055 4726 1540 3520 763 2646 4133 4170 1829 1192 2549 8377 2324 8008 518 6247 4835 4921 7864 9088 6292 906 9285 2212 219 553 4303 446 525 9861 7960 39 6262 6861 3040 5980 2796 4379 5374 3003 8321 3433 3022 9553 9056 2637 916 7300 958 8970 9701 9699 89 6344 591 6767 1685 9762 2594 4448 6688 2356 1656 508 8232 6089 6177 8723 3692 6649 5094 8548 3405 8580 7060 8570 9045 9824 294 676 4905 1033 9093 296 279 8657 6786 2917 5378 2209 5818 4932 677 9710 2909 6966 7215 2820 9622 363 1990 4258 4375 6168 5506 6822 5778 2865 5693 4727 6345 5396 8643 9565 6674 5135 5413 265 1429 536 2674 8582 6663 2315 4791 3648 5376 2606 2066 9186 6853 4628 979 9805 9069 5060 5290 9670 842 1975 2232 6256 8052 1791 8735 1310 9147 9591 1513 3876 146 33 7453 5612 5795 4494 7564 8596 3884 8565 5034 444 922 6109 2207 6215 1180 4931 5879 7834 5036 47 4674 1855 6038 1290 3110 2092 4025 5594 9368 747 5822 4138 8181 1202 564 7123 1068 7149 5914 5890 647 5658 6671 727 9792 6646 686 2920 9786 7837 9444 5675 8300 2598 3654 4185 3855 9318 665 2085 411 2469 4243 2349 8049 7390 3107 7691 8404 1968 8625 3131 2927 3393 955 4562 4073 6073 9353 8728 7703 6022 4466 3115 6103 3398 4966 3935 3445 640 2044 3546 5609 1387 8873 3938 7853 6268 5670 4289 3225 4282 9618 1157 4493 2759 6720 6011 1646 2493 9486 7345 7036 3327 4049 830 4357 9741 1759 5080 1320 7162 8337 257 3017 5542 9683
3308 228 1181 7147 3722 8112 7306 7185 6186 9351 6536 9925 2674 5993 2630 4720 142 8245 5923 6518 3491 8934 4251 8179 9017 2786 3775 2595 6664 4531 2634 3926 7646 9744 3578 6675 7351 3256 543 3699 7674 4186 6071 7161 943 4355 7549 3981 1732 2847 6677 6954 7008 6296 7530 2749 6116 3232 5307 8710 8687 8249 5129 4015 4990 6589 4408 2032 3339 9085 9302 1252 8064 6827 7200 8212 7470 4652 3633 761 454 6355 822 3356 707 1166 5121 5603 9996 3591 9098 1718 5626 427 6711 205 743 4027 2608 9087 8905 5004 3810 651 2275 135 4631 2798 1393 5093 1154 7503 3105 5499 619 8627 145 2646 1544 137 4234 6550 7146 8924 6236 9433 266 3645 8386 2952 845 3794 3827 2280 4146 4004 2170 5967 7791 5979 5409 8477 9906 1442 370 3015 3350 1898 9924 7876 4117 4757 7808 7608 7280 2339 7445 4611 6768 3901 7605 2872 6718 3819 3868 9152 1006 6860 5653 71 7328 2818 7430 2585 8649 5785 3890 4785 2250 94 7766 5938 8544 1610 7050 7966 6266 3478 6511 9884 5809 9133 9781 1237 6038 8708 9084 4497 9383 184 9915 4659 7247 3886 5579 4753 8602 104 5781 4684 7288 751 2439 7609 2078 4215 5318 1523 9309 4866 1182 1945 5598 5985 4218 9726 7151 2928 5609 8805 4840 6343 3204 858 6217 8201 4650 4030 7016 4708 2524 5747 1426 3546 3020 7361 1271 9296 2443 6815 9582 5714 2973 1680 3162 9195 7481 7472 4255 7385 6514 4285 1430 2752 517 8860 8933 9453 6303 1137 5874 1234 1630 3080 5458 3754 1760 7296 9170 7440 600 7395 4529 3031 174 1893 5913 8503 4745 183 5110 2783 9374 6974 3038 3788 5018 1031 6901 2518 6938 177 6301 1534 2122 5488 7806 8005 3528 6593 3614 9536 4838 6740 9459 5112 2386 3119 2720 6869 8870 6948 8199 5047 278 1263 877 7449 3817 4265 5400 5260 3029 571 8148 160 4672 9670 8260 7949 4637 1607 2642 2338 2640 2735 8895 6989 5064 1907 3134 4746 4988 6986 656 6286 9515 4003 7372 4091 9918 9067 2868 7512 6322 2369 1490 849 3000 1324 3779 1801 4161 6030 289 4083 1499 4066 9877 2195 6008 4656 2839 8265 1953 4010 979 7216 5036 7465 641 4260 1389 5887 3657 6004 5450 5342 6766 4298
8880 5989 4450 4728 9587 744 9858 1989 7897 5978 1630 4106 2963 4691 1921 1381 8501 6168 3943 294 9120 8384 4375 4605 8985 157 1290 1547 5571 7367 1106 8050 625 8462 8906 828 3191 9468 9355 6768 4927 5110 3809 6879 7911 3199 7880 4349 9766 237 5424 1522 5530 495 4246 5194 7149 4351 9369 3989 1170 5353 605 2425 1407 3340 4909 8683 62 5137 3453 7496 517 9886 6438 383 6464 5229 5205 9969 4973 5986 42 9107 5961 1 2235 9101 7152 8759 4990 7615 1913 2969 3500 3170 8633 9987 1400 9733 1784 3558 1664 7364 6705 2422 7006 7719 1283 7940 2446 2242 2708 270 3877 3388 5388 8668 8043 7018 5337 3781 2430 5418 2713 4281 3250 2760 9962 1359 2861 4924 702 8188 3253 7168 5583 4985 3604 2540 3597 8933 472 3808 2074 6035 5326 961 1808 8801 6660 6351 2642 3364 145 3672 9056 1074 4395 635 6477 7652 9579 2332 4857 8998 2580 5664 3917 5455 372 3644 4607 8588 3909 7043 5378 646 9297 8274 6196 8392 2787 9606 1976 5474 1604 9267 4222 9958 2153 5364 3425 3047 8031 9400 2839 9291 9465 4947 1140 1301 4367 6193 3984 7166 5980 1233 7858 8716 8522 7003 3311 5662 4314 1703 4626 9820 9532 6658 6748 8897 7618 6321 8597 7126 3913 6249 2875 2145 6952 8431 49 2714 9086 5126 633 6874 3900 3826 8508 9782 7068 5419 7518 6157 1123 9679 2496 2324 6445 3997 9589 347 3603 7742 1721 1053 3560 1267 1109 2451 6253 2081 9649 8451 6086 206 6574 3408 1418 6160 5531 5300 6122 3067 4061 6892 327 7573 243 4233 2771 2775 1981 9485 977 8639 8796 2649 6978 3270 8797 7454 8854 1143 5709 9995 9819 4727 4782 8875 1978 5077 5356 5013 8053 5033 4083 2525 1571 807 2356 93 3987 1567 1601 4859 8601 6332 1410 7748 530 2302 805 2753 6348 8241 7743 6526 2929 1433 8186 3650 3416 9837 1154 8529 610 6436 780 2712 9483 1374 4887 3043 8825 1896 1340 1629 9308 1087 6818 5009 8847 7536 2584 4870 1414 6954 8034 3801 8467 2910 201 2563 4035 2046 1586 2833 475 8216 7702 9661 6069 8584 4703 9546 3879 2991 9140 4414 1867 2093 7267 942 576 3178 7045 4981 4398 5043 2098 1271 315 9955 7752 9743 9806 2304
5779 5712 4001 8400 804 7560 7432 2819 2859 4926 9917 4893 1457 3027 1599 4861 7809 3037 9621 3607 6553 2178 5010 3250 2365 2915 3817 4896 5865 8655 5225 5604 5425 5932 359 826 3193 8676 6060 4972 786 1126 3685 1077 8408 9223 2554 423 8136 3173 2639 8568 7484 2504 341 4399 9453 6934 1602 9269 3430 6663 357 1223 9448 2923 2229 9897 8863 3965 5539 3317 4076 8523 1406 8147 5993 3261 5185 3537 434 949 3795 9263 4621 5414 3112 9744 4209 7140 739 5452 5576 976 3439 9880 7234 2094 1670 5778 907 2125 520 3892 5019 6467 9242 3786 6046 7751 4543 883 6889 5531 4905 9082 5525 6096 7833 8280 4610 2594 2490 3120 8156 9210 131 6056 5766 3289 9634 6030 920 4548 4894 6262 4903 9479 1773 343 4002 3198 2680 5433 4344 5360 3824 8510 8990 3773 3623 3377 2173 999 3877 2993 8348 1119 71 7959 3283 818 4781 3675 3062 9662 472 3413 5034 8493 7361 1902 9761 5838 9011 4608 2991 8745 7374 4325 4128 8208 8895 7620 5529 5302 5330 9779 2265 2751 6350 7449 4448 4730 8795 7456 8062 7855 3913 5854 5835 4603 8987 9372 8002 9758 1430 3383 982 2248 1122 4479 3580 6909 1561 2397 6570 3807 6881 7119 9911 6084 208 5782 113 9629 2019 1547 5176 320 3564 78 1566 6408 5943 3179 1448 9817 4729 3990 5580 182 936 1372 4889 2251 5530 100 7206 7652 9184 5292 7315 1026 3521 3610 954 7806 8636 3993 9988 5810 4562 2115 2505 5146 6275 7326 3846 4143 227 7014 5736 9244 3389 9798 3497 8374 5965 8819 2692 3051 6842 9857 6796 8981 556 6753 2506 9951 8151 5199 758 6684 1192 591 4809 8124 5555 141 4071 4512 2033 8775 1419 563 360 5631 5069 6549 2972 7513 1751 4710 2758 9964 567 9573 3128 6568 4204 3129 1366 6080 1002 8285 8621 1967 1862 7694 847 4028 8044 1421 166 4112 1377 8900 1624 4902 4674 9904 2470 7090 657 1715 1849 5271 6480 1658 8160 8416 7635 7555 3421 3446 3487 352 7219 68 3551 7662 7199 4038 6059 167 8917 3253 6773 8543 7443 5639 3481 1543 5970 2823 2065 2423 1409 2548 1614 6887 5928 1153 3329 1694 1014 5903 1112 6464 4834 8165 2420 7008 6927 7995 6144 8312 8265 2584
955 4697 2428 7513 3844 6633 8405 6908 8856 2444 4337 3839 2622 9032 7536 4282 9753 9519 5933 7257 4625 6713 2532 6883 8815 5579 7477 983 9146 4921 7999 7443 7732 5404 7190 2914 1105 4943 3632 8687 966 7517 3050 4130 9904 4563 9013 6304 8666 131 8149 7689 8936 6578 4312 3798 5757 2165 4680 799 5642 9982 9094 5236 510 7970 8196 3363 7045 6679 9281 3141 1077 494 1139 8201 7374 6418 6051 3848 5839 5902 8407 6511 2601 8197 8168 8921 4552 6193 5682 2042 4078 212 7081 9540 6768 6625 9993 1907 5858 7134 4023 6126 3971 6441 6489 6968 6953 4927 6808 8692 4977 6890 2422 8704 2595 9388 6919 1669 3066 954 9899 552 9640 6932 4092 7440 3324 9783 3564 2171 3489 2048 2887 1461 4326 1019 2000 2408 1476 6352 9145 116 6123 9570 813 2863 6225 9337 2032 6063 1466 8337 392 1372 6982 4174 1170 7051 5488 523 386 2563 5733 6929 9691 1812 9705 9040 5948 9283 2744 4829 6247 4970 3276 9304 3579 4197 1608 164 6602 9555 8794 4744 8109 5622 3945 1595 7748 2228 7185 8910 1732 5571 9065 5989 6148 9611 7685 9730 9081 2813 6143 5600 8312 351 4507 115 1318 7694 2940 5951 3684 8372 8455 6990 2586 6171 42 798 837 8106 1214 8324 7976 7005 4612 4290 8165 4513 8931 2567 4939 4426 1183 9474 9862 2893 270 5575 8271 3486 7647 7266 7842 3583 3403 9112 1663 4257 9712 2647 9073 4401 1142 2602 2995 37 6794 1464 8734 6647 5626 3151 9099 9247 9890 7342 2763 6061 1863 4585 4646 7548 1900 2244 4009 8905 7728 6198 9693 1415 3450 4786 9779 4358 4674 1990 4393 2730 7608 10004 4727 6480 3751 76 4056 4579 5837 6299 4655 758 8777 3115 6238 1753 6406 8433 1350 1342 2930 7936 4938 9628 9314 1594 2943 352 9312 1991 9198 4606 5481 6916 7268 7445 7335 9156 2936 6745 6187 6873 793 6833 8733 1842 3750 5278 2180 6706 8925 3758 3690 7181 9704 4235 4072 1403 5832 2288 5282 1386 4203 417 1413 3847 1034 4026 527 9599 60 7232 4584 9848 5672 4027 5332 1468 7940 4144 7125 806 9256 3100 4212 3634 8290 4718 3263 6881 9212 1827 1724 7159 4064 2991 831 9297 9972 1072 6490 1766 8829 2800 3720 1226 5942 467
3690 3615 3492 2890 2303 3742 3300 974 2363 1839 5783 3445 7216 4194 3641 8338 1631 7043 3510 9324 6050 5484 7758 6684 9726 6309 9111 3299 6176 487 3966 8871 904 6251 610 4568 9458 9472 6693 2936 3179 9982 5528 9031 9172 6201 528 831 5731 3760 9734 4721 4105 6297 1486 801 1679 7522 3495 7298 7931 7368 4043 8597 5258 2584 3002 85 3707 5244 5363 6759 9849 6911 9698 1860 6618 2813 2577 9395 6967 8589 6846 7590 4 4775 3393 7531 6712 4168 8802 9597 6898 7275 7493 4248 2929 9572 6857 403 626 1392 9453 5461 7320 3564 8612 7284 703 1118 3800 1794 9712 9088 2861 3056 9380 4941 463 8730 3875 1917 307 9675 1422 3498 1699 3552 987 4786 6213 8153 3329 221 6732 198 6294 7085 5180 8060 6779 5879 4403 7186 142 7403 2099 4208 862 4581 1874 3839 9063 2820 6191 2513 2085 6987 4619 4338 5078 8293 5560 2679 9162 8186 1782 2087 6590 8371 84 8909 3368 7490 9847 7308 5946 6114 2787 7738 647 2227 8821 822 2514 6890 8863 2492 1250 7619 9258 9144 1752 8042 345 2132 2661 2728 4439 40 7636 880 1008 5621 5581 3514 8530 3547 6983 5413 6841 3579 631 5403 8826 4833 1887 6262 3430 5190 6075 5525 4623 3544 2575 9792 3215 2836 3015 2508 8081 7614 5247 9771 2380 3468 7654 7314 4755 7363 32 9224 5886 8017 304 5267 5801 9879 956 5936 8099 4041 8994 1506 6838 9178 5010 1777 8083 7217 8999 5517 6211 8550 9584 4475 2901 5123 4364 9924 7034 293 2447 5179 3255 4903 8006 7491 4645 9184 3819 3026 5328 8703 4231 1300 7701 2988 2864 7464 5001 8567 1206 6346 6770 2662 7533 6315 7920 4548 3421 1973 9205 4654 2394 689 3897 7557 1551 2909 3535 9365 2915 2344 607 160 3830 5846 5950 5320 284 9237 8309 2384 2674 5151 8813 2410 7520 3892 3546 2178 3537 8968 6667 8097 4438 5242 5760 3007 4096 3080 4616 9937 9457 4667 4817 5063 6267 7441 4563 5447 92 7321 8369 481 5157 7622 3659 4765 5378 8785 7968 5027 3406 9954 1079 6538 8686 2602 9436 3832 5449 9702 1066 4115 4312 232 9552 820 2911 3138 3110 8668 6175 5689 2090 991 3992 3710 9652 984 378 585 4527 2586 2605 3837 9460 9075
345 2432 3453 5928 9987 9839 9196 1737 6316 3018 7216 4494 4433 1531 7179 6835 5070 174 1351 2881 9393 7664 5629 4293 9307 4721 4405 7089 4686 6349 1471 9082 4352 2599 5328 9003 5023 4500 3242 2780 4424 8321 302 5964 2841 7326 2673 646 7729 7737 6149 1143 4141 9458 9772 7485 6136 8727 9774 7088 9888 4473 3598 2163 1811 1634 1744 9930 6143 2334 2892 2206 8286 2246 346 7237 5329 3801 6899 2373 154 5321 5389 1898 9382 4844 5007 7676 3247 6791 3797 7693 4876 8662 7666 5232 8045 5053 8552 9487 9019 1847 4495 9238 3407 5052 3747 7611 1139 4935 1954 8273 9830 5979 4867 5445 789 4361 5816 2198 9874 7252 7355 1920 5015 6088 8248 9789 9114 8007 2589 7313 250 6279 5359 7853 3137 8612 7584 1495 4318 9348 1586 1265 9945 8169 453 1008 5921 6373 6714 4071 3339 8543 6270 2142 976 2266 6383 4729 2817 2083 7684 1659 1785 6795 3003 5190 6375 6317 7823 9092 2367 1345 4072 8144 412 4143 9061 3517 3231 9967 3802 1697 4249 8034 2233 7930 2863 2959 3917 3887 9842 3597 7365 9942 3761 4832 7389 5178 8757 3819 3326 6120 1896 9779 1092 9261 3845 8172 4861 6636 9547 7116 4330 6966 4084 5762 2910 8640 2026 3988 4804 2940 2685 8271 220 2227 9121 1614 5714 2431 8655 4052 2107 2920 6655 772 2732 3945 8336 2328 4083 957 1034 760 5114 1447 3839 9363 3612 9391 8061 1877 8547 5476 9646 2475 9928 6540 8589 7146 8382 3204 316 3185 9091 7569 9476 6199 1225 7878 3178 5477 4444 4351 7801 3452 1123 8111 1959 2277 9203 5351 9441 8143 5614 2267 1181 6605 690 9002 218 2624 5369 5868 1883 7356 6725 6891 3961 5160 2323 72 1584 1662 6193 2416 6629 5933 3991 9212 8568 6311 9014 7843 5122 9866 8840 2354 8929 9705 5774 528 1131 6523 6960 5275 4513 5665 7154 6794 8205 3314 8502 9405 5282 8127 8790 2272 5192 5978 62 3569 2916 7449 3275 1233 6290 8179 8475 9761 4665 5514 2103 3714 9158 9280 5077 3788 4476 8006 7791 5437 2377 9367 2818 6888 9560 9539 8704 9336 3968 8774 5448 5197 9989 9442 2941 7490 140 8100 9146 1655 2579 9298 1504 7535 6218 2457 3494 2793 6847 2688 2672 5848 5853 9864 9237 8609
82 6623 4141 6475 3498 9023 8077 5725 2268 3003 2207 101 7855 9764 6090 4868 7267 6398 3772 4669 1737 3333 6751 8754 6435 1431 4032 3094 9161 698 4431 8952 7160 2620 3180 2097 1922 1635 3566 5532 5554 1187 2431 5672 7785 3645 4861 3653 3273 8654 6271 3964 6585 1677 5236 4268 6283 1582 9083 6174 8208 4739 7856 4562 7966 2741 4179 8939 4737 8253 810 2213 8917 9104 7009 7576 100 3050 7888 8217 7956 4726 5433 188 5596 2857 1167 6401 8180 290 5363 4076 4367 1642 7180 8657 672 9592 204 2420 2852 7163 7028 8808 5723 2665 9258 6461 6277 2773 7834 8929 6722 9507 2066 3072 3521 9461 1190 6839 1293 1404 4388 2477 6548 4018 5873 2911 455 7635 3399 3657 2479 6151 7770 1619 6742 5537 9565 560 1803 239 476 8470 2767 9025 7680 9477 8021 6834 7289 2031 5016 7910 3850 9200 7967 7546 6055 6812 1649 787 1775 5797 7990 7984 9175 7926 674 9195 3956 8173 6683 2238 8958 5969 3869 425 3583 7161 7425 5056 9977 8841 4176 4531 9116 4627 67 4597 6022 8359 9790 929 3609 2000 6166 9796 9745 4858 9252 7652 5028 5528 6348 3690 932 8017 7628 9792 532 7361 7753 9997 4871 1668 2019 7398 5412 9360 6228 7496 5973 3075 7929 5082 4816 7582 8916 4299 5133 9703 3188 509 6923 4633 8883 5846 3267 9845 5022 6719 5099 6445 9453 2778 1838 8302 6094 4074 4764 7897 1427 4826 5597 7662 3043 4274 5092 2831 6328 7660 3440 522 9346 9007 1246 5730 6279 2376 1579 4675 546 4582 3996 233 1667 7221 5522 7539 2441 3687 6531 2389 4002 9049 2916 4466 7008 2771 8231 5177 969 5676 6991 1142 6360 1308 3430 2507 593 256 2105 334 6636 6564 842 5868 8907 1082 8263 8832 959 7661 8245 2398 7219 5919 3787 6695 9863 1449 459 6841 896 5156 134 6308 1623 5948 3034 1057 8222 1960 4099 4805 4762 8294 7682 9080 1766 2580 1113 7113 6946 5071 1996 6960 2292 8246 7203 9095 3792 699 9236 821 5033 9539 5721 3062 5506 708 2446 7698 5904 1761 8576 1740 7741 2372 2373 7178 9054 6927 3839 6380 7345 922 10002 8882 1041 1391 1965 8110 4178 4134 2861 373 3898 9679 7952 5520 7936 8696 7941 2700 7314 2072 1881 4770
4465 4278 6373 5806 3275 325 5494 5165 5426 8656 7949 3187 7786 518 2208 6981 5202 3085 8019 9306 9015 1733 6202 4725 2703 3790 3171 955 523 6219 6354 4574 7659 710 4124 6921 7105 602 5548 4453 6660 3875 1309 303 9861 3921 2185 6543 2082 1971 8994 898 6834 9364 7509 464 2920 5747 9983 9725 896 7231 5612 1756 6640 7845 3817 2815 1572 3136 2899 4912 608 4357 5702 3905 5361 6548 6093 1344 8366 5472 9532 4182 5415 5836 7327 6570 1726 2588 1600 7585 5392 5398 4207 5456 2701 4187 9426 5209 6699 1137 4424 7413 9513 2950 9799 6221 5957 8326 3405 4541 9206 8851 4266 8755 3308 8785 7360 5023 3592 2446 9773 1375 7216 3586 3637 8524 4130 5730 8354 7854 7034 9692 2443 5365 5754 3590 2843 6021 5629 3385 8511 1707 1356 5984 7970 4022 7154 5886 7409 300 5453 8300 8566 5800 4466 9083 8249 3679 187 2866 6459 8749 4499 7536 108 3537 8360 6663 8283 6937 3929 597 1537 5080 7288 9308 8618 5485 1948 8556 7785 5720 332 9108 8290 544 7054 5722 9942 2853 4036 4375 2129 7652 7103 999 1796 8707 2829 8800 9386 3142 1708 6161 7860 5843 934 9695 6851 986 9380 4333 459 8916 6374 604 5151 8205 2406 7706 6391 2233 7022 2067 9952 868 2782 3119 1270 3041 6746 6818 2533 7514 4475 2293 5119 4550 2416 5721 5137 977 6163 7463 9595 6687 3519 1926 2916 6541 2479 8226 3241 7074 1752 7434 341 2318 5160 1415 9283 8577 8620 5088 5700 4302 1609 795 2262 6269 6436 8311 1379 6422 1083 5136 6179 4287 9590 2676 4146 2554 8349 3843 7661 313 7876 2667 929 5684 7478 1614 4806 1635 5641 1003 1002 6204 4328 6455 9543 7002 6037 2453 3380 4500 2334 1984 1410 5272 9204 9248 514 3002 9484 3703 5430 7862 5446 4686 5441 675 6068 1303 1494 8612 6676 699 1304 6299 481 4549 7618 3845 7264 4065 3622 6498 6011 7614 4639 9767 2566 5967 6341 2151 3285 8347 4240 3909 4567 4045 7592 9006 8523 9332 3854 474 935 4493 8727 8866 6292 6874 1424 2493 5447 9491 7317 8555 2980 3844 2459 2189 5749 9586 3470 6649 1055 687 3686 3801 5991 1577 7147 2272 4284 5182 7055 520 1811 726 948 6916 3094 1229 6176 9886
1812 743 7796 3752 5926 4688 256 9399 777 1047 7494 3657 9773 6594 2181 2549 9557 9442 7252 1659 6096 964 8959 8061 6188 2716 1425 2510 2288 6327 142 2007 7067 3357 9281 4186 9840 8305 7789 138 2801 9570 1858 1619 4029 5980 3976 1490 4618 4144 8170 9569 7060 9750 6156 9068 1435 525 1034 5071 9290 7403 6710 9176 11 2993 1479 1798 3522 1546 3509 9130 9142 6760 9258 3748 6720 7191 8764 1737 620 7194 3165 7365 4246 7937 781 253 4991 5156 7428 6751 6041 6878 5849 4962 5909 3059 8392 5530 3238 7885 1096 2771 5518 5620 5387 6606 9806 5047 4047 2407 7723 3232 9076 9854 5526 4032 381 9604 5116 5361 1760 1058 307 4279 6390 2647 111 3157 8953 9252 4939 5471 9946 7278 6505 4837 5704 8727 4078 1257 5837 7344 3411 8569 5420 5059 1665 4905 2213 6204 9547 1420 8506 2915 6955 5575 9316 2242 5451 3909 9786 9017 6555 4919 9441 2447 9790 8223 4052 6418 7096 2604 3643 2545 344 1938 5753 4004 5939 7111 4630 1762 661 4059 25 214 7729 2041 318 7099 7012 9271 6171 1087 9561 8648 4749 3158 3751 1121 2812 2383 2480 8243 82 3910 4584 886 4428 1831 1975 3412 3367 7296 2932 8584 7446 3178 9788 8620 300 665 3265 7529 1713 5384 2198 4178 1421 3304 4791 4828 2487 1850 3207 9035 2982 8666 1176 6905 5493 5579 8522 9746 6950 1564 9943 2870 877 1211 4961 1104 1183 512 8618 697 6920 7519 3698 6638 3454 5037 6032 3661 8979 4091 3680 204 9714 3295 1574 7958 1616 9628 352 350 747 7002 1249 7425 2343 413 3252 5106 7346 3014 2314 1166 8890 6747 6835 9381 4350 7307 5752 9206 4063 9238 7718 9228 9703 475 952 1334 5563 1691 9751 954 937 9315 7444 3575 6036 2867 6476 5590 1335 361 3567 7624 7873 3478 273 1021 2648 4916 5033 6826 6164 7480 6436 3523 6351 5385 7003 6054 9301 216 7332 5793 6071 923 2087 1194 3332 9240 7321 2973 5449 4306 6034 3264 2724 9844 7511 5286 1637 456 9727 5718 5948 321 1500 2633 2890 6914 8710 2449 9393 1968 9805 242 2171 4534 804 691 8111 6270 6453 5152 8222 9254 4542 9223 5692 1102 1580 6767 2865 6873 1838 5589 6537 8492 5694 705 5332 2513
9612 8707 3220 6630 214 2901 4906 2190 938 9292 2178 3320 6794 7688 348 6323 6115 7375 7440 9548 1397 3240 2660 7713 389 3188 2975 224 916 3652 934 79 4681 1821 9139 7531 6495 1994 9823 1848 8783 8148 9108 8681 8381 7889 5481 3133 8889 7121 7824 3373 1277 7046 7701 2771 690 8485 7259 445 2079 7961 1196 8114 5850 4939 643 2804 9150 344 7117 8618 5876 9785 9391 7544 8918 6368 2186 1732 1788 679 5665 6637 3828 6026 24 588 8718 6040 7252 6838 8961 2836 2798 334 9102 9872 7132 637 3995 7901 3099 5631 3379 86 8295 4946 4257 5929 4268 8749 4890 5366 943 3296 1551 2692 1361 379 5173 4229 1480 1775 8263 1291 4267 3944 3014 7493 4031 755 586 9115 2288 1499 3007 3879 906 5637 2188 1335 5540 6432 9496 1712 5758 3187 8177 8355 3043 6740 8400 9121 1097 2748 252 5365 6145 1420 3678 5780 8827 9421 1589 5156 2600 9616 7913 717 8129 7876 3058 8766 6519 7237 4812 835 4720 9090 2247 4634 6147 1023 7430 1526 2651 4496 3519 2317 746 7376 2238 1417 9277 152 5201 8678 3973 2261 1855 2390 1266 4226 7079 6154 4637 548 6651 1049 2269 267 7391 4264 9543 7393 3867 3288 3139 7698 8370 5069 4859 6516 2829 9191 7216 3977 1467 9359 3889 8928 4383 932 476 929 6075 5308 2449 4565 4833 1670 4088 4451 7448 7960 6398 6238 7977 8027 8109 1839 5566 1271 8237 6452 5526 9211 3246 1469 8962 7641 4674 8214 6014 2406 8097 4221 3068 6781 5265 5981 3953 6231 4363 4902 2984 3441 7793 4523 3163 2934 3359 4056 796 7458 5975 5144 4982 7118 3416 7752 7658 6303 78 9883 9952 1259 612 3954 1029 6239 2775 9903 5982 8758 8107 2236 1814 5525 4406 1370 3596 2043 5100 3709 4630 6941 3526 5931 3871 2494 636 9197 6025 5226 8719 838 9128 4711 5873 5377 3763 3918 8175 8752 9298 987 4569 4039 9174 5587 2106 7605 1813 720 2530 3497 6684 9509 4135 125 5557 8061 1360 5581 3297 6356 4568 9241 7298 7714 5194 5064 848 7143 3457 4617 4518 9159 3561 3987 9489 8105 2633 8069 9779 575 6295 1666 4882 6954 5949 298 6241 2378 3648 1728 2582 3182 4166 8982 3671 2166 5702 4296 3191 7383 5852 4542
2103 101 7225 4098 9377 7227 3701 3122 2973 7532 8204 4903 4693 6350 2663 9025 7050 3811 1301 9193 3723 8762 4217 766 310 763 5909 5142 2283 4399 4667 1504 3922 4285 7282 7794 6232 6072 7811 7861 7943 1673 5400 1105 8071 6286 5360 9045 3080 1303 8796 7475 4508 8048 5848 2240 7931 4055 2902 6615 5099 5815 3787 6065 4197 4736 2818 3275 7627 4357 2997 2768 3193 3890 630 7292 5809 4978 4816 6952 3250 7586 7492 6137 9919 9717 9786 1093 446 3788 863 6073 2609 9737 5816 8592 7941 2070 1648 5359 4240 1204 3430 1877 4934 3543 4464 6775 3360 5765 3705 2328 470 9031 5859 5060 8553 672 8962 4545 5707 5211 3597 3752 8009 8586 9132 821 4403 3873 9008 5421 1940 7439 1647 554 2364 3331 6518 9343 3969 9966 5391 7895 1194 5415 3131 6190 4402 9075 7132 7548 5028 4898 682 6977 3291 4451 4352 8993 3395 3821 9323 7939 2467 7903 9613 409 6129 1500 4716 6788 5783 132 6075 2212 3482 1562 2416 3016 4000 8816 3505 2000 5536 4130 3025 7217 5686 4376 4229 8391 2808 5260 8881 5613 3856 7379 3550 8078 9900 8485 4163 1478 9083 5544 2542 8026 208 996 4690 1942 7042 5399 6307 6195 8413 8448 6504 2115 7726 9723 8595 2342 7698 5274 6102 1856 4099 4175 9103 1574 34 5514 8497 1781 3976 3573 8516 3013 9599 3188 9886 1257 7920 1235 2280 9998 9046 7885 3179 6669 4387 7049 9013 9432 1313 6811 6221 3252 7189 1237 1883 3743 4792 1709 8261 8599 1548 5195 6773 3757 2013 7959 8504 5395 7101 8698 6914 786 6347 8262 3397 3424 3068 3685 6298 2978 1536 7577 4275 9267 9048 7488 6931 2415 8218 2124 936 6593 9466 4571 546 3952 8337 3520 4026 3655 2246 6740 5304 147 8101 331 1598 5277 503 7484 7725 4918 6719 4469 779 2733 5137 8279 5026 5295 6937 1224 9467 9376 2422 1825 5249 6061 4991 7239 1319 5620 7470 497 8675 6476 7673 5233 9237 4996 1243 692 4992 2037 3195 3493 4382 3038 9640 53 6746 4113 1396 5346 1817 6837 1060 1993 1922 1005 7907 8819 7913 7628 9162 4873 641 105 6431 1595 869 4882 3858 6982 7302 3824 3724 3560 6093 8646 7229 3304 6874 8726 1356 3279 6833 1854 4496 423 3350 7750
6018 8486 8931 5658 9897 4040 839 793 9924 3684 1456 3406 6604 2242 7497 104 1589 2023 5937 9554 7080 7826 9850 8366 2730 692 4955 4341 6136 5077 138 4847 5765 3668 4632 3411 608 1615 6869 4678 4287 6848 3843 4919 1480 8649 1593 1229 3434 1046 4735 7983 3703 2688 9029 6219 3612 5741 8432 9643 4424 4671 673 3723 8725 6521 3707 1894 6526 7718 1267 5898 2285 3965 716 191 9337 5123 1014 1080 7993 1718 1434 7773 5360 9008 5384 4244 373 3231 6317 4173 9463 126 7229 3267 9178 1660 2940 9042 8642 7986 8111 8316 2648 6962 1228 8636 9177 6862 1064 1162 1723 5445 7146 4732 3575 8082 9069 8286 8603 717 4996 1206 2996 7933 3621 8958 5302 507 6653 7526 9358 5958 382 6448 3187 5044 1685 2981 5907 5502 835 1587 2420 2185 3801 3249 2744 7920 1198 4584 2932 623 3641 4988 2794 8002 4935 8311 8644 7589 1856 4062 6479 2037 3158 5797 7323 4622 5396 1862 2871 7728 9289 4644 1029 3106 6112 9841 5149 5860 9828 2726 1486 7458 2842 8481 4920 6285 518 9473 8148 5975 2011 8319 7056 2583 4854 9379 6793 9757 1809 8388 8370 1936 8196 6454 1996 6293 8937 4467 1139 1285 2325 6032 5707 5174 5901 6693 9593 4342 934 6953 8018 1759 8306 4633 8216 2484 9495 3781 7219 5252 425 2916 3799 3646 8999 2167 7374 9509 1002 3462 5495 7228 8469 7302 3787 6028 6501 7677 4402 9038 9436 482 6612 654 2491 3102 6906 2337 3650 8205 9671 8873 7164 1159 7322 9824 3520 3989 5959 5187 8324 1060 1956 4226 3946 9491 4575 9722 3753 2770 2759 9946 9324 2700 6647 8717 8109 8713 8903 1209 7404 3554 7247 9701 2918 3402 7398 4745 5998 2449 1432 8170 1608 3255 1553 9169 8450 6070 8171 6413 5131 9433 6081 984 7035 1748 5486 4011 1592 6431 1558 3173 7823 5442 2738 9111 9956 7339 1446 5391 7858 3498 8356 4715 1946 6211 5200 740 5434 4326 4110 6958 2022 1132 7678 9207 907 7309 7401 9153 1619 6075 2175 5786 4503 4000 8779 5809 4941 7120 9893 4834 3342 9301 2262 3527 7603 9084 305 6722 8840 8711 9300 7464 1651 9730 2165 7771 5757 5256 9638 413 5298 1301 9156 6027 1696 5801 6529 2119 6895 9524 3028 1581 3611 936
1614 664 9113 8159 7395 8944 6681 568 8155 8189 1440 5182 2913 7998 4329 7118 8890 7393 9341 2929 4822 4324 3107 9517 8021 4767 231 10004 6418 7742 5110 7198 3017 7368 9300 6064 7962 1468 9631 5406 8484 7928 8217 5889 7675 3399 1590 5428 4117 9172 1451 8002 3535 4615 382 5048 9498 6789 9151 616 8634 8174 9421 7063 4797 4283 6242 2650 5165 1284 6127 460 9579 5721 995 8455 8681 3848 7530 7164 9766 3626 1562 979 1624 8686 7859 6903 6536 4333 6324 6387 8892 6996 3086 8682 8653 9406 5037 6678 6167 2527 4563 697 7566 18 7253 7110 471 2392 6343 7619 4508 6611 4456 6926 6974 7453 7438 5412 7293 9177 5462 7375 2907 9189 3080 9873 7404 2154 3551 1439 377 1037 118 7417 4577 7925 3809 261 4049 2656 3974 2533 3372 1946 4811 1504 2485 2893 1961 6837 9630 601 6608 48 1298 3348 6710 9822 2517 6548 1951 8822 877 1857 7467 4659 1655 7536 5973 1008 871 3048 6218 7414 169 2297 183 9525 6433 9768 3229 5314 6732 5455 3761 9789 4064 4682 2093 649 7087 33 9279 5229 8594 6107 4430 2080 8233 2713 7670 9395 2217 6056 9550 6474 6633 89 8170 208 9566 3298 6628 6085 8797 836 4992 600 1803 8179 3425 6436 4169 8857 8940 7475 3071 6656 527 1283 1322 8591 1699 8809 8461 7490 5097 4775 8650 4998 9416 3052 5424 4911 1668 9959 340 3378 755 6060 8756 3971 8132 7751 8327 4068 3888 9597 2148 4742 190 3132 9558 4886 1627 3087 3480 522 7279 1949 9219 7132 6111 3636 9584 9732 368 7827 3248 6546 2348 5070 5131 8033 2385 2729 4494 9390 8213 6683 171 1900 3935 5271 257 4843 5159 2475 4878 3215 8093 482 5212 6965 4236 561 4541 5064 6322 6784 5140 1243 9262 3600 6723 2238 6891 8918 1835 1827 3415 8421 5423 106 9799 2079 3428 837 9797 2476 9683 5091 5966 7401 7753 7930 7820 9641 3421 7230 6672 7358 1278 7318 9218 2327 4235 5763 2665 7191 9410 4243 4175 7666 182 4720 4557 1888 6317 2773 5767 1871 4688 902 1898 4332 1519 4511 1012 77 545 7717 5069 326 6157 4512 5817 1953 8425 4629 7610 1291 9741 3585 4697 4119 8775 5203 3748 7366 9697 2312 2209 7644 4549 3476 1316 9782
6177 1120 9238 8942 7656 2745 1896 5307 3696 8259 8137 2333 3622 2934 9411 9626 1973 5033 8050 4592 522 7857 7878 8713 8081 3442 8643 1962 2213 7428 7975 4469 9927 7270 9317 8271 5755 4831 8119 5906 9882 1192 4953 3916 4617 563 4722 4738 1562 1557 7553 8180 8808 4234 1536 6718 8812 3440 9040 8217 6467 3597 2893 2539 2759 9124 1550 3939 5055 3683 5836 3763 9970 3738 9929 6873 3062 4017 9586 9913 42 3067 8028 8959 9285 4616 5765 2846 6865 4650 9023 6588 4596 9735 5354 9377 6368 8238 7302 2965 8261 7740 6085 9375 6765 4486 1549 9141 3179 5810 8924 1222 9005 154 849 7993 896 3667 9012 3768 3974 3111 9301 1440 5760 8842 7492 5278 4449 3890 9778 1822 9989 4970 5545 6488 4432 2261 7907 7960 2443 1801 9154 5602 177 1287 1106 2010 2692 7413 5949 6350 1804 3555 1223 3803 2030 8729 4905 3437 4632 2589 2841 2854 5277 9651 2014 1898 4910 7448 4005 1961 7415 5552 95 7557 7386 6305 5733 9198 6875 2665 7769 5332 3737 5124 4997 5189 7105 7045 8948 6465 3994 9148 6793 8935 4042 9627 6778 6909 5923 1504 3063 8822 1455 7786 6961 5608 8993 2536 8358 3496 7931 3196 7439 788 5091 6544 3323 7247 8879 5151 4641 5806 9718 3725 7506 2499 692 4133 6574 7375 3485 5111 2574 815 4735 7161 5936 3927 7437 1185 1339 791 9499 2165 6949 7990 6495 8046 5386 3025 6358 216 8556 4221 9120 2344 6442 3556 6028 5679 9910 5641 7446 4402 8216 1662 1721 5020 5627 218 8159 7973 4866 6175 1517 5486 3189 3825 7670 9973 8146 5550 492 3805 1633 2474 651 7268 9714 4519 2 1000 3037 3976 2714 3046 7193 9591 3917 9422 2439 2595 1650 4103 2522 1130 7253 7688 6400 1886 7292 4950 9515 8996 6944 3979 7122 8674 812 327 1533 2310 3184 9821 8297 594 3572 2852 5674 5899 6268 8074 9835 5518 6844 3815 9655 1220 9402 6409 5103 4162 5821 1737 1844 5622 6214 8786 8601 292 3477 6699 7580 7824 9425 6847 8223 5276 4846 138 4025 7998 4907 3040 8384 8342 6672 7936 7207 6812 160 9665 9242 8148 5153 4244 9558 5464 7556 2581 4429 7860 2279 4334 1700 4185 6259 4857 2958 4647 4615 960 970 8992 7738 6482 5623 1012
5737 5392 8829 2057 5361 9979 3943 1249 5637 5228 1355 4610 3944 6054 7513 3101 8274 7151 4909 9638 6586 1981 433 7501 5483 5776 2654 1937 9167 5013 9008 1550 927 9512 1576 5773 8253 6316 5541 4270 1385 8662 182 2286 4936 9282 7203 4594 7120 6059 1517 2474 7646 1718 7607 4456 4492 7353 4840 8324 7233 8646 3358 2291 8947 8655 6575 9168 9818 877 9430 7846 2046 2541 9357 7326 5196 7707 4620 1959 4800 6257 2242 3663 6794 721 368 5393 3627 3933 3234 6891 6484 2214 9221 4301 235 6776 4294 6628 3651 9176 8230 5878 2421 3156 2360 254 8008 9917 6243 5021 7420 6551 3925 4822 1890 3486 6904 8907 6588 1584 4185 3247 9314 851 4584 9105 7313 2773 3333 2250 2075 1788 3719 5685 5707 1340 2584 5825 7938 3798 5014 3806 3426 8807 6424 4117 6738 1830 5389 4421 6436 1735 9236 6327 8361 4892 8009 4715 8119 2894 4332 9092 4890 8406 963 2366 9070 9257 7162 7729 253 3203 8041 8370 8109 4879 5586 341 5749 3010 1320 6554 8333 443 5516 4229 4520 1795 7333 8810 825 9745 357 2573 3005 7316 7181 8961 5876 2818 9411 6614 6430 2926 7987 9082 6875 9660 2219 3225 3674 9614 1343 6992 1446 1557 4541 2630 6701 4171 6026 3064 608 7788 3552 3810 2632 6304 7923 1772 6895 5690 9718 713 1956 392 629 8623 2920 9178 7833 9630 8174 6987 7442 2184 5169 8063 4003 9353 8120 7699 6208 6965 1802 940 1928 5950 8143 8137 9328 8079 827 9348 4109 8326 6836 2391 9111 6122 4022 578 3736 7314 7578 5209 123 8994 4329 4684 9269 4780 220 4750 6175 8512 9943 1082 3762 2153 6319 9949 9898 5011 9405 7805 5181 5681 6501 3843 1085 8170 7781 9945 685 7514 7906 143 5024 1821 2172 7551 5565 9513 6381 7649 6126 3228 8082 5235 4969 7735 9069 4452 5286 9856 3341 662 7076 4786 9036 5999 3420 9998 5175 6872 5252 6598 9606 2931 1991 8455 6247 4227 4917 8050 1580 4979 5750 7815 3196 4427 5245 2984 6481 7813 3593 675 9499 9160 1399 5883 6432 2529 1732 4828 699 4735 4149 386 1820 7374 5675 7692 2594 3840 6684 2542 4155 9202 3069 4619 7161 2924 8384 5330 1122 5829 7144 1295 6513 1461 3583 2660 746 409 2258 487
4775 8546 5524 4971 9668 2961 8373 4840 647 7380 6814 9088 8014 1049 7639 434 4629 7506 1817 5296 194 2234 7581 1940 5898 781 795 8023 4266 4509 1305 6858 354 495 7531 1858 2161 7061 5090 1057 6051 5435 7627 2816 2131 3009 8852 4825 8628 9261 8698 5373 9927 6588 3914 4332 1415 5037 6574 6693 8089 1172 8241 1021 3190 7948 4143 3907 718 8297 9919 8176 8920 1334 6105 4723 8861 8042 5498 125 920 8228 8605 8823 5578 4259 895 8187 1733 1956 2722 776 6791 8650 4894 9942 8614 2033 2448 5130 3124 1035 411 4191 4386 703 6271 1793 53 5205 3247 1637 998 2752 4828 3029 4882 2317 6116 7543 9483 4659 1551 8062 1528 7624 8415 6510 9390 8109 7209 5733 8516 1472 8733 3429 5538 2192 5911 3204 5169 386 4150 7521 3843 3415 8317 5949 5668 6408 9623 6890 4009 485 9516 3112 3417 7920 9701 1414 232 4698 8820 1170 8638 7276 7444 4117 9068 1977 3557 144 2152 3844 8220 186 3822 2580 8949 581 467 3082 9372 1675 3462 3991 4058 5769 1370 8966 2210 2338 6951 6911 4844 9860 4877 8313 6743 8171 4909 1961 6733 149 6163 3217 7592 4760 6520 7405 6855 5953 4874 3905 1115 4545 4166 4345 3838 9411 8944 6577 1094 3710 4798 8984 8644 6085 8693 1362 547 7216 9347 1634 6597 7131 1202 2286 7266 9429 5371 317 2836 8168 501 6340 3107 9413 8547 322 6847 7541 9880 907 5805 4231 6453 5694 1247 8364 1623 3777 6509 4585 6233 9336 8821 5975 507 5149 4356 6658 26 5561 2630 9031 4318 4194 8794 6331 9897 2536 7676 8100 3992 8863 7645 9250 5878 4751 3303 528 5984 3724 2019 5227 8887 2881 4239 4865 688 4245 3674 1937 1490 5160 7176 7280 6650 1614 560 9639 3714 4004 6481 136 3740 8850 5222 4876 3508 4867 291 7997 9427 5768 6572 7090 4337 5426 4410 5946 1260 780 5997 6147 6393 7597 8771 5893 6777 1422 8651 9699 1811 6487 8952 4989 6095 6708 108 9298 6357 4736 1277 2409 7868 9 3932 759 5162 6779 1025 2396 5445 5642 1562 875 2150 4241 4468 4440 9998 7505 7019 3420 2321 5322 5040 975 2314 1708 1915 5857 3916 3935 5167 783 398 1768 12 8340 6387 8788 7522 8648 5291 6190 2861 8209
8403 8073 3529 4883 6303 4629 6687 8461 6567 2260 1601 7325 1902 2615 6186 2836 7349 7145 7611 5173 8780 8291 284 3564 2939 1914 233 8684 7333 314 7616 9184 8153 7663 4858 6262 7764 9827 5605 3084 8156 2064 479 9888 8507 7443 8500 3829 5375 8711 6977 931 222 5864 6711 3697 1556 1247 7545 8267 5048 8575 3952 5977 9298 5538 1373 2548 4475 7235 9760 3894 7483 560 8820 351 5275 8547 9510 3484 8812 1939 274 5549 4193 3170 1092 3288 7690 4502 6879 370 6507 4163 9125 4854 7056 260 8328 7950 2927 4296 7742 4187 4361 9850 6043 6204 9270 1089 8887 2062 876 6136 2754 3612 3418 1899 8214 558 9217 6606 9529 4716 4428 1554 1644 3793 2514 1217 3493 2022 8816 1145 7778 7048 1848 3327 4952 7617 3982 22 5536 1770 8803 8729 3404 4678 1964 315 2414 1053 6026 4575 7399 7227 1341 8900 4485 5250 8506 2638 6624 5956 8463 6170 6012 7354 1149 6984 4545 3347 982 5109 1470 8311 6321 1056 427 196 1018 7970 8964 1788 5230 2469 5146 9136 7674 7678 6884 4381 5880 3535 3692 7552 1874 8173 3693 2350 3750 6046 605 4891 4715 9630 9685 3771 6881 9980 252 9916 2949 9936 8986 7428 6474 5710 7259 4996 8890 6470 6504 9762 3497 1228 6313 2644 5433 7205 5708 7656 1244 3137 2639 1422 7832 6336 3082 8553 8319 4733 6057 3425 5513 1332 5683 7615 4379 6277 9790 7946 3721 6799 6243 6532 4204 5990 1714 9912 3743 2432 7487 9773 6317 1850 2930 8704 3363 7813 5104 7466 8938 6949 6489 7736 5378 3112 2598 4557 965 3480 9606 4442 8782 7894 4036 9317 6770 6996 2163 5845 5479 8081 1941 9884 9301 9946 7001 6174 5218 4851 2648 4639 4702 7207 5311 1401 6997 6968 7721 3352 4993 4482 842 2878 9019 5881 8340 5568 5425 8793 707 4658 5934 2823 4926 2771 5241 5289 5768 5753 3727 5608 7492 3777 5690 1222 7504 1395 8188 5719 469 1866 9761 8699 9359 8440 5732 2892 6240 2124 8583 2364 971 2289 848 1687 261 3126 9826 800 1208 276 5152 7945 8923 4923 8370 9620 1663 5025 8137 832 4863 266 7137 9199 172 5782 2974 9977 5851 4288 9330 9193 1363 4533 5729 8491 612 8505 7840 4748 8083 1544 3629 5047 3770 2076
3417 1535 4853 6692 6906 4455 5639 776 406 3802 165 6609 8371 8859 2054 6905 9657 3763 2903 3494 1261 9207 3025 9298 9979 9895 6555 9083 7625 6835 3538 2534 1688 9507 3517 1699 2320 4139 8323 8380 2069 8931 7776 1879 6618 1581 5729 2925 9134 2505 2441 5138 5158 1188 8687 6175 4457 5242 4528 6159 7633 5247 8539 5532 7005 9821 1230 350 4911 5186 5637 1173 6661 8056 6341 1527 6441 1691 3908 9145 5325 3063 1755 1211 9125 9295 5571 4267 2929 8340 2 3940 2793 5315 5048 3009 2467 9984 3899 5928 8455 2192 9533 8363 440 7060 3907 4340 3449 5190 4843 8677 8160 5711 6498 5387 763 7990 9435 7802 6725 5359 6321 5497 8949 4203 5626 8360 6039 1432 281 3597 5833 2295 4098 1451 1513 9220 5448 3665 2342 9779 9567 1614 4182 4791 8992 671 6238 6962 3346 618 1748 7604 6000 4170 7173 6494 6181 3266 6491 1773 7645 2865 1030 22 9977 285 2803 3330 3794 1753 1608 5373 3542 1740 9192 999 1172 1856 6180 8468 4615 3900 726 324 65 6445 897 1405 637 2980 3220 5615 5540 5417 4815 4228 5667 5225 2899 4288 3764 7708 5370 9141 6119 5566 256 3556 8968 5435 1242 7975 7409 9683 8609 1644 8234 1029 5224 8101 2412 5891 789 2829 8176 2535 6493 1376 1390 8618 4861 5104 1900 7453 949 1090 8126 2453 2756 7656 5685 1652 6646 6030 8222 3411 2726 3604 9447 5420 9223 9856 9293 5968 515 7183 4509 4927 2010 5632 7169 7288 8684 1767 8836 1616 3785 8543 4738 4502 1313 8892 507 8771 9515 1929 6700 5318 9456 8637 6093 720 1515 8823 9200 9418 6173 4854 1490 8782 2328 2551 3317 1371 7386 9245 5489 530 9209 2628 3043 5725 3719 1630 1006 4786 4981 1298 6866 2388 648 5800 3842 2232 1593 3347 5423 3624 5477 2912 6711 8138 71 5254 2146 8657 2123 8219 9010 7105 9985 8704 7804 6328 9111 2067 9328 4024 6133 2787 6506 3799 5764 981 4745 8116 4438 4010 8912 6544 6263 7003 211 7485 4604 1080 104 3707 4012 8515 289 2009 827 5293 9415 1765 9233 7871 8039 4712 9663 2572 4152 739 2747 4439 8815 781 4417 3175 9544 1176 1062 3677 9967 2270 4057 4586 4653 6364 1965 9561 2805 2933 7546 7506 5439 448
5161 2433 3563 9419 7815 5985 8988 8309 7996 5081 8306 3588 9460 4680 2845 1837 1785 2100 4618 5145 5609 3568 3423 7188 5357 3555 1000 2814 2987 3671 7995 276 6430 5715 2541 2139 1880 8260 2712 3220 2452 4795 5035 7430 7355 7232 6630 6043 7482 7040 4714 6103 5579 9523 7185 949 7934 7381 2071 5371 776 7250 3057 9790 9224 1491 417 3459 42 2844 7039 9916 4227 7706 2604 4644 9991 4350 8308 3191 3205 426 6676 6919 3715 9268 2764 2905 9941 4268 4571 9471 7500 3467 8461 7845 30 5226 4541 5419 1255 7235 1031 1664 1101 7783 2330 8998 6324 6742 3825 7447 8984 9103 492 3582 644 3431 5600 351 6553 6317 3128 700 2322 579 1323 3744 8515 7133 1264 445 7908 2535 3330 631 1008 1226 7988 6669 3305 590 4143 4366 5132 3186 9201 1053 7304 2345 1017 4443 4858 7540 5534 3445 2821 6601 6796 3113 8681 4203 2463 7615 5657 4047 3408 5162 7238 5439 7292 4727 8526 9953 1886 7069 3961 465 3938 27 818 8920 1793 512 9619 8143 919 3882 1136 5839 7948 4602 8321 5614 7579 2796 6560 9931 6253 5825 720 8359 8078 8818 2026 9300 6419 2895 1919 5522 5827 323 2104 3824 2642 7108 1223 3580 1041 9686 9854 6527 1471 4387 5967 2554 4562 6254 623 2596 6232 4990 1352 2991 2877 5492 1775 4085 5872 6401 6468 8179 3780 1369 4620 4748 9361 9321 7254 2263 7287 716 9153 574 7319 4371 9143 2559 8573 5627 10002 7170 8930 9815 9265 8363 7284 6315 3525 6955 6576 6755 6248 1814 1347 8987 3504 6120 7208 1387 1047 8495 1096 3772 2957 9626 1750 4044 9007 9541 3612 4696 9676 1832 7781 2727 5246 571 2911 8750 5517 1816 950 2732 9257 9951 2283 3317 8215 6641 8863 8104 3657 767 4033 6187 8919 6995 8643 1739 1224 8385 2917 7559 6766 9068 2436 7971 5040 1434 6728 6604 1197 8741 2300 4946 79 503 6402 1266 48 1653 8288 7161 5713 2938 8394 6134 4429 7637 1290 5291 6649 7275 3098 6655 6084 4347 3900 7570 9586 9690 9060 4024 2970 2042 6124 6414 8891 2546 6150 1253 7632 7286 5918 7277 2701 400 1830 8178 8982 9500 6747 7836 6820 8356 3670 3190 8407 8557 8803 0 1174 8303 9187 3832 1054 2102 4221 8897
5699 5579 9385 4419 9484 9785 5075 9359 9580 736 5045 5307 3335 4504 7622 9133 4406 7061 5411 2705 9475 6568 8205 8488 7351 7888 6367 3072 1671 4577 8142 5983 9247 1791 771 3101 918 8946 6501 6494 2880 9762 4637 6239 8466 1711 6644 3126 959 5811 3361 9350 6363 3866 4174 3078 480 5826 5387 7469 4479 7581 2261 7546 4205 1928 8601 9938 9729 6184 4373 8608 3545 2847 1302 2771 6381 293 7921 4820 4938 1529 2743 1932 7807 7435 1221 3839 4530 2461 7874 9146 6829 1428 7781 2589 2480 9106 4762 6444 2798 6025 910 527 1500 3496 7570 9448 6924 7588 5875 664 9330 326 6374 6686 4796 9702 6540 3756 5995 6865 4289 5268 6073 1389 512 9481 5377 9454 5733 8837 3120 2150 4562 6116 7864 1124 8083 2684 8640 7200 2837 3287 4025 7637 1152 2525 5177 9126 792 3936 286 4307 1695 9820 3131 4970 5184 2733 3917 9061 8691 2080 8450 4887 6649 7137 332 5183 7935 2041 1181 1772 9546 7485 1303 7576 8257 8173 4833 7361 5903 5113 1816 812 9973 7785 1795 9984 598 2417 6601 6658 347 7209 6054 157 4896 9866 4007 1203 7412 783 719 3416 3436 9473 6965 4453 2735 3520 2806 4437 5911 3525 6817 3810 5283 8099 9515 8635 3189 3464 3915 9458 4939 6334 4619 9812 4719 9976 2186 7423 3603 1341 33 9496 7403 7573 3849 2545 1207 6618 8287 2218 1071 3593 3326 1287 745 8262 2177 4206 6733 470 7811 6641 8725 5338 2185 2618 1727 3468 3121 6955 6438 3989 4776 3665 9048 6268 7713 6080 5003 3637 4599 3775 7227 2481 3904 6638 4317 9717 8566 1875 4111 573 2376 9736 9798 7498 3726 1943 620 8057 7845 9899 2460 3069 7270 8956 4516 5240 1624 8903 26 5882 4278 2448 5451 4772 4459 1544 4769 51 5923 1143 9315 8307 8255 8570 1081 1608 2072 31 9893 3651 1820 18 7470 9284 9457 134 4458 6746 2893 2178 9011 8609 8350 4723 9182 9690 8922 1258 1498 3893 3818 3695 3093 2506 3945 3503 1177 2566 2042 5986 3648 7419 4397 3844 8541 1834 7246 3713 9527 6253 5687 7961 6887 9929 6512 9314 3502 6379 690 4169 9074 1107 6454 813 4771 9661 9675 6896 3139 3382 178 5731 9234 9375 6404 731 1034 5934 3963 9937 4924 4308
4419 3451 5466 765 8266 5357 7391 3922 7039 3745 7149 1924 3362 8122 3920 7436 10000 1396 8100 8287 6192 6759 9290 2233 7071 7400 7139 3909 4616 9378 4779 2040 350 5584 7363 9480 4546 3259 3550 825 6363 7840 9862 8775 9394 1603 2035 6346 6211 7991 4906 1848 8441 5644 5460 1956 7017 8112 5905 8690 1249 2255 2704 8644 373 6022 476 587 3571 1660 5731 3201 5056 2094 9645 6818 2582 2840 1662 5334 6953 802 5925 4720 8748 9750 986 9429 9666 7653 1950 8208 6863 8660 7204 6017 6472 1214 4199 7093 3033 8383 7150 6729 5238 5995 832 9977 958 4980 7173 7167 8358 7109 9864 8378 3139 7356 5866 1421 8141 5152 3052 9615 2766 6344 6608 4239 9160 8024 3359 3714 8299 3810 9257 3780 5205 7542 8973 112 2792 1183 5349 8979 8928 4041 8435 6835 4211 4711 5531 2873 115 7200 6811 8975 9722 6544 6936 9180 4054 851 1202 6581 4595 8543 5411 6679 5156 2258 7112 4265 3999 6765 8099 3482 4316 8886 2371 9699 6106 3816 8066 5029 2450 9028 4205 5902 4282 5628 8636 1961 1021 7485 5277 3257 3947 7080 610 4009 4780 6845 2226 3457 4275 2014 5511 6843 2623 9712 8529 8190 429 4913 5462 1559 762 3858 9736 3765 3179 9423 850 6404 4705 6722 1624 2870 5714 1572 3185 8232 2099 3649 6191 1954 7414 4360 152 4859 6174 325 5543 491 2613 1690 9783 9446 1288 9524 5819 5747 25 5051 8090 265 7446 8015 142 6844 7428 1581 6402 5102 2970 5878 9046 632 9649 6024 79 4339 9324 5491 806 5131 2217 240 7405 1143 3282 3988 3945 7477 6865 8263 949 1763 296 6296 6129 4254 1179 6143 1475 7429 6386 8278 2975 9889 8419 4 4216 8722 4904 2245 4689 9898 1629 6881 5087 944 7759 923 6924 1555 1556 6361 8237 6110 3022 5563 6528 105 9185 8065 224 574 1148 7293 3361 3317 2044 9563 3081 8862 7135 4703 7119 7879 7124 1883 6497 1255 1064 3953 5889 1859 1254 6266 2077 8016 4947 8720 5301 8500 8943 6067 6554 4951 7926 2798 9999 6598 6224 407 9280 4218 8325 8656 7998 8520 4973 3559 4042 3233 8711 2084 1623 8072 3838 3699 6273 5691 1134 65 7118 3074 5248 4010 9585 8721 99 369 6816 2979 9095 5916 1503 1871
9808 3529 4039 2874 8969 4955 1174 6181 7988 4547 2106 1305 5195 3569 6106 7865 3945 1519 2744 4753 1243 7495 7341 7889 9188 6515 1731 690 2185 634 3294 5655 2322 8464 124 4459 9567 6336 2238 5124 2652 3001 8777 3039 1234 4278 464 7018 6959 3660 3053 8462 521 707 3814 2505 7163 3194 5491 4855 1010 8714 534 3130 8188 4875 7047 6206 8029 1412 8973 4161 8678 7680 5643 4704 5966 5634 1487 9096 4763 9265 6241 6085 7030 4577 6158 7550 1427 992 2280 6794 1388 3730 9172 9691 1736 4701 1558 6 7868 8353 7147 6370 5496 8866 383 8086 5108 5828 3006 2781 2412 606 8852 3162 1836 4865 9032 7460 9285 2271 3577 4518 2859 6943 6836 3058 2466 9901 79 8388 5203 1981 1100 856 9262 1833 457 3404 3834 8542 4655 682 3773 5640 296 338 2008 744 1473 1868 8520 9022 9445 532 3527 4436 9129 3216 1124 6099 4251 820 6401 4346 6980 4495 2421 3823 5722 4033 4065 7720 7710 9695 942 2198 3057 7668 8025 2206 1469 2662 1016 7523 1783 375 9674 107 2830 7696 2467 4699 1955 6261 2115 4522 2065 4440 8335 713 2623 3754 4408 4680 723 638 2500 3152 3821 6119 281 8319 3889 2628 7765 3781 4052 5297 3336 7325 1058 9193 519 1104 62 6759 3332 8119 3561 7694 2864 947 6209 2430 7040 2592 4904 6294 568 6388 1923 2606 2125 2537 811 3184 7476 6109 2266 9573 5145 3487 2369 4138 8240 4560 4529 5679 7565 3453 9118 396 502 9482 8198 2890 5793 4950 7170 6808 8616 9980 9415 6487 7289 8204 1699 7042 2195 8656 2040 4399 1463 3853 9774 271 297 5143 3884 8624 8392 4409 9485 2599 8518 9419 5693 4786 9703 9361 7199 6055 2978 8339 9926 120 5253 2063 4837 4583 4967 8799 8679 2478 7519 2577 2878 8175 2452 2673 3836 8145 8407 6435 7604 715 2226 7506 154 8511 5805 2568 9668 1298 1581 444 981 9467 6172 4771 7677 1235 9083 2340 4891 3871 6201 4018 2039 9601 9594 5980 2855 7737 9339 1559 4811 9744 6226 4059 8911 6461 2443 9463 6966 7274 6178 3580 8926 8487 562 7579 674 5361 639 7305 5028 1694 3031 2822 9284 7473 1701 6645 5947 4402 5871 9481 3393 1014 7920 8038 4629 5843 5032 900 528 4321
7626 2153 2784 2618 5548 4349 7186 9437 7925 7847 3316 7093 2880 3576 5518 297 941 3198 495 1666 4387 9650 669 7155 580 9811 3735 8981 8378 2986 2549 4234 4996 3844 2355 2715 1304 6195 1007 104 4227 1382 719 7237 4317 3531 9447 5940 6593 2060 6234 8276 3219 1330 1034 9755 4844 3995 7406 5795 351 229 4432 5721 5033 1503 1718 4072 7132 142 6691 2621 9956 9977 805 173 5541 735 4061 4312 9527 67 6568 2019 9369 1409 363 7854 6930 211 8005 1974 3291 7052 6015 6716 2662 6821 6837 3661 3656 9652 272 900 6333 3635 8817 904 5539 1132 309 8566 5696 4992 4638 4858 1216 3649 6038 7154 5782 7935 5862 2062 5837 2021 8972 5161 6116 1678 2005 2141 5166 120 1051 1377 6715 7864 4945 8964 6749 1115 8687 6695 1827 7453 1469 8467 330 9401 5064 353 9839 8184 1467 8864 6585 3648 1233 5278 7909 1016 3321 1097 2253 2948 85 2995 5766 1104 5867 6073 5210 1393 3539 7859 934 9591 7377 6548 5989 1870 3921 2081 7069 7644 8587 6531 4360 10006 52 4542 3900 1246 7701 2276 3386 3205 4109 4791 9512 8048 8449 3903 5654 3322 5902 4129 821 7004 5536 6731 4688 4940 4953 7376 1743 4113 3997 7009 9547 6104 4060 9514 7651 2194 9656 9485 8404 7832 1290 8974 4764 9868 7431 5836 7223 7096 7288 9204 9144 1040 8564 6093 1240 8892 1027 6141 1719 8877 9008 8022 3603 5162 914 3554 9885 9060 7707 1085 4635 450 5595 23 5295 9538 2887 7190 8643 5422 9346 971 7250 6740 7905 1810 5824 9605 4598 2791 6232 8673 9474 5584 7210 4673 2914 6834 9260 8035 6026 9536 3284 3438 2890 1591 4264 9048 82 8594 138 7485 5124 8457 2315 648 6320 1212 4443 8541 5655 8127 7778 2002 7740 9545 6501 308 3761 3820 7119 7726 2317 251 65 6965 8274 3616 7585 5288 5924 9769 2065 238 7649 2591 5904 3732 4573 2750 9367 1806 6618 2101 3099 5136 6075 4813 5145 9292 1683 6016 1514 4538 4694 3749 6202 4621 3229 9352 9787 8499 3985 9391 7049 1607 1088 9043 6078 9221 766 2911 2426 3632 4409 5283 1913 389 2693 5671 4951 7773 7998 8367 166 1927 7617 8943 5914 1747 3319 1494 8508 7202 6261 7920 3836 3943 7721 8313
4038 7696 2087 9700 4573 6572 5047 2546 3648 5055 958 8649 8053 6275 8963 5766 4926 1547 6813 2240 4347 1398 1365 2912 1046 1188 3022 9232 7408 9220 9790 6722 5293 3750 4822 2177 1842 3294 5275 7323 1075 435 7391 7591 7919 2853 7754 581 8431 1291 7594 2320 8481 1373 1324 6047 4186 8339 9546 5121 7871 2374 7769 2607 6550 9414 1302 407 2942 5098 7433 9261 6655 3582 8149 7233 8933 1714 8688 5315 9390 6066 5418 3955 9161 6491 6115 695 5816 5008 5284 533 7952 1306 9620 439 6597 5088 9418 508 7911 4441 2753 7590 3114 977 9881 3669 5890 326 4010 3247 9601 9214 974 5473 8048 2264 9590 6394 352 8856 1988 4334 8982 6998 542 1162 8183 484 2668 9452 3766 1646 2172 7838 3921 5903 2749 8384 5617 9485 2219 3512 2030 6004 7718 7727 937 7814 8685 907 3762 2440 4675 6339 6266 5746 8896 4055 9325 3958 3562 2112 9741 1438 3432 7903 6029 7759 4592 7804 663 2161 5018 3299 9286 6696 447 5009 82 2409 5825 8225 2154 1404 174 4161 8298 2674 8261 5015 8898 3658 3070 9711 7393 7194 1664 8606 1578 5663 354 8459 5740 80 2806 2073 2472 8330 6329 8251 7000 145 4914 3929 4315 7750 1375 927 9799 9939 2163 4621 7051 5032 520 5529 6939 7250 555 3585 2550 2854 2552 2457 6304 8210 128 3285 2058 446 204 8213 4536 8913 5684 1189 7827 1101 5281 6132 2324 7687 8877 2823 3702 4343 2192 3868 1413 3391 1031 9169 4903 1109 3693 1126 5322 2997 9191 536 2353 6934 3239 1182 4213 7983 156 7734 4551 932 3803 9312 1535 9195 9749 9857 8433 894 1339 8073 2305 6455 3254 3208 2332 6099 3871 5821 9019 4657 9912 2519 4004 4438 8352 1962 9495 234 2258 774 5145 3107 7370 6756 8551 7492 2553 7262 8180 6083 7047 5826 3023 4030 9284 7093 6702 9263 6258 7334 3895 1057 4008 3644 5849 3461 7150 391 6118 5103 1437 8634 6027 8156 840 2051 6839 7086 3088 6138 1133 8936 6122 4309 8941 126 3682 8313 4700 6380 3131 2606 1745 7538 3429 3495 401 4133 3849 181 7775 1416 7799 6659 2788 5646 8732 6588 1871 2541 9644 5682 1586 4075 5355 1450 1050 394 519 724 5063 9377 3643 1044 1585 9277 3479 3577
7292 4850 9251 1258 1759 7384 6602 1717 5714 7866 988 5319 1214 486 4896 120 7498 3987 5434 3404 6079 459 5252 9510 4885 7307 6876 7370 9381 5474 5471 1063 5442 1816 1073 3457 562 9824 2598 5958 9467 8417 6695 8274 56 188 4007 1464 896 3567 8748 6037 8796 6516 8781 4490 655 6374 6947 8287 2479 4562 6377 1348 3908 6105 5305 3993 4243 4653 3324 1945 484 5293 6375 1745 156 352 1474 8918 2313 7492 5178 4185 6159 4593 5227 9469 8020 440 4020 3887 5270 5937 8632 9049 1327 3073 6737 9944 8799 917 4402 8116 1398 3990 9842 9032 9705 1202 2868 2398 5630 4526 3516 3861 424 7196 3892 9281 5310 8004 3616 4025 7898 4643 5309 3199 1740 6152 979 2102 4344 9622 2667 7272 8820 1752 3770 3477 6599 7316 86 4240 245 7703 8326 9748 7677 3480 1000 2937 3712 4983 7868 591 9071 6967 4317 9978 2050 4659 2133 3194 7736 6779 1607 7535 1646 4797 4761 1900 4413 929 2020 607 5895 6962 306 598 2678 85 9442 8376 9830 1407 7207 6712 9903 1927 4057 1546 4633 7294 4453 2996 7011 5590 2459 8532 8885 3860 5626 5320 6019 2362 2769 7039 32 4952 9018 2477 4959 2625 5602 77 1023 3375 6832 6097 6893 8999 1245 9343 3010 4232 1833 2702 5328 4431 7363 5767 2349 346 2665 7669 5068 6006 9946 8402 4669 148 1940 6480 5920 7003 7178 7465 5534 3568 3546 7913 6669 3428 1315 5455 4239 5447 5827 446 2829 5136 2515 7423 3864 4832 2817 7518 17 2926 892 4361 1244 4538 1134 6359 4921 161 4363 847 8290 6887 183 10003 2091 1524 9000 6050 1212 883 1144 4374 3667 8912 3504 6243 7933 2699 920 8810 3737 5024 4733 7458 1920 443 8428 9515 8896 6680 6248 1937 2072 292 3377 6435 9849 2639 2823 6327 1266 171 2378 9600 7034 6028 5579 9646 7910 2261 7807 7696 4712 6623 2552 5082 3227 6189 8645 1465 5701 5443 6621 2949 1330 7481 2358 3563 9542 8540 7297 8861 8624 630 6333 75 1420 9630 1079 2266 1811 7069 4084 1190 5250 9907 1133 1554 3045 2288 7451 8313 7325 3303 1110 1116 9932 1174 8426 9912 5144 927 2417 6862 142 3131 5231 8675 5517 1939 1675 4044 9130 259 4924 4569 9991 4473 9033 4503
2489 3995 5264 8546 7524 244 4316 6591 315 5233 9696 9410 6139 9981 7876 421 4206 8412 4102 9042 9138 89 59 6014 9776 3537 6114 9940 1004 3561 1350 4929 9998 9505 2292 8075 5951 7271 5433 17 4344 1033 2808 5719 3288 502 3138 256 1934 9089 4812 8205 160 976 9119 8864 4443 6399 8406 5293 7793 1886 8610 4827 224 8286 9099 2827 6951 8911 117 4508 8507 255 7136 7213 6939 1286 7626 11 5535 9791 5563 4233 8056 4719 1648 5818 8654 6100 2712 4761 3318 4554 9383 6495 9364 5263 3741 5648 2371 7404 4050 9357 1649 616 523 3973 9631 7302 4283 8138 8456 5375 1523 5613 4315 1786 8446 7360 2777 6869 5174 6397 8803 1541 2040 8062 3528 2897 3063 133 1332 8502 6251 7763 7841 2365 8595 2801 2105 163 5384 4740 2483 5186 4015 1294 6038 5012 8533 5101 5877 1946 6707 7310 2695 3132 1447 685 1837 3326 2966 4377 9493 4674 5577 1454 4299 4962 8451 1364 2150 6241 9748 9095 3621 9454 7412 2462 4351 4647 5933 837 1686 8282 9893 5330 5452 1249 9967 648 4178 3963 1609 8556 5539 8997 3060 5732 5711 4876 5508 140 4946 1620 1369 6161 5614 9120 3662 6319 4272 5318 7834 8758 5470 7683 3707 2390 8636 9673 8972 3019 8867 8851 2020 2025 6036 5409 4781 9355 2046 6871 4777 142 4549 5372 7122 9992 689 1043 823 4465 2032 9650 8534 9906 7753 9826 3619 9851 3660 6716 520 9572 4003 3676 3540 515 5561 4630 4304 8973 7824 736 6724 8939 4566 7001 8993 3854 8235 4212 7221 5351 6287 617 5328 5849 7504 4214 6824 9103 2033 4448 403 7779 4665 2360 4584 3428 2733 5596 2686 9922 4577 9821 9615 471 4288 2142 7829 4747 6097 8311 9140 9699 3811 1760 3600 8619 8044 7101 9157 1321 5682 5629 1139 1781 4435 7987 3405 2295 2476 1572 890 6176 7640 7239 1778 27 2359 9786 1552 4860 8684 145 8957 993 741 728 8312 3938 1568 1684 8679 6141 9584 1621 6174 8037 3487 6032 6203 7284 7856 4391 6714 917 5820 8257 9852 8465 8592 8400 6484 6544 4641 7124 9595 4441 6796 4654 9547 3962 6811 6680 7666 2078 519 4767 2127 5803 6628 7981 4596 1046 5231 86 5658 386 6150 2794 8498 7045 259 6342 4710 8438
3314 5992 4780 5194 3071 9196 9234 1691 2930 2160 4900 1388 8037 4131 8933 6401 8653 1939 3737 7086 7775 6103 7764 3283 7142 6666 1082 8736 474 9340 664 1646 6859 7803 545 250 3769 734 7765 8088 9018 4539 8001 1270 1439 2917 9744 526 9025 8153 1119 6395 9844 690 6492 5600 2536 313 6274 8845 3855 3677 8989 5292 3632 2911 928 9284 1773 6667 5887 605 8354 6252 3205 2611 436 6876 9432 2416 4119 1308 3903 4156 8974 3266 5513 4795 7220 1190 7312 2942 9785 7398 5885 1002 4602 499 9381 7536 8513 9715 1279 4656 9794 608 2755 1873 6831 3354 8059 9771 170 9642 759 7806 4953 5878 7395 1477 5381 976 9763 1758 4641 7768 2489 4639 8165 8744 8893 4334 3662 6963 7173 5516 9203 2841 4816 8055 558 2673 8143 3104 7649 1093 1549 1096 5957 6724 9583 7467 7199 355 7944 7581 4584 4072 5634 5794 4055 4005 3923 186 6466 754 3795 5580 6506 2821 8786 556 3070 4391 7358 3818 6018 9626 3935 7811 8964 5251 6767 6051 8079 5801 7669 7130 9048 8591 4239 7509 8869 9098 8673 7976 1229 4574 6057 6888 7050 4914 8616 4280 4374 5729 1947 2149 2080 766 1413 8078 996 5793 9257 2129 6050 3274 3925 9796 211 6507 7626 655 8436 9989 6932 8323 7402 5091 8506 6101 8161 9538 1389 2835 6007 6806 3313 1187 2904 7321 6159 6655 8269 8114 3857 3280 2734 1038 7463 7993 2858 6445 9926 4427 212 1305 9502 8535 5348 2523 7897 1900 6475 3971 665 6451 8735 5676 7464 2791 4734 4318 6838 6968 1177 4889 8575 7415 7514 2873 8471 8045 2543 3927 9399 3963 2253 1450 5737 359 7150 5078 6083 1727 5791 9654 8384 297 9450 8850 7866 3050 8361 9866 6330 7736 8841 4649 6180 7490 7637 3475 9058 6606 2985 6253 8010 4487 8316 3788 1966 3381 7703 381 2783 6322 9324 3840 1651 863 7176 9924 4824 6467 5559 5671 3453 3418 5362 9751 4140 2143 3271 9524 4168 6592 5764 3 7767 7691 2763 285 1825 6352 3369 78 7890 8293 3350 8853 2267 8678 1980 602 3946 624 9586 1868 2820 3981 8687 5197 7479 4817 2853 2434 546 5055 5645 8614 4677 622 9983 8123 7074 150 3605 3267 311 6671 5093 8109 9853 3907 3362 6471 4765 3168
2616 2580 9726 2232 8755 9846 8433 3714 4781 8132 8424 497 7911 7261 6195 7649 9233 5026 4531 7722 9753 1876 9372 2452 5113 2272 815 4830 3409 278 6351 6704 1679 3445 3139 3838 181 588 4858 7858 2771 6837 296 2778 444 3421 7903 8849 1194 4651 3916 4712 6818 9071 7162 829 2051 9659 521 3147 2250 5182 3586 168 8172 484 5488 2887 3825 7765 6221 2488 7974 9766 4299 3739 4822 4997 5284 3353 1387 1365 5732 4488 1247 9141 3274 2058 3266 3646 8272 648 2955 334 5242 1683 2651 636 5337 7843 745 8718 2180 9070 2357 8960 4178 2740 7987 2182 8673 6109 4706 8009 7822 9917 9350 6819 3869 9038 8709 8970 2193 1486 6731 1323 4062 5752 518 8746 6629 1556 2843 2552 5277 9746 8269 6247 7334 6715 4499 4067 9763 9898 8118 1196 4254 7668 458 642 4146 9092 7997 197 7419 4853 3847 3398 7465 5729 80 5626 5515 2531 4442 371 2901 1046 4008 6464 9291 3520 3262 4440 768 9156 5300 177 1382 7361 6359 5116 6680 6443 8456 4152 7901 9246 7449 8905 85 9637 4888 1903 9016 3069 7726 8959 9380 864 107 5270 6132 5144 1122 8936 8942 7751 9000 6245 7731 2963 8753 236 4681 7968 950 3050 6494 3336 9765 9501 1863 6949 8085 2743 2388 7810 2292 6852 2322 897 8567 7136 5990 3310 4919 753 7130 7181 2061 7674 9274 1891 1391 571 3229 5987 8909 9298 7134 6387 9565 9173 6929 2048 5251 4900 9528 1507 7566 691 9430 946 3844 8997 1837 2103 9344 8010 2620 1786 7223 3731 6410 10003 2286 8043 1073 3652 7081 1897 200 1820 474 7473 4141 5081 8624 825 2845 2155 9029 5492 2093 1322 9264 3876 2645 1827 4088 591 9266 3479 6397 7580 7919 5673 1189 640 4543 5340 2244 6373 2337 2923 6686 5252 9705 1397 9387 4478 3232 388 4530 2917 7877 4003 2453 9918 4148 8695 1742 5950 1243 9935 5777 559 5611 3489 4412 6326 6663 4814 6585 283 355 6077 1051 8019 5837 8663 8094 5960 9265 8681 4521 9707 1000 3132 224 7063 5470 6460 78 6023 1763 6785 611 5296 971 3885 5862 8704 4959 2820 2114 2157 8632 9244 7846 5153 4339 5806 9813 9980 1848 4923 9966 4627 8680 9723 7831 3127 6220 7690 6098 1886 7387 1198
817 2216 9714 2397 8810 1715 4089 3179 3688 7725 1937 50 9364 1823 2665 5647 4133 4452 6176 4200 6163 1777 1789 9414 1905 6402 9374 9845 1411 4391 3274 9848 5819 12 6900 584 3435 2907 7645 7810 75 9405 8695 9532 8503 7616 8563 5713 1039 8184 5892 532 3750 5425 8172 8274 8041 9260 2453 7701 6701 5061 370 5886 1723 2501 8180 6686 3035 2251 7770 8015 4414 3712 2961 6933 9044 5301 2765 5811 1600 1899 7593 8125 2593 9932 9159 7491 8358 1374 6732 3911 8491 9998 6065 1216 8074 7713 4319 7559 4867 8858 2194 4074 1153 5569 9609 8229 1963 4896 8105 6563 2433 1664 9209 7573 2088 5101 2437 870 6706 9072 9750 5258 6297 5199 2998 4592 8407 6658 8593 9765 7284 4416 3315 6713 2679 2868 376 4695 2972 9753 9666 1918 8825 3741 2208 1295 7403 5812 6405 3775 5466 5037 5134 890 2736 6564 7238 3540 7082 4485 4629 6066 6021 9950 5586 1231 93 5832 2435 1267 2954 3319 5919 176 4367 8038 4852 6832 4075 5958 7445 7482 5141 4504 5861 1682 5636 1313 3830 9559 8147 8233 1169 2393 9604 4218 2590 5524 3531 3865 7615 3758 3837 3166 1265 3351 9574 166 6352 9292 6108 7691 8686 6315 1626 6745 6334 2858 2361 5949 4228 605 4270 2275 3006 3004 3401 9656 3903 72 4997 3067 5906 7760 10000 5668 4968 3820 1537 9401 9489 2028 7004 9961 8406 1853 6717 1885 365 1875 2350 3129 3606 3988 8217 4345 2398 3608 3591 1962 91 6229 8690 5521 9130 8244 3989 3015 6221 271 520 6132 2927 3675 5302 7570 7687 9480 8818 127 9090 6177 9005 8039 9657 8708 1948 2870 9986 8447 8725 3577 4741 3848 5986 1887 9975 5627 8103 6960 8688 5918 5378 2491 158 7940 4291 3110 2374 8372 8602 2975 4154 5287 5544 9568 1357 5103 2040 4622 2452 2896 4825 7188 3458 3345 758 8924 9107 7806 869 1901 7196 1870 8346 3756 4234 9421 5519 9527 4492 8243 9191 1139 8348 3359 7986 5167 9350 4602 6422 5404 7337 8906 2673 4059 9134 7450 1486 4514 3876 428 4380 454 9226 9202 3959 8970 9983 4039 3097 9958 3998 6232 3091 1142 2749 8987 1605 5910 6966 7497 7167 2623 3977 5397 3723 5781 7555 5661 1354 695 6419 996 1709 5280 1930 6443
7664 1966 2228 256 1425 4543 6054 1327 3982 2332 9633 6396 3489 5126 5409 4272 4809 3288 10000 8599 1498 5063 2904 6168 8719 7699 22 7846 5867 3422 3415 9808 6683 1558 3160 5387 8639 3565 47 7887 2732 282 6271 3284 787 1095 10006 7408 2747 2308 4390 1400 4502 9189 4467 1126 8856 5522 6859 6650 3105 1294 5529 466 9775 8230 9699 3302 7221 4842 1741 1859 8457 9671 8860 4728 4356 8149 760 1451 9389 4795 6067 3750 8356 4702 9517 9408 6027 1683 3365 9726 2946 7838 7455 8428 417 4491 6369 3845 4509 2796 7592 6251 7254 3295 3607 1717 6623 3461 677 2916 3786 1210 2189 2994 8317 7440 6402 2298 6375 2654 5758 41 9078 1483 3037 4785 8052 5004 9612 5561 4121 9765 208 946 4558 8080 9453 2098 6047 7720 857 7214 1228 8623 6741 52 1891 2105 9661 838 5982 5612 9008 5371 1808 3570 4058 7260 2104 4856 8969 8109 8700 6467 4406 8231 4497 5178 5094 1754 4282 2824 2034 8744 7740 6894 4706 8723 6905 7526 9345 3522 3579 7275 4130 2975 7085 1817 6787 928 8131 4333 7711 7647 337 357 6394 3886 1374 9663 441 9734 1358 2832 446 3738 731 2204 5020 6436 5556 110 385 836 6379 1860 3255 1540 6733 1640 6897 9114 4344 524 8269 6961 6417 4324 4494 770 9473 8135 3539 5208 9146 7999 514 247 8215 7673 5183 9105 1127 3654 7398 4732 3562 5646 2259 9113 9546 8655 389 42 3876 3359 910 1697 586 5969 3189 4634 3001 1924 558 1520 696 4148 9409 825 3559 1238 6638 5487 8803 1032 7501 9304 6657 6719 4419 647 8871 7548 4978 4766 6820 9388 9997 4191 5877 1437 2161 8552 5824 6954 2803 1199 9376 2372 1693 1380 8472 1690 6979 2844 8071 6236 5228 5176 5491 8009 8536 9000 6959 6814 572 8748 6946 4391 6205 6378 7062 1379 3667 9821 9106 5932 5530 5271 1644 6103 6611 5843 8186 8426 814 739 616 14 9434 866 424 8105 9494 8970 2907 569 4340 1318 765 5462 8762 4167 634 6448 3174 2608 4882 3808 6850 3433 6235 423 3300 7618 1090 5995 8035 3375 7741 1692 6582 6596 3817 60 303 7106 2652 6155 6296 3325 7659 7962 2855 884 6858 1845 1229 3421 8617 7932 8810 4646 619 4422 5055 4492
4394 2784 2145 3899 5975 4176 6029 3464 7263 8690 623 5806 2698 9209 2675 8771 9562 7657 530 9256 8356 6880 9663 2619 9880 4576 6685 3339 7058 4351 6316 1533 5297 8668 4990 4562 9464 7096 6815 7555 763 8037 5156 1632 656 4259 4564 9067 841 2561 1379 5845 9967 2317 9785 8423 8591 5264 208 3124 4704 1291 3299 4991 9367 1333 4969 3727 89 1728 1614 4229 512 2822 4609 5138 5205 6916 2517 106 3357 3485 8098 8058 5991 1000 6024 9460 7890 9318 6056 3108 7880 1296 7310 4364 8739 5907 7667 8552 8002 7100 6021 5052 2262 5692 5313 5492 4985 551 84 7724 2241 4857 5945 124 9791 7232 9840 2509 1694 8363 487 2781 7744 8278 2349 3433 8413 569 6518 1464 3983 9315 1648 7487 4254 553 9694 1469 7994 8688 1020 2054 6952 5378 7600 6841 2394 9511 2770 4924 7656 5732 7380 476 9968 7122 1654 6296 5503 7805 1173 6708 3777 171 5465 5341 9941 7478 1037 3683 8823 9247 5139 3 8792 390 7025 5898 4450 1675 7131 4871 3166 6374 27 4028 5386 6012 1835 5392 4821 3084 2637 6307 8323 8427 7797 2761 1707 779 4861 5151 7628 1283 4887 9997 6369 6023 4655 6014 1438 9144 567 6915 7719 8237 5484 6573 5557 7093 2407 1927 7144 7294 7540 8744 9918 7040 7924 2569 9798 839 2958 7634 92 6136 7242 7855 1255 438 7504 5883 2424 3556 9015 1156 5079 1906 6309 7926 2172 3543 6592 6789 2709 2022 3297 5388 5615 5587 1138 8652 8166 4567 3468 6469 6187 2122 3461 2855 3062 7004 5063 5082 6314 1930 1545 2915 1159 9487 7534 9935 8669 9795 6438 7337 4008 9356 8520 4347 7110 4036 3798 1006 4833 702 5135 797 1288 8898 9370 5741 590 7353 832 9351 4509 4974 7738 9469 1100 6188 6927 5337 728 9981 9545 6028 8666 5387 810 3711 3265 1733 5625 3602 9891 7396 7307 9963 3111 2281 6924 929 5107 6355 8802 8412 5771 4642 3591 7071 6774 683 3903 5181 1673 7528 1119 7420 2543 4952 2098 8225 7866 4075 1060 4121 1936 354 4164 8411 966 2766 5718 152 4233 9725 319 6108 2793 5362 769 6846 6405 8884 2142 9498 347 550 5286 5848 4368 7945 3404 9166 6207 8159 953 343 1344 7789 4349 6713 7788 9551 4837 9915
5887 9394 8741 3267 9100 7058 2108 3997 4293 5579 483 1332 7928 9539 4976 5098 895 9613 294 3824 3609 1255 8202 5185 8643 2706 5378 5357 4522 5154 9793 4592 1266 1015 5807 5260 8766 3308 5965 3918 4964 7480 8404 5116 7329 3353 2036 8282 9319 8618 2665 8513 8497 1666 1671 5682 5055 4427 9001 1692 6517 4423 9795 4195 5018 6768 9638 335 689 469 4111 1678 9296 8180 9552 7399 9472 3265 9497 3306 6362 166 9218 3649 3322 3186 161 5207 4276 3950 8619 7470 382 6370 8585 4212 6647 8639 3500 7881 3858 6867 4997 5933 263 4974 5495 7150 3860 6470 8749 1679 4094 49 7425 4311 2006 4230 3074 2379 5242 2332 9568 4223 9467 9261 117 3934 1788 7475 4393 5743 7957 8786 9345 3457 1406 3246 8265 7690 6747 8803 967 5328 5275 785 1427 4081 7633 3051 1941 2122 1218 536 5822 7286 6885 1424 9680 2005 9432 1198 4506 8330 9798 8603 639 387 374 7958 3584 1214 1330 8325 5787 9230 1267 5820 7683 3133 5678 5849 6930 7502 4037 6360 563 5466 7903 9498 8111 8238 8046 6130 6190 4287 6770 9241 4087 6442 4300 9193 3608 6457 6326 7312 1724 165 4413 1773 5449 6274 7627 4242 692 4877 9739 5304 32 5796 2440 8144 6691 9912 5988 4356 8084 8594 7429 3517 9510 5729 729 2536 9102 6661 5860 9750 8124 654 2413 8500 6074 7299 9308 5798 2043 1889 2437 3736 1063 6286 5245 6740 5189 7849 203 6877 3012 4679 9014 4115 884 6793 9679 7207 7556 3325 7594 5789 8833 5019 1566 1507 8215 7608 3010 5076 5262 8369 7060 1711 7749 39 9410 5565 3262 5089 7685 2736 9430 1595 754 2577 5967 3521 8716 3226 2228 191 9259 514 182 6042 3644 9318 3813 789 633 1578 9132 706 2098 5982 5547 6835 1342 5943 8285 3720 4239 6291 9256 6113 4561 2416 2901 1695 918 44 3414 4938 2634 9663 376 7561 7336 6967 5161 3400 7717 6391 9420 3580 2008 3833 6826 8132 9073 7414 1491 1384 7613 7021 4449 4634 2936 9758 6536 5655 5411 3810 6388 5012 7959 8389 3090 9210 5237 8328 188 4851 4893 6563 5299 6028 6423 3068 3570 3993 5087 8082 8991 3677 7771 5679 647 8806 5375 949 8901 1528 9050 6976 8378 270 8588 8620 2268 2258
8287 3377 7333 2613 8882 350 2769 7937 2803 1188 6545 8926 1623 5257 4412 7029 2915 8977 6510 863 6012 9653 2415 8157 9168 3621 8934 35 251 7410 2339 3229 6690 5161 3454 7059 6967 5215 2742 8293 2186 8582 9865 361 5589 8559 9427 7248 4475 9534 1019 5067 2099 834 6765 5284 4056 7646 5528 5657 5068 6904 2710 4638 2196 6597 8611 9112 4730 3948 9070 3060 5212 8341 2665 8567 7839 2242 7473 4844 1333 2780 750 3425 7812 2598 6856 2231 4653 4222 4716 6727 2820 2817 8416 2788 9169 8426 803 7915 7170 9951 3304 6813 5763 4041 5620 7409 7541 1353 8817 8249 913 6094 3383 6142 3862 6127 1836 8008 3720 4293 5633 9832 1908 3723 8701 1254 3451 2651 1339 1589 1999 670 9298 7837 2639 3721 9098 7509 7705 8827 6264 9666 4838 2524 1531 3505 1939 2573 6815 5366 7793 1366 1233 2616 3283 5978 6395 8680 419 4083 7290 6145 8270 1748 5462 8751 1336 7188 6378 7051 8555 214 9751 2976 1872 862 1207 7777 4542 1238 6627 2656 5350 962 1371 5244 1989 2655 545 9093 3498 8332 9455 1690 6968 13 4618 6166 9105 1116 823 3945 4662 7439 1586 7598 5049 5672 7094 5023 826 8353 283 1058 2329 5214 7944 6417 4313 1663 7324 9403 2005 9486 540 5082 4125 8960 4881 8999 2143 2107 9253 1759 8282 9373 7960 3241 4308 7659 7951 24 7438 6788 5722 7176 8760 4553 4058 7249 9280 1403 8899 1979 4640 1799 342 4357 2936 9812 5878 6231 1206 2972 2666 3365 9715 115 4385 7385 2298 6364 9830 2305 9978 2948 7430 8376 721 4178 3443 4239 6345 8598 6689 356 1578 9186 48 2674 1777 4709 3113 9702 7699 11 5015 2414 3352 7292 5748 2015 7501 9293 3826 3266 4349 4524 4811 2880 914 892 5259 4015 774 8668 2801 1585 2793 3173 7799 175 2482 9868 4769 1210 2178 163 4864 7370 272 8245 1707 8597 1884 8487 3705 2267 7514 1709 8200 5636 4233 7536 7349 9444 8877 6346 3396 8565 8236 8497 1720 1013 6258 850 3589 5279 45 8273 6156 1083 2370 2079 4804 9273 7796 5774 6861 6242 4026 3594 9290 9425 7645 723 3781 7195 9992 169 3673 8619 7524 9731 6946 4380 3374 2925 6992 5256 9614 5153 5042 2058 3969 9905 2428 573
4437 729 6256 4913 6313 8609 3168 7454 7278 2186 2241 6334 9444 2536 2815 2472 5512 2492 1542 9991 9037 8273 9822 7559 1446 9033 9067 2318 6060 3791 8876 5207 7996 9768 8271 212 3807 5700 5202 3985 388 8899 5645 1109 875 7296 8620 5988 8076 3895 8246 171 6942 8840 2346 502 6284 9362 8806 9095 6767 8553 4277 2468 6306 4995 43 2329 8880 4413 5493 1260 5926 369 7667 22 1494 9512 9052 292 7941 5675 5161 7120 3528 6043 2162 7005 1338 450 6599 1873 9333 9559 4726 8408 8042 637 4504 2440 1857 2502 9564 8737 7781 7414 5211 7202 7265 9770 7874 3964 9560 9531 277 5915 7556 7045 3405 5441 1575 8444 896 8131 7988 1349 3270 7221 8497 5386 7489 5334 7804 7852 8331 8316 6290 8171 48 6340 8253 3785 60 3958 744 8282 3032 4429 2317 1255 1915 996 8295 5455 8803 4687 1139 4927 3534 4852 3411 4250 2824 5689 2382 3363 3771 2839 7715 501 1479 7486 926 2176 4226 7588 693 3395 7426 2829 9700 1755 2735 8345 5537 2533 8414 6851 1886 1749 3926 7096 8292 1047 3175 1061 396 7311 639 4107 6192 7610 6333 4639 660 4942 5560 2971 1527 7965 911 150 6107 9472 6985 5308 2958 9111 3591 8548 266 3095 6934 421 7352 7511 967 9048 1086 437 4176 7506 6963 9675 1714 5870 1478 2681 9057 4303 7314 5047 9735 9818 8353 3949 7534 1405 2161 2200 9469 2577 9687 9339 8368 5975 5653 9528 5876 287 3930 6302 5789 2546 830 1218 4256 1633 6938 9634 4849 9010 8629 9205 4946 4766 468 3026 5620 1068 4010 429 5764 2505 3965 4358 1400 8157 2827 90 8010 6989 4514 455 603 1246 8705 4126 7424 3226 5948 6009 8911 3263 3607 5372 261 9091 7561 1049 2778 4813 6149 1135 5721 6037 3353 5756 4093 8971 1360 6090 7843 5114 1439 5419 5942 7200 7662 6018 2121 133 4478 7601 3116 7769 9796 2713 2705 4293 9299 6301 984 670 2957 4306 1715 668 3354 554 5969 6844 8279 8631 8808 8698 512 4299 8108 7550 8236 2156 8196 89 3205 5113 6641 3543 8069 281 5121 5053 8544 1060 5598 5435 2766 7195 3651 6645 2749 5566 1780 2776 5210 2397 5389 1890 955 1423 8595 5947 1204 7035 5390 6695 2831 9303 5507 8488
1023 3309 9860 5393 6473 2240 6906 1349 8647 1002 2474 485 25 1272 8921 6655 6141 8100 4508 7023 3142 7985 2318 1430 7579 2853 306 532 5706 9388 9022 1617 5484 3420 2837 3482 537 9717 8761 8394 6191 8182 8245 743 8854 4944 533 504 1257 6895 8536 8025 4385 6421 2555 9424 1876 9111 8968 2329 4250 8201 9477 6366 8469 6314 8784 8832 9311 9296 7270 9151 1028 7320 9233 4765 1040 4938 1724 9262 4012 5409 3297 2235 2895 1976 9275 6435 9783 5667 2119 5907 4514 5832 4391 5230 3804 6669 3362 4343 4751 3819 8695 1481 2459 8466 1906 3156 5206 8568 1673 4375 8406 3809 673 2735 3715 9325 6517 3513 9394 7831 2866 2729 4906 8076 9272 2027 4155 2041 1376 8291 1619 5087 7172 8590 7313 5619 1640 5922 6540 3951 2507 8945 1891 1130 7087 445 7965 6288 3938 84 4571 9528 1246 4075 7914 1401 8332 8491 1947 21 2066 1417 5156 8486 7943 648 2694 6850 2458 3661 30 5283 8294 6027 708 791 9333 4929 8514 2385 3141 3180 442 3557 660 312 9348 6955 6633 501 6856 1267 4910 7282 6769 3526 1810 2198 5236 2613 7918 607 5829 9990 9609 178 5926 5746 1448 4006 6600 2048 4990 1409 6744 3485 4945 5338 2380 9137 3807 1070 8990 7969 5494 1435 1583 2226 9685 5106 8404 4206 6928 6989 9891 4243 4587 6352 1241 64 8541 2029 3758 5793 7129 2115 6701 7017 4333 6736 5073 9951 2340 7070 8823 6094 2419 6399 6922 8180 8642 6998 3101 1113 5458 8581 4096 8749 769 3693 3685 5273 272 7281 1964 1650 3937 5286 2695 1648 4334 1534 6949 7824 9259 9611 9788 9678 1492 5279 9088 8530 9216 3136 9176 1069 4185 6093 7621 4523 9049 1261 6101 6033 9524 2040 6578 6415 3746 8175 4631 7625 3729 6546 2760 3756 6190 3377 6369 2870 1935 2403 9575 6927 2184 8015 6370 7675 3811 276 6487 9468 3149 1592 5443 6555 5977 626 7061 5606 9224 1548 4170 4067 9502 6407 5334 3174 1633 2308 3415 8833 4109 1165 5143 6063 3569 8285 2810 3838 9927 7104 2074 9836 150 1477 3253 962 407 5501 5049 4708 7351 8083 2879 5152 9280 439 9156 5039 6693 8605 9339 3738 9763 9637 4627 8419 6232 5047 5105 3599 2330 9055 70 7350 3278 1003
2747 1672 9916 4623 9552 6828 7164 510 405 6237 9397 2571 6587 9971 8716 2655 9927 7443 167 3445 3217 8447 1013 5633 9207 258 392 3814 5023 201 6703 6959 6178 6098 1964 1989 2030 8902 5762 8618 2094 6205 5742 2581 4602 8717 7460 1796 5316 7086 5986 4182 2024 86 4513 1366 608 966 9959 1091 157 5430 4471 9703 1872 237 9564 4446 9662 5007 3377 6708 963 5551 5470 6538 4687 6855 6808 1127 3018 2917 7955 8612 3285 4956 8497 1095 9370 2927 5970 7358 2029 4097 3886 738 5182 3664 4777 9004 5529 9837 5294 1446 4742 941 9918 4226 3297 2574 988 5592 2335 3398 7543 331 912 664 9864 4938 2063 7355 7628 8476 260 10002 7566 769 4032 1778 8889 3339 4244 9731 6321 2730 43 8045 754 2006 3659 766 9631 6157 5263 2596 6628 6836 5576 5511 3403 1547 9711 284 5238 2555 9763 9976 2720 2028 9299 2010 2865 8270 1123 3812 5420 6456 950 3128 1096 4168 4803 3843 4270 4570 5062 7470 9818 4062 5830 5127 9578 1667 5905 5250 173 2254 4466 5692 2499 865 4990 1748 4837 7101 8012 2301 140 3801 2600 5834 4333 7075 3166 3560 5407 4033 6583 758 1212 1156 2265 7286 6314 9123 6925 2920 2356 4233 6911 5699 6113 3990 108 146 2610 3849 3079 5819 2307 8956 5050 9852 7320 9572 2858 4656 8005 8694 7022 8683 4202 8061 7585 2001 9655 1393 252 1583 2565 7778 8722 1464 1169 4688 1653 8684 9007 9937 5458 8920 2189 2358 3836 656 1445 9944 9072 2038 7314 756 1609 7411 6519 3455 1232 7193 9764 4774 4596 9908 6211 4551 3830 1847 196 2692 7586 6806 1524 9273 7171 4124 3530 1355 7795 344 3335 5038 2227 4822 5075 9893 4185 6432 5714 8139 2109 8231 3861 697 8317 6804 1921 5521 1418 293 8455 9432 627 2198 5575 706 1527 3674 2792 7750 4273 8978 683 1089 554 1678 8725 5872 6797 8314 2396 6300 1895 675 2677 5560 8687 3408 5558 9084 9663 9812 5253 4581 7882 8092 6435 115 3760 5735 8974 1477 3592 9062 4023 8568 2012 2468 2015 6876 7643 495 8386 8118 1274 8863 8500 5503 4991 6553 6713 4974 4924 4842 1105 7385 1673 4714 6499 7425 3740 9705 1475 3989 5310 8277 4737 6937 538 4854 8730 9883
4151 9510 1487 7943 7323 302 8001 5817 9040 4719 6839 6313 647 4564 2582 5736 101 2868 9007 6266 4973 6455 2481 767 758 7548 671 9807 7578 4723 6045 3810 2146 2219 2739 9596 4430 9167 4527 4923 6373 8751 7047 5053 582 2456 726 3893 681 7822 6324 3467 5186 9206 1789 8038 3476 8403 6076 2660 260 6331 7081 8311 4324 187 5811 224 3470 9594 4827 5415 8781 1092 1291 6821 9886 6907 2822 8131 26 2745 8405 5679 6412 6013 155 2156 234 1485 8340 3571 4556 4170 735 7110 7558 8693 8553 6322 3864 1434 3453 7965 2956 1546 1235 7930 4900 5935 5631 5933 6028 2181 275 8357 5200 6427 8039 8281 272 3949 9579 2801 7296 658 7384 3204 2353 6161 798 9615 5662 4783 4142 6293 4617 7072 5094 7454 9323 3582 7376 4792 7359 3163 5488 9301 7949 6132 1551 5246 7303 4272 502 8329 751 3934 7553 4682 9180 6950 9297 8743 8635 52 7591 7146 412 6180 2030 5231 5277 6153 2386 4614 2664 9473 3828 8580 5966 4481 4047 133 6523 8997 8251 6227 7711 3340 5378 1115 1729 9941 993 5932 1223 305 2402 1438 2659 5462 4455 9208 1392 1783 9229 2227 1151 4590 7428 4477 4841 2636 5024 1335 8094 2367 3382 7048 9858 2458 329 7645 6434 1646 1399 5397 2347 7352 9556 2363 4176 9551 8359 4803 172 3785 2105 5354 5879 6740 947 5056 4990 8084 4352 4636 8304 710 7069 686 1826 5697 2839 9760 1897 6614 5944 8848 2803 6899 4410 3130 7035 7435 8091 7966 7761 3422 9115 4842 7441 6900 9215 5006 4908 4347 625 8931 1338 2495 7995 7008 7791 7474 5353 1074 4864 3074 8144 2449 7119 768 5563 9424 8551 6719 112 5688 9629 2883 1026 4385 3089 163 568 5235 4483 3650 3885 2269 2821 3326 8157 4872 1486 3138 5447 2429 1082 3276 8075 1135 7766 7433 8488 4214 2008 9598 4033 2912 273 8754 1448 674 4208 3199 8349 6788 1426 5041 2964 9965 6236 921 210 6249 3344 4584 8619 3228 7596 1150 9792 5552 6604 7929 95 4059 7758 9021 3487 1216 6698 9284 6320 4261 7689 7707 4134 7881 9623 4074 9784 7140 1603 4931 4785 3745 38 363 896 169 9384 6484 1728 5136 9124 8059 4311 7771 1437 7861 3586 6582 2289 8858 818 5645
9404 2357 5210 4285 2768 8686 4782 9187 400 8405 5522 2395 7674 5524 1998 1419 1270 5829 6501 3200 2990 4647 960 7322 5347 2108 9605 7490 2020 7059 2514 9070 8614 9067 4206 3439 580 2696 2964 9808 2219 2582 5579 6091 4529 4369 6108 6158 6240 9977 3697 9409 6368 4583 3657 7342 1377 9607 7093 5772 2805 6345 4145 537 6228 2352 1199 4912 3396 4112 2084 4362 2494 3033 1115 1572 5924 2654 1294 1065 1490 2187 8934 5589 4106 3275 3113 5249 1547 5883 5789 4434 8216 8014 8083 9397 8750 2085 9167 4370 906 8034 4113 6889 6238 367 9952 3656 2537 9508 1727 174 3231 1840 2761 5072 1657 4062 2002 625 8774 7328 4156 3357 6850 8976 7259 2842 4004 3508 1894 2049 6306 6883 7429 9125 2700 2170 7305 3718 237 5736 9951 8858 661 1628 4815 7640 2266 8263 3688 6192 9498 3712 1428 4487 2699 7372 5429 5845 3325 3195 8986 5274 1588 2748 2649 7290 1692 2118 7620 6236 764 6200 7910 8713 4426 9804 3013 5085 4080 8436 4372 509 1779 9866 713 1313 2297 7113 1802 297 3833 2427 1322 5514 3983 2673 2526 6688 1105 3557 7178 3910 2153 5676 1847 6375 8197 6782 2460 9782 7380 3841 839 6323 8512 9300 2987 239 5339 3696 4604 4492 6710 6745 4801 412 6023 8020 6892 639 5995 3571 4399 153 2396 2472 7400 9878 8338 3811 6794 78 2273 1870 6813 1310 7896 1485 8183 9561 6217 9539 577 8295 7343 6182 1476 4966 2684 5346 7310 7729 9617 5108 4518 1549 5486 9541 180 2040 3089 6 6558 6896 9852 3492 5070 2054 310 6256 6801 3692 5398 6995 5211 9090 4644 6559 1694 1721 1365 1982 4595 1275 9840 5874 2572 7564 7345 5785 5228 712 6515 421 9240 4890 7763 2868 8850 2249 6634 1817 2323 1952 543 5037 3601 8451 6398 8635 9902 3574 8807 5781 6022 3215 5016 2766 9083 1030 3434 6576 3323 3592 5234 9528 7764 7673 719 122 3546 4358 3288 5536 9623 3917 5767 8801 6972 4773 5970 3530 7534 3293 9547 8996 3289 334 1492 1790 2679 1335 7937 8357 5043 2410 9700 3643 114 5134 9364 290 219 9309 6204 7116 6210 5925 7459 3170 8945 8409 4728 9899 9173 3179 2155 5279 5599 2121 2021 1857 4390 6943 5526 1601 5171 7023
9108 4867 1114 563 4863 1908 3066 3364 4253 2909 9511 9931 6617 3984 1267 5217 1688 6708 931 1864 1793 876 7778 8690 7784 7499 9033 4744 512 9983 6302 1466 740 4753 3729 6853 7173 3695 3595 3431 5964 8517 7100 3175 6745 8597 1227 3150 6704 1725 4367 294 3221 7621 4830 3455 1200 3506 6087 9119 7687 1736 7187 916 9845 3674 2760 4063 596 3316 3774 2924 1530 8050 4733 7699 9361 9685 5413 2810 4145 4333 7043 9486 9890 9752 7124 8418 1734 7584 7171 4092 9850 7685 2133 3435 5170 6014 8599 830 6902 2450 5556 9449 2224 382 5767 2590 7787 1900 4654 8370 1255 7599 9197 2211 7966 1393 220 7903 8895 2116 1806 3299 2145 1053 7668 504 1564 1301 8475 5430 4439 6016 8202 4582 2648 6281 631 1372 9392 8535 3527 6922 8487 3048 6937 506 1167 5053 4221 9261 9521 7946 5363 2728 408 606 1331 2520 1668 671 3439 4376 3511 91 8492 7059 6310 9885 5741 7751 9046 7167 4886 2346 6186 4478 3278 1310 1685 2300 5310 8245 1050 3260 4883 7945 558 852 2535 3694 8797 1555 8091 1598 4559 2210 3161 9524 2347 984 6354 1151 8229 4226 3265 8894 7318 9937 5426 5233 8519 6703 6927 2491 2421 6309 5080 3865 9878 2127 4626 3921 8769 7113 5598 1112 960 1111 6162 9242 8289 2323 5748 1358 2164 2285 3284 119 2934 9552 6796 3477 6840 4750 9328 1225 3547 2952 5979 536 5219 1291 453 6684 5695 6875 2806 4939 6836 5544 1824 9733 5892 2795 2119 6214 8927 5771 1796 5284 3399 2309 8527 5115 1921 5489 7738 6623 2793 2516 2462 3174 1940 6721 3354 6238 4163 760 783 1221 4341 5455 4480 2881 5062 7438 6131 385 168 8218 1406 2643 2270 1258 2000 4818 5837 8709 9016 3115 8648 6114 8763 8304 4349 3867 9481 5879 372 7752 3844 9043 2759 9265 8727 5443 6862 383 565 4466 5660 8819 7195 9335 4839 6672 8077 4377 8316 1967 6365 3971 8851 843 9325 6824 7926 9333 5236 2920 2324 546 3234 37 9204 5825 1084 6518 8625 5676 5643 7190 5324 5466 7300 3503 1679 3491 4061 993 9571 8028 9100 6455 6120 7572 9553 1594 5353 4713 1662 1862 2190 7131 2025 4859 2702 5569 1865 6598 2752 5651 5602 318 8464 2610 3817 9399
7915 6261 4349 3615 9216 3191 3317 8327 4535 6722 7907 7849 9355 617 3899 2877 5604 9676 1944 5675 586 5049 4763 1492 5334 3229 5781 9566 3765 9462 4395 4491 5449 5419 1367 5129 8897 1467 5293 6364 8921 6710 282 5351 4858 7652 3428 1304 2624 786 5377 9704 6393 8168 1072 8648 5862 8498 5616 7294 4442 165 3558 5520 6336 4472 4217 9803 1752 3759 646 3146 7246 3963 180 5584 3639 4452 8187 2304 4264 5477 9868 3860 5615 2489 2566 2292 6646 2979 5371 888 5144 916 9593 3409 72 7008 1171 4007 1453 8072 114 8678 9914 4736 1848 4717 616 9101 1001 7731 2757 9410 4710 7009 5976 5883 9333 4984 2655 9643 3491 3809 728 6883 966 9675 7146 3799 2713 8137 2222 527 1750 4156 6901 7400 3415 8888 8257 8423 5493 6692 3855 1604 3116 3194 7725 3948 8161 7465 5523 737 93 7843 539 9375 6654 1391 365 3886 454 1230 7306 2060 2663 8055 8492 6807 6045 7197 8686 8326 9737 4846 27 930 6814 9659 315 3804 6724 7510 1594 5101 4448 8981 4807 2765 7822 9711 0 1286 6197 7046 3635 5246 683 805 6609 5320 6008 9538 9323 6969 3909 892 4350 8420 1085 1064 229 861 5500 299 6980 6729 1514 967 4473 9022 1672 9632 671 3187 4111 823 3036 9067 7750 3989 5026 4325 8379 4220 4204 7380 7385 1389 762 134 4708 7406 2224 130 5502 9909 725 2475 5345 6049 6403 6183 9825 7392 5003 3887 5259 3106 5179 8979 5204 9020 2069 5880 4925 9363 9036 8900 5875 914 9990 9664 4326 3177 6096 2077 4292 9926 2354 4346 9214 3588 9572 2574 704 1640 5977 681 1202 2857 9574 2177 4456 7393 9808 5763 3132 18 7720 9944 8788 8093 949 8046 5275 9937 5174 4968 5831 9648 7502 3182 100 1450 3664 4493 5052 9171 7120 8960 3972 3397 2454 4510 6681 1035 982 6499 7141 9795 3340 8765 7655 7836 6932 6250 1529 2993 2592 7138 5387 7719 5139 6912 213 4037 5505 4310 6353 6101 6088 3665 9298 6928 7044 4032 1494 4937 6981 1527 3390 8847 1385 1556 2637 3209 9751 2067 6277 1173 3610 5205 3818 3945 3753 1837 1897 10001 2477 4948 9801 2149 7 4900 9322 2164 2033 3019 7438 5879 120 7487 1156 1981 3334 9956 6406 584
2532 1940 9375 9560 7862 4677 1455 574 330 8736 1307 9938 2878 3308 8016 4129 156 3247 5114 9777 9819 1482 218 947 1342 7994 8496 8919 6 3001 3910 8603 2690 598 5573 3725 294 5875 3820 6454 3969 1895 3297 5196 3507 3539 7194 7184 9169 416 1672 2531 7142 7499 1680 943 2136 490 6997 1257 9856 9148 9588 2304 7170 1941 4173 1429 5735 1589 3996 1539 3914 7809 187 2097 3228 3882 4154 197 112 1974 2626 3295 5593 9762 7793 3363 2102 7239 3255 3526 4771 2810 6799 532 8667 10000 578 9543 6233 2806 7593 3035 7168 2338 421 5683 1904 6514 2066 4378 5768 42 5862 1397 2080 1599 2011 285 2658 6950 5583 1740 9047 4619 2961 1843 3612 7714 4034 4003 5153 7039 2927 8592 9877 9983 8956 7672 2364 5267 4424 6644 6282 8090 9454 8889 5961 6763 7678 1173 6516 1669 8130 1514 3873 937 3327 9248 9752 9778 4617 3358 8098 7866 3883 8959 2073 7992 8893 5167 4260 9177 8835 6673 5529 2452 7813 9400 9601 4727 1537 4311 4057 4441 8273 8153 1952 6993 2051 2352 7649 1926 2147 3310 7619 7881 5909 7078 189 1700 6980 9635 7985 5279 2042 9142 772 1055 9925 455 8941 5646 4245 7151 709 8557 1814 4365 3345 5675 3492 1513 9075 9068 5454 2329 7211 8813 1033 4285 9218 5700 3533 8385 5935 1917 8937 6440 6748 5652 3054 8400 7961 36 7053 148 4835 113 6779 4502 1168 2505 2296 8758 6947 1175 6119 5421 3876 5345 8955 2867 488 7394 7512 4103 5317 4506 374 2 3795 6413 7104 5035 441 1713 9403 4002 348 5163 5054 1673 7336 9018 5372 8599 3484 3101 4074 6070 137 2015 9498 155 8449 3238 1897 2900 8948 9260 7370 2269 9114 6330 8569 9439 6863 7842 8647 3963 3086 2048 7951 2021 8307 1404 5694 4724 7136 8690 431 3698 650 5258 1207 9774 5411 5861 6599 204 3726 5099 7751 1693 3366 6510 2860 6881 4269 2387 5705 7544 7758 5307 6491 1628 1258 4654 1017 7461 9223 9711 2906 7757 502 4615 3755 4346 2113 52 3877 143 824 740 7407 9935 8477 7687 4390 3386 2540 352 4369 2551 3172 4991 9175 9232 2921 9783 8628 2731 7470 2433 6581 3777 9986 3357 3293 5990 6010 2040 9539 7027 5309 6094 5380 7011
8457 9914 5899 7320 444 4378 4025 9050 7284 7590 6891 541 134 5871 2871 7958 3892 426 7951 278 7308 2826 1880 9535 6078 6813 6017 3911 1658 3567 9900 8678 1070 201 7582 8479 5547 7143 554 2557 238 5241 7842 6904 2964 4508 8241 2755 963 6430 6990 5907 5732 5445 7376 9342 9364 4997 6241 9482 1588 7455 8671 7463 7083 2457 74 7774 388 5487 9046 8078 86 5392 2886 9984 2011 8549 1659 8372 1769 6551 7989 2742 8547 2056 4620 6023 2720 2907 812 1379 3910 6860 1691 2020 1759 8536 9243 3998 9406 6667 4977 204 1983 4100 9173 7886 8177 5452 983 2460 4482 3395 4014 6230 6662 966 831 2611 9533 6475 3061 264 80 6583 1637 2732 525 3310 5876 6882 7331 3264 5000 642 5103 5214 8198 6287 351 7828 9683 6721 4265 1438 7209 7467 6289 9961 1573 5429 545 9347 3368 4370 5613 4049 4286 2273 6577 2828 1483 3280 1824 637 1092 5841 8826 1713 7660 3003 1770 1349 9865 615 5459 4597 5585 9607 1793 1787 2978 1729 4484 2998 7766 1976 486 6048 2761 9779 7679 4235 7393 964 1228 8866 3780 2644 7986 8341 2919 8437 3877 8407 9832 2162 3593 4739 7419 5810 9976 3599 3548 8668 3055 1455 8838 9338 151 7500 4742 1820 1431 3595 4342 1164 1556 3800 8681 5478 5829 1201 9222 3163 31 1299 9783 6885 1732 8892 8626 1385 2719 8109 8943 3506 6998 4319 726 8443 2686 9656 7077 3648 8832 522 8909 248 3256 6588 5648 2105 9904 7884 8574 1700 5237 8636 9407 1465 6853 8084 8902 6641 131 1463 7250 4332 3149 2810 5056 9540 82 6186 5389 8485 4356 8392 7806 4043 5477 1024 9332 1342 6251 7497 334 6199 7812 2852 6726 8276 811 6581 2034 8987 4779 9486 794 4952 163 5118 7240 6317 4403 4066 5915 4144 439 367 4652 9678 2710 4892 2066 2635 4769 1464 2048 6208 1022 9729 7597 498 3666 5259 4269 644 4706 8966 3944 111 5433 9758 6844 4867 2025 5770 7909 8615 8572 2097 1485 2883 5576 6390 4923 916 749 8881 5806 763 6102 2049 1006 2898 7602 4509 3039 4631 8843 3342 9531 6872 9316 4518 6256 1501 9714 5571 2379 5550 1544 6182 6183 981 2857 730 7649 183 1148 4732 3805 2685 4851 5201 5775 1913
7083 875 2302 4242 9425 6317 2821 6294 2383 3174 1269 4149 2868 1968 492 3275 6238 3492 8195 297 6958 670 7970 9935 5152 8916 2280 8609 8181 3076 708 427 1167 4382 1649 8775 5251 4275 7878 8183 2679 4460 6180 4998 9464 3579 5936 3397 2035 2203 8883 3827 6743 8323 4910 6918 8610 2979 4952 8588 7346 3708 5347 5233 7848 4131 6441 8228 8757 8824 528 6136 3725 6976 7104 1710 1670 9610 4619 9643 3072 1502 2930 9675 6727 1492 4915 922 7983 2351 9526 1279 2164 1614 712 9640 8671 5881 9311 8932 9111 8604 4170 3703 1336 5860 8476 9564 3743 3403 844 3452 6128 5313 1975 4106 6400 1356 1890 5968 7052 2025 4188 130 5083 7602 2927 5267 1099 7873 4172 3306 5088 1606 2300 4639 5673 564 8997 1212 453 6013 3123 6389 8543 1268 9351 992 4095 3580 734 5273 9915 9122 1417 4792 320 7396 3790 9084 8960 3553 1090 4656 7302 2435 2859 8758 3622 2404 4009 637 9517 8069 5294 743 8490 6785 9993 3646 7647 9005 9631 5454 9011 8440 6703 6256 9926 1935 2039 1409 6380 5326 4398 8480 8770 1240 4902 8506 3609 9988 9642 8274 9633 5057 2756 4186 527 1331 1849 9103 185 9176 705 6026 5546 756 906 1152 2356 3530 652 1536 6188 3410 4458 6577 1246 3711 9755 854 1467 4874 4057 1116 9502 6043 7175 2627 4775 8698 5525 9928 1538 5791 7162 204 401 6328 5641 6916 9007 9234 9206 4757 2264 1778 8186 7087 81 9806 5741 7080 6474 6681 616 8682 8701 9933 5549 5164 6534 4778 3099 1146 3547 2281 3407 50 949 7627 2968 2132 7966 722 7655 7417 4625 8452 4321 8754 4416 4907 2510 2982 9360 4209 965 4451 2963 8128 8593 1350 3081 4719 9807 539 8956 4347 3593 3157 9647 2278 9006 4429 7330 6884 5352 9244 7221 3503 1008 919 3575 6730 5900 536 4548 8726 9974 2414 2024 9390 8261 7210 683 386 4302 7522 8800 5292 1140 4738 1032 6162 8571 5717 1837 1478 7694 4679 7740 5555 3973 7783 2023 4585 6385 9337 3771 7852 3337 3938 9727 6412 8981 4388 458 17 2496 5761 3110 3966 4169 8905 9467 7987 1557 7023 2778 9826 1771 4572 3962 4963 1401 7968 325 1400 3163 8456 3527 6251 5915 2562 2667 6842 3682 501
531 990 4945 5427 9820 3415 8922 1542 5450 251 6535 29 567 3851 2432 8911 8729 4828 3634 475 2099 9966 4455 2622 1217 4917 978 7327 2929 5323 443 8451 9976 2470 1368 9968 4058 6374 6970 8748 6060 9257 90 3469 8210 2776 669 3618 3651 2104 3970 3828 1994 5791 7615 5803 5233 8301 9730 1266 194 2839 3174 1722 9748 7700 3941 4581 7632 7432 7104 2163 7269 4435 6592 3725 7429 2696 6542 3643 3692 8976 830 6684 5477 9902 7152 2642 7254 2409 8473 5609 3714 4609 2074 9925 7590 5762 8368 1434 6874 7790 6090 3302 6335 9708 5633 8957 9605 1061 5862 8532 8908 4321 9207 8 9739 4483 7071 3710 5403 4577 8426 9935 5605 4508 7112 575 2263 7433 1902 4039 5142 1347 9133 4690 1006 1769 5422 5809 4042 9550 6975 2752 5433 8629 4664 6167 3028 682 6041 8025 4474 3854 6840 4532 2348 5571 1250 3370 2844 7185 1095 9120 2267 6639 9406 5538 2797 1504 2986 9019 7305 7296 4079 7209 6338 4109 1254 2576 341 8684 8757 9277 6127 961 5698 1058 1454 2904 5282 3578 1584 7120 8994 7264 424 7219 4353 2855 10005 1717 5737 8327 4569 7 4934 2607 9198 6798 2862 3612 4842 855 6725 2342 6762 1 6125 1358 1946 5312 7630 7829 3352 6417 3438 9360 4662 6564 9283 4936 2210 2943 2544 6693 8694 6772 8023 4871 102 1087 701 7273 3641 4089 5224 5084 2853 395 7972 9991 4496 9494 8084 7773 4461 1431 2466 2162 2464 2559 8719 6813 4888 1731 2958 4570 4812 6810 480 6110 9339 3827 7196 3915 9742 8891 2692 7336 6146 2193 1314 673 2824 1148 3603 1625 3985 5854 113 3907 1323 3890 9701 2019 5832 4480 2663 8089 1777 3834 803 7040 4860 7289 465 4084 1213 5711 3481 5828 5274 5166 6590 4122 3677 6950 2711 8568 1762 1808 2684 8924 1145 9202 6004 359 5111 2497 1012 578 6671 3054 5528 4782 2758 4242 9878 1909 7653 8267 6472 7531 2463 7761 6843 8940 7976 9197 1993 986 5739 7930 8321 5760 8765 7689 1121 3959 1008 1372 9174 1555 7873 4625 8905 9920 3579 6389 8996 6867 4176 2965 8184 7937 1928 8885 3883 6087 8901 707 6082 4890 1334 6710 316 8643 1885 2410 3271 7485 1587 1521 4615 883 1167 4835 7248 3600
6038 1014 7585 9155 7727 982 3930 9165 5742 9735 2674 8306 1131 9378 8493 9043 9945 1017 1986 4776 1346 1725 1546 2053 6487 6954 9321 4797 2181 1093 6914 7254 9813 7205 4529 5344 8682 6551 4257 9301 8767 4689 3605 8632 6469 520 5574 3055 7730 5390 9558 2784 6485 7351 5569 9051 8357 6018 4984 86 1660 9445 197 4644 7534 4268 2114 9389 1306 9665 6562 7077 9923 5384 742 1535 9240 5865 330 3261 6867 1573 1697 7104 9567 6001 3355 8222 7798 1899 7035 8253 6648 13 1140 2588 5363 9914 2167 3872 664 7011 3010 1652 1026 5203 1646 2217 3954 4401 731 8722 8618 9248 4277 5331 6259 2177 1887 9417 5755 2151 7048 669 1015 2383 1024 5600 7901 6471 123 9326 8808 1554 465 1481 9952 4631 5111 9901 9751 9505 8301 7127 10005 9121 4469 7247 6199 4080 9411 6946 902 9803 9190 5783 6600 9541 1155 4614 3482 8030 5882 1959 5132 729 9119 4866 3495 446 249 4329 5016 3741 1650 1423 1451 5900 8393 8879 2471 3570 569 851 4916 3577 4183 3976 34 1975 1956 724 5108 5493 4123 5879 7558 9511 7110 8376 7250 600 9708 3030 7689 8525 2691 9935 3002 3240 6032 2205 6336 1903 6241 5750 8147 7675 1297 6448 9692 6206 7694 2529 2064 9307 7576 5938 850 111 1701 6310 7064 7500 1010 8379 1651 6228 3327 3773 5305 1413 3436 7154 9649 9738 7082 3927 4757 114 6109 1931 683 8243 8633 1267 2396 3447 9974 264 6355 3135 1857 5365 9517 5919 9625 4495 2086 4940 8820 9179 2963 5978 2917 5102 6684 2874 8634 6072 4272 1320 6886 2805 7320 6719 930 4245 1676 6269 192 633 8161 4896 7547 6691 6488 1752 1190 2670 9100 3634 7879 831 8886 6085 6695 5694 9256 2689 325 9257 7494 2201 7130 4406 4742 8095 7990 3815 6975 149 4165 7549 6294 233 7505 5021 7752 1023 795 6025 8598 3211 6785 7843 7977 1392 2601 7786 4281 4537 3756 3676 9549 9574 9615 6480 3340 6196 9679 3783 3320 159 2180 6295 5038 9381 2894 4664 3564 1760 9609 7671 2091 8951 8193 8551 7537 8676 7742 3008 2049 7281 9457 7822 7142 2024 7240 2585 955 4286 8548 3129 3048 4116 2265 4433 4386 8712 596 495 5533 6190 863 2534 6075 8680 6948 505
748 5979 3350 9846 1286 9263 1931 6318 1104 5362 737 3159 2728 3222 5233 1326 1323 6922 1294 7675 6932 9316 6421 5676 8457 1810 5319 4269 2547 4126 5915 6047 9866 7323 6755 9426 4600 1889 4648 2368 4633 342 6514 2226 2799 4139 8338 414 2229 7207 9767 1957 1157 9852 95 505 9183 7804 6343 1145 2227 7604 6015 6211 7333 4770 8172 3344 1030 37 2011 445 1079 5321 3872 6299 9879 9746 1122 1789 4484 4901 7186 8932 2589 5796 4651 6776 254 3968 7257 9849 5694 4884 5557 7061 8727 8257 1482 378 9375 9720 6283 3048 9751 5133 1162 3856 9475 9884 3750 495 1161 9058 7599 2004 6838 7961 196 5474 8526 3124 4672 7611 9629 9336 2451 3168 5945 92 6104 3555 4178 5600 3529 9339 6859 8796 9571 835 3720 6450 4923 2819 169 5830 7909 511 7992 9053 3588 2631 7466 3387 7505 649 613 7759 265 6788 7879 6466 1747 2814 6165 6457 8537 5944 5294 4228 5682 7266 3059 2564 5755 7786 9916 7405 485 3146 305 8855 2863 1442 8318 4384 4737 9719 1478 1172 1871 8221 8628 2891 5891 804 4870 8336 811 8484 1454 5936 6882 9234 2684 1949 2745 4851 7104 5195 8869 84 7692 8561 1180 283 3215 1619 8208 6205 8524 3521 920 1858 5798 4254 521 6007 7799 2332 1772 2855 3030 3317 1386 9427 9405 3765 2521 9287 7174 1307 91 1299 1679 6305 8688 988 8374 3275 9723 684 8676 3370 5876 8785 6751 213 7103 390 6993 2211 773 6020 215 6706 4142 2739 6042 5855 7950 7383 4852 1902 7071 6742 7003 226 9526 4764 9363 2095 3785 8558 6779 4662 9596 876 585 3310 7779 6302 4280 5367 4748 2532 2100 7796 7931 6151 9236 2287 5701 8498 8682 2179 7125 6030 8237 5452 2886 1880 1431 5498 3762 8120 3659 3548 564 2475 8411 934 9086 2041 4497 7324 1553 1295 2473 8808 7189 3333 8217 9422 5394 4392 3149 4713 4476 6489 2185 5934 7279 5482 6938 8125 7670 2921 9943 7049 1102 5759 6992 7413 8904 8147 3303 4165 3177 9162 6969 6975 5784 7033 4278 5764 996 6786 8276 2714 6001 8990 1083 4527 1369 7798 7534 9903 4982 6118 776 421 5843 325 4885 355 8937 6600 5169 4023 1343 2952 8793 5163 5214 94 5707 7307 9931 9431
9651 6145 1596 8946 986 9947 7431 6507 9795 7582 1551 2868 6629 5592 6293 2239 6398 6414 3238 3233 9229 9856 477 5910 3212 8394 481 5116 709 9893 8143 5273 4569 4215 4435 793 3226 5615 6731 5359 7512 5439 1639 5414 1598 8549 4738 5693 1255 1582 1718 4743 9704 628 954 6292 7441 4522 8541 6326 692 8264 6272 1404 7030 1046 8044 9914 8978 4641 9937 9416 7761 1044 8441 6162 3225 810 4855 7486 593 2898 674 1830 2525 9669 2572 5343 681 5444 5650 4787 970 3116 7436 511 9168 6954 6125 5566 1447 3498 1658 6646 7221 8164 6108 3937 9583 9636 4119 3477 823 7278 1853 2963 2782 3686 4368 9089 7625 8026 3480 5231 2899 5479 3706 398 6581 5113 6308 4265 4517 4530 6953 1320 3690 3574 6586 9124 5681 3637 9091 7228 1771 9233 9062 7981 7409 867 8551 4341 9445 7008 5413 6800 6673 6865 8781 8721 617 8141 5670 817 8469 604 5718 1296 8454 8585 7599 3180 4739 491 3131 9462 8637 7284 662 4212 27 5172 9607 4872 9115 2464 6767 8220 4999 8923 548 6827 6317 7482 1387 5401 9182 4175 2368 5809 8250 9051 5161 6787 4250 2491 6411 8837 7612 5603 9113 2861 3015 2467 1168 3841 8625 9666 8171 9722 7062 4701 8034 1892 225 5897 789 4020 8118 5232 7704 7355 1579 7317 9122 6078 9892 3338 3397 6696 7303 1894 9835 9649 6542 7851 3193 7162 4865 5501 9346 1642 9822 7226 2168 5481 3309 4150 2327 8944 1383 6195 1678 2676 4713 5652 4390 4722 8869 1260 5593 1091 4115 4271 3326 5779 4198 2806 8929 9364 8076 3562 8968 6626 1184 665 8620 5655 8798 343 2488 2003 3209 3986 4860 1490 9973 2270 5248 4528 7350 7575 7944 9750 1504 7194 8520 5491 1324 2896 1071 8085 6779 5838 7497 3413 3520 7298 7890 455 270 1968 5153 8375 9256 9500 1094 8523 9899 6952 6522 1814 5701 9674 6583 4716 53 11 8348 9612 8883 8488 1836 1334 911 9824 6829 5920 1227 7140 9232 4257 6105 9536 3955 6010 3376 5861 7935 6533 4634 6323 6291 2636 2646 661 9414 8158 7299 2688 2331 8150 8887 7694 9340 2833 8573 9981 682 242 7526 2660 7889 5657 8401 4095 8241 5834 8291 5916 2021 9643 7733 6602 5948 5676 9633 9718 7856 7204
1415 2960 1491 7888 3969 6348 9449 9331 2733 1519 2330 6462 6834 3041 423 9739 1801 6395 5123 7440 2834 6488 1673 1782 5163 9507 7825 1464 8244 3352 3735 2762 766 6699 4821 7345 6681 8394 3598 4939 3936 7895 7583 9473 4567 7729 506 8274 7404 9980 9001 8196 2873 3750 4788 8892 4815 8536 5432 1142 2112 9707 8153 6405 3138 6186 1578 5629 7069 1425 975 237 6632 3110 1737 9092 5143 3470 326 3976 9962 2567 4449 1131 9299 9085 1529 345 5208 5578 2182 5819 9382 7620 7132 3930 9086 6334 2221 3081 2490 4723 6784 2959 6693 6012 6096 9436 6908 8366 9156 2446 3450 4296 6484 2467 4285 3664 1845 7668 7611 3915 7060 8215 4105 9373 4403 255 3059 6857 3479 3543 846 826 4796 7304 9816 1527 742 1456 9832 8358 737 7452 452 8986 6170 4754 5634 1073 798 347 4811 9330 7935 9650 4457 9550 4293 2076 6846 659 2921 4229 4773 6866 6696 413 1717 3055 7651 5982 2044 3191 669 936 2975 3517 6007 2085 56 7536 3792 6458 7628 5544 8931 2077 1644 2535 794 1141 7314 7831 273 9493 597 5221 8001 6556 8189 9266 625 9670 487 7042 1781 358 7631 9952 4552 5703 2387 151 3689 1886 4533 4471 6771 536 2319 3642 6212 6424 4370 1802 1193 6999 5313 9753 9029 2638 5366 4236 8387 9991 1814 8818 9497 9810 2718 9500 4211 8346 3119 4954 5962 6014 5699 3181 2654 2190 4231 4376 611 2442 4244 6799 4985 4812 4128 9811 7523 1369 2084 5258 5660 5919 9546 5087 4579 5347 3004 2764 369 444 567 1169 1756 317 759 3085 1696 2220 8283 614 6850 9872 418 5728 2428 7023 549 4742 8016 8582 6308 7382 4340 7757 4955 760 7890 3572 93 5195 3155 7815 3449 9498 4608 4594 7373 1123 880 4084 8538 5035 4894 7865 3531 3228 8335 299 4332 9345 9961 7769 2573 3258 2380 6544 564 6768 6135 6698 16 5469 8808 1475 1057 3974 352 8822 8703 7307 4217 7155 4368 2199 7448 1246 1482 4671 7099 5477 7220 6476 4055 9291 666 6535 7354 9898 5264 4469 7168 6791 6573 9818 1130 4494 7209 3656 3433 2667 4613 8605 6746 495 5454 6782 3356 2941 259 2265 4354 4978 1198 1003 4686 9125 3596 5336 184 2142 3752 4391 2637 561
3786 5776 1034 1663 1894 1072 4127 3133 302 6867 9628 6951 2961 4423 4419 5213 7716 6217 8562 8405 4545 216 3924 8404 9747 8347 6051 1485 7206 7382 2467 2412 8326 5216 2117 1838 2181 9148 2161 3111 4669 5623 6387 4838 7101 3207 5627 5593 2335 8600 862 5784 9453 6664 4892 6389 4441 846 8960 9458 668 4265 5761 9015 3544 3778 7364 6040 8672 6584 758 6414 4482 7718 5820 2307 4151 8376 5298 5854 5565 7893 6107 376 2185 8354 9665 4610 2324 5780 240 9167 3393 8734 4284 6993 4631 3159 5148 5608 4361 6719 8985 9499 7540 1125 8617 2491 7655 3315 4203 8061 2780 5327 5101 9934 6252 6618 4016 149 2213 2796 2151 5096 5923 6879 7246 9449 7458 7395 4890 6786 689 5100 5129 4376 8745 7104 7615 1248 9219 3078 6216 3757 6529 6672 3304 1383 7439 6163 9274 7171 9326 6856 6808 6329 6344 8370 6489 4605 8320 6407 868 4593 695 3909 6378 1621 224 2336 3398 2738 3657 6365 9205 5857 9973 3514 9733 1119 9808 1242 403 1829 8971 2271 1290 882 1814 6945 4152 3174 7174 3727 2477 427 7072 3960 1258 7234 1824 4960 2898 1918 6315 9123 2120 6246 7809 2767 2904 727 7564 6368 3606 1478 3592 4257 7349 4014 546 8468 7050 8327 14 3993 9718 9100 1682 3126 6695 3742 4503 8553 5188 7675 9352 1695 5549 1062 6112 4387 1558 7726 4232 7308 7149 3686 5612 3567 4216 477 7154 7697 4985 2939 8790 3175 1972 5603 350 7346 9613 4925 4842 6307 704 7126 3248 2492 2453 5191 2076 4973 5321 6292 8685 9007 5132 8784 4366 723 8358 8871 2107 3823 3435 397 3020 7722 5026 9811 5650 6031 5455 9714 9894 4185 1627 9040 3585 643 4224 8896 2148 688 295 3253 6503 1826 4563 6650 7671 139 4198 4050 3407 5955 527 7236 1427 8712 8651 5749 1390 1046 9288 4392 5569 7099 3604 1875 9847 8511 3518 8939 8623 1300 8904 560 5689 3293 8570 6817 9546 3214 9241 8718 7460 6998 8642 2532 4520 175 7059 1537 6891 4864 1940 1948 360 5361 8359 3669 3983 1696 347 2938 3985 1299 4099 8691 7816 6381 6029 5852 5962 4141 354 6552 7110 6424 2497 6464 4564 1448 9547 8019 1110 6591 4372 9539 9607 6116 3593 9062 9225 1887 7465 1002
191 7930 7813 6020 6682 5366 6410 9323 6495 7461 5843 6792 3545 2623 5514 7053 6775 1916 752 1645 9514 3606 5525 9873 7397 8540 6812 9582 115 3002 5335 7560 1202 2383 3119 7128 6898 2518 1339 206 9956 5932 4136 390 3453 871 3041 2597 668 8312 2035 2148 4735 6576 6393 7694 4624 3592 8304 3623 7154 1737 1259 6079 9981 5973 1001 7257 6309 4354 7152 2134 7514 326 6150 891 9078 89 8163 6594 2820 1434 6366 8050 4007 979 1617 5065 1113 5039 6274 6298 1534 6530 5517 1454 2396 5542 1495 9268 2402 4351 2744 6513 3888 9590 8534 8003 8333 2870 1516 96 1770 9719 7945 9839 4139 4798 9081 4497 3784 213 3563 9057 9261 8795 1226 7626 8115 6115 2835 3460 4485 6166 7722 9073 6085 8790 7222 8253 8743 1541 137 8642 6579 794 3315 8250 4335 5920 6518 7899 8963 7906 2570 1024 7695 9429 5468 6177 535 9695 2702 4843 5152 8861 8139 1351 7831 2447 422 7108 861 5026 3851 1924 9171 6646 2505 8923 5839 7586 6048 1124 7859 6896 2915 7594 4460 6125 850 2206 3229 5307 3111 8716 1897 9527 6029 9899 2236 7281 1545 9350 6139 8078 8456 3472 2103 8664 2212 2038 6556 356 195 7136 5310 7519 4337 5523 263 3645 2787 2981 4500 8192 5841 7189 9800 6877 1683 1971 4845 4755 2606 3885 5182 2906 4377 7590 5254 8628 9358 4551 3072 1447 8789 2417 6377 863 4629 7603 7677 2995 1721 4435 6084 3985 5346 373 1824 9007 9179 5058 7506 1914 1149 7900 3761 9782 443 7943 229 387 9052 5250 9422 1854 3052 5417 1290 4929 8095 78 5343 5972 6203 5381 8436 7442 4611 1169 3930 1253 7270 8732 8728 9522 2018 519 2864 2707 8854 4525 8233 2706 4049 2649 353 5794 1508 1684 6776 6721 2628 9525 6426 6147 6490 3450 6470 7420 8978 9932 689 9147 1403 7516 9936 9902 6644 2902 5171 86 3755 966 9201 691 8750 5155 3262 3760 4977 8574 63 3317 7853 8087 1666 342 2974 886 5067 716 8791 2020 122 6616 8460 2678 9607 156 9874 2195 409 4685 6494 2656 3967 8919 6633 82 4549 3469 7702 3036 8593 1295 8940 7468 9457 9917 8670 1021 3287 3801 1842 5434 2919 6800 1957 7624 8512 2363 7089 9636 9410 4236 554 920
746 722 5486 490 1503 5566 4624 1478 5525 7759 4618 2669 4276 507 3132 7437 8493 9024 8694 4150 5504 6924 5250 7308 9082 7188 2881 2222 7946 2523 3236 6807 3457 7970 7766 8232 5794 9401 8912 905 4185 3560 2535 854 9305 7954 935 8237 9805 8774 8284 5479 6883 8385 441 6226 3705 8777 2685 1100 502 9128 8064 9121 4450 5996 9332 7598 1552 843 6485 7332 4318 2177 1868 8166 8888 5669 9196 4573 6598 9919 6159 1994 3169 5096 7856 374 4515 8104 1181 9441 972 5896 9168 124 4105 9433 2560 895 6170 4814 3791 1713 3909 8311 5123 7500 991 7128 4784 9746 5475 7677 881 8949 8571 3548 4917 8363 4808 4982 464 6664 6825 9891 1710 9508 2683 1497 6757 3375 4233 4039 2520 8835 1179 9838 7227 143 5337 5049 2175 2265 4414 3135 1838 4114 2643 9437 1766 8399 7669 2469 3948 5573 8238 4603 643 6157 2391 9424 9350 4025 5299 2585 936 3035 1674 6647 5196 8020 7848 1962 9521 5106 5871 9127 3259 7245 6577 9084 6791 6633 7975 1770 7605 5166 3968 1603 5730 2091 8932 6942 1677 1048 817 1639 8591 9585 2409 5851 3090 5767 9757 8295 8299 7505 5002 6501 4156 4313 8173 2495 8794 4314 2971 4371 6667 1226 5512 5336 244 299 4392 7502 594 873 530 3570 550 9607 8049 7095 6331 7880 5617 9511 7091 7125 376 4118 1849 6934 3265 6054 7826 6329 8277 1865 3758 3260 2043 8453 6957 3703 9174 8940 5354 6678 4046 6134 1953 6304 8236 5000 6898 404 8567 4342 7420 6864 7153 4825 6611 2335 526 4364 3053 8108 387 6938 2471 3551 9325 3984 8434 5725 8087 9559 7570 7110 8357 5999 3733 3219 5178 1586 4101 220 5063 9403 8515 4657 9938 7391 7617 2784 6466 6100 8702 2562 498 9922 560 7622 6795 5839 5472 3269 5260 5323 7828 5932 2022 7618 7589 8342 3973 5614 5103 1463 3499 9640 6502 8961 6189 6046 9414 1328 5279 6555 3444 5547 3392 5862 5910 6389 6374 4348 6229 8113 4398 6311 1843 8125 2016 8809 6340 1090 2487 375 9320 9980 9061 6353 3513 6861 2745 9204 2985 1592 2910 1469 2308 882 3747 440 1421 1829 897 5773 8566 9544 5544 8991 234 2284 5646 8758 1453 5484 887 7758 9820 793 6403 3595 591 6472
1732 610 3173 9778 4599 6913 7906 5932 7498 6864 2622 4071 1644 8071 8204 6821 6154 3459 3042 757 9018 5354 2147 3292 1167 7689 3975 686 8101 2249 3059 2386 882 9223 9693 6461 7565 8575 8230 1660 4895 8199 2810 6781 4087 8475 8066 4193 7448 6782 8892 344 5939 1105 9989 7747 2469 9424 4819 3271 332 8321 8614 5492 4775 1998 7851 1839 4388 3765 2343 4414 8611 1084 9154 8379 7108 4223 1493 3020 5124 7774 2113 34 7432 9958 8897 4355 5312 477 4556 438 7294 7330 184 7678 1155 64 1477 6196 5129 1778 1486 9413 1999 2649 3715 2261 677 4884 5379 2188 157 8034 538 7458 4797 7638 9095 5080 6501 9632 3559 3206 8231 6465 6771 6072 9729 9322 5052 2052 7139 3073 9614 7132 9466 6489 2007 1061 8716 5259 5994 5198 3092 839 2748 9081 7859 251 9389 6763 7660 4728 6324 9742 1738 9426 4422 7023 6085 2145 3689 7422 1936 144 5611 6171 5088 4913 4626 6557 8523 8545 4178 5422 8663 769 6636 7852 6644 6264 1638 9262 6955 9576 4668 8227 7259 9274 4573 2067 9165 1192 7730 840 7553 950 5732 7170 1923 7728 1237 3801 5204 1901 2088 10000 560 3091 6041 872 1201 940 7717 8424 3179 8587 5848 4158 9392 1164 3281 8354 7067 7358 4633 164 1641 3663 2576 3195 5411 5843 147 12 1792 8714 5656 2242 9452 9268 5764 818 1913 9713 2491 5057 6063 6512 2445 4181 9830 4284 4395 7379 5468 9539 7009 8864 5902 3446 619 6390 6648 5470 9142 754 4610 9733 8528 2549 3551 4794 3230 3467 1454 5758 2009 664 2461 1005 9825 273 5022 8007 894 6841 2184 951 530 9046 9803 4640 3778 4766 8788 974 968 2159 910 3665 2179 6947 1157 9674 5229 1942 8960 6860 3416 6574 145 409 8047 2961 1825 7167 7522 2100 7618 3058 7588 9013 1343 2774 3920 6600 4991 9157 2780 2729 7849 2236 636 8019 8519 9339 6681 3923 1001 612 2776 3523 345 737 2981 7862 4659 5010 382 8403 2344 9219 480 8964 6066 913 8073 7807 566 1900 7290 8124 2687 6179 3500 9914 7624 1867 8837 6258 2829 8013 9710 8090 9436 2437 5769 4829 1286 9085 7065 7755 881 4418 7817 8588 646 6034 7265 8083 5822 9319 644 6431 3513 2330 1991 4237
3069 7461 6258 9889 4636 1625 3892 9211 9128 586 4990 1405 7534 6778 6739 9477 6362 9259 9607 571 2964 3286 9418 3063 8652 5009 2637 3150 6393 8109 7721 4683 7306 2001 9312 4090 9936 310 9741 3993 4173 8471 5913 3319 7871 4929 8510 3175 6434 4974 4581 7539 782 6112 8849 929 1950 4425 8484 8336 7693 234 4813 1515 5713 2991 2930 28 5676 5332 3567 8678 9855 1378 7890 6161 4126 2790 7804 3218 2902 5586 3183 4846 9975 7579 2849 1096 3825 7500 3520 2997 1739 1277 2921 6818 8806 4461 1338 5823 1170 9150 6226 6234 4646 9647 2638 7955 8269 5982 4633 7224 8271 5585 8385 2970 2095 660 308 131 241 8427 4640 831 1389 703 6783 743 8850 5734 3826 2298 5396 870 8658 3818 3886 395 7879 3341 3504 6173 1744 5288 2294 6190 3373 7159 6163 3729 6542 3550 7049 7984 7516 344 2992 7735 1904 3549 2244 6108 9643 3432 451 6770 8327 4476 3364 3942 9293 2858 4313 695 8371 5749 5852 417 3512 4585 6745 8286 7611 6504 1086 5810 8754 4776 3856 6350 1634 7109 6081 9999 2815 7845 83 9769 8442 6666 8957 9512 4418 4870 5211 2568 1836 7040 4767 639 9480 763 4880 3226 1314 580 6181 156 282 5292 1500 3687 4872 4814 6320 7589 864 9849 2569 6641 8916 2640 7558 2014 1728 8464 2299 194 2746 6531 730 6427 1360 1456 2414 2384 8339 2094 5862 8439 2258 3329 5886 3675 7254 2316 1823 4617 393 8276 9596 7758 2342 6669 3358 5133 8044 5613 2827 5463 2581 4259 1407 7137 523 2485 3301 1437 1182 6768 8724 724 7618 111 4211 928 7152 2549 604 1417 5152 9276 1229 2442 6833 825 2580 9461 9538 9264 3611 9951 2336 7860 2109 7888 6558 374 7044 3973 8143 972 8425 5037 7086 5643 6879 1701 8820 1682 7588 6066 7973 4696 9729 6375 1675 3974 2941 2848 6298 1949 9627 6608 456 774 7700 3848 7938 6640 4111 764 9685 5102 9194 7499 8722 1121 3866 4365 380 5853 5222 5388 2458 3657 820 8576 81 159 4690 913 5126 4430 2488 7709 7065 4808 7511 6340 3619 8363 7337 851 7426 8202 4271 9032 9635 5020 5457 3772 3010 4162 5651 5291 6702 1811 6999 7902 3779 6624 7287 769 3689 4475 8566 2066 1413 5946
8221 15 7772 4082 6036 8440 1575 8329 8598 233 4527 2763 2672 5725 5128 8552 9364 8294 535 4622 8923 766 3800 1971 9779 969 8536 2533 8299 4546 3995 8295 5340 6498 6796 7685 6341 2936 3356 42 7416 4699 8649 5120 133 4363 5296 5225 4308 1203 2115 1209 924 2458 8176 3944 3408 9734 4898 4172 8185 7161 278 598 7127 7027 6863 9396 1942 525 6607 170 2022 4659 6582 129 5157 7799 3726 6653 1046 8262 6887 4632 6938 9519 2544 1112 5168 612 4348 3270 7106 6192 7495 4028 6748 7206 6356 4962 1475 8165 1124 2786 3110 8845 6242 7577 7765 468 2911 3315 3177 549 1843 5166 1009 596 7524 3275 1110 5565 6867 8602 9446 2024 4262 327 5882 8988 2874 5656 3814 9199 6022 1212 5332 8086 1795 4687 1024 2622 5643 1391 4825 3652 1328 2320 5548 5238 6731 5577 4485 1093 3936 4996 4733 1900 8862 7871 9448 1627 8014 6080 9713 4063 4804 2817 1960 6959 347 1912 6480 362 3938 4599 8485 7653 2686 2946 1371 8795 6160 3840 4038 4763 5952 5100 4103 6871 7808 6943 3523 1917 484 9742 3310 9173 1176 2471 592 8318 5778 9618 7910 6710 4742 5117 5732 8742 1670 4482 6692 8315 1370 3990 4284 5967 7126 2222 4987 1516 5030 7991 5642 6593 2949 5779 4416 9786 4583 1654 7658 6697 2319 743 3362 8858 8665 1944 128 352 5923 5853 9741 8512 7297 3303 5559 8058 7353 2194 538 9030 4544 4392 4543 9594 2667 1714 5755 9180 4790 5596 5717 6716 3551 6366 2977 221 6909 265 8182 2753 4657 6979 6384 9411 3968 8651 4723 3885 109 9127 300 6238 8371 261 8976 5256 3158 9324 6227 5551 9646 2352 9203 5228 8716 6831 5741 1952 8547 5353 8921 1163 48 6225 5948 5894 6606 5372 146 6786 9670 7595 4192 4215 4653 7773 8887 7912 6313 8494 863 9563 3817 3600 1643 4838 6075 5702 4690 5432 8250 9269 2134 2441 6547 2073 9546 2188 1729 7781 7299 2906 9311 3804 1177 7276 2468 6191 2690 2152 8875 287 3815 3997 7898 9092 2244 620 2760 8271 97 1502 7809 1741 5399 9797 7403 2276 4275 2750 249 1351 2758 8668 6352 5756 3978 6666 3469 2629 9257 4516 9950 2050 9108 9075 615 8756 8898 725 6935 5111 6923 7493 4425 2996
3292 8207 8262 2348 5458 8557 8836 8493 1526 8513 7563 6005 5051 4287 5836 3573 7467 5047 5081 8339 2074 9812 4890 1221 4010 5782 4285 6233 9828 1714 1216 10006 6409 4913 1659 7130 6896 3310 4634 2002 4090 9916 4260 6192 2956 4854 8367 6523 2298 5376 4820 5109 2781 4567 291 8489 2320 1009 6064 8350 4894 427 1507 7281 1940 6390 3681 6043 7515 5526 5066 6313 3955 1689 1175 3134 9549 2057 8183 3019 7359 6471 2613 7894 5347 5573 740 4422 4056 6658 518 8461 7878 8523 5578 4751 3795 3428 1225 3216 3279 5784 3888 9985 5574 5545 6298 1929 3570 3059 9426 1455 7596 4458 6917 4145 4002 7370 9291 3235 4511 1400 3503 1348 3818 3866 4345 4330 2304 4185 6069 2354 4267 9806 6081 9979 6765 4296 9053 443 8338 7276 7936 7017 4309 1469 4817 701 7160 941 9555 866 9432 264 8845 1703 8403 9384 9792 8860 3729 6522 7500 3500 6947 8197 240 3602 6714 9416 3440 8850 5714 7776 8756 4359 1551 8554 4428 2865 7907 7770 9947 3110 4306 7068 9196 7082 6417 3325 6660 121 2206 3624 2347 653 6681 956 1574 8992 7548 3979 6932 6171 2121 5486 2999 1322 8979 5125 9612 4562 6287 9116 2948 6442 3366 3525 6988 5062 7107 6458 190 3520 2977 5689 7735 1884 7499 8702 5071 317 3328 1061 5749 5832 4367 9970 3548 7426 8182 8221 5483 8598 5701 5353 4382 1989 1667 5542 1890 6308 9951 2316 1803 8567 6851 7239 270 7654 2952 5648 863 5024 4643 5219 960 780 6489 9047 1634 7089 24 6450 1778 8526 9986 372 7421 4171 8848 6111 4024 3003 528 6476 6624 7267 4719 140 3438 9247 1962 2023 4925 9284 9628 1386 6282 5105 3575 7070 8799 827 2163 7156 1735 2051 9374 1770 107 4985 7381 2104 3857 1128 7460 1433 1956 3214 3676 2032 8142 6154 492 3615 9137 3783 5810 8734 8726 307 5313 2315 7005 6691 8978 320 7736 6689 9375 6575 1983 2858 4293 4645 4822 4712 6533 313 4122 3564 4250 8177 4210 6110 9226 1127 2655 9564 4083 6302 1135 1067 4558 7081 1612 1449 8787 3209 9672 2659 8770 1580 7801 8797 1224 8418 1403 7911 6976 7444 4609 1961 7225 3049 1404 2709 8852 5317 1521 4502 8190 6633 477 1589 1011 5667 2095 640
5570 1737 7059 1377 8470 6493 3651 7396 9535 234 191 3723 3111 4509 7202 8016 6549 2542 2375 500 7432 2389 7728 3675 2632 4524 9228 6135 4665 6257 462 4968 1150 8498 935 6144 7882 3127 1333 7197 4005 7176 3170 7808 7809 2607 4483 2356 9275 1809 2774 6358 5431 4311 6477 6827 7401 3539 9614 9570 8297 5809 9334 5108 3381 949 3365 4125 3370 8136 2743 7508 7317 199 2135 8112 7507 2512 8330 4262 1193 4966 1547 4746 5189 2313 2800 1197 4172 9051 6245 2844 2470 6660 5526 464 4571 4902 4244 4766 1219 9812 288 9486 4957 8337 7876 4318 84 9952 2519 1937 7387 6318 3364 9327 1494 256 5831 4967 6352 6622 3062 9232 5341 2162 7756 8124 5125 5010 2820 7234 1664 6539 4527 3629 1756 8291 7000 8085 7863 1895 5717 7582 2635 8932 4849 9761 5408 3873 3357 5713 8376 5138 7433 7194 9604 1548 9551 7065 186 9719 3738 5137 2628 5318 1724 4636 7010 6100 6609 639 4858 2971 2278 4744 5586 8568 7054 7373 9097 7121 9084 4698 4710 2328 4826 9323 2288 2759 4332 7312 6195 2762 8740 2933 9821 3505 6356 5828 559 724 2996 2319 1609 2446 1417 530 1477 8634 3960 1098 8813 3453 6671 8346 1086 1188 955 2174 5374 615 9622 7982 3291 8807 4644 5422 1094 9607 5956 5172 684 929 7335 6633 5882 9854 1958 8222 5686 8732 4521 4820 507 1039 5514 2846 2073 405 1272 4295 9653 6832 1405 2912 8986 4137 988 627 7240 473 7788 1772 5115 6995 4074 8490 2523 1143 4884 7817 1019 9484 5354 4585 2123 487 5009 8022 5358 3791 9627 1986 2664 8179 9218 8120 5919 7513 1321 9579 1507 2679 198 7337 6236 9634 5600 5789 3297 7616 5893 2667 2580 4839 1739 6662 5129 4216 317 8733 9326 6696 8387 7958 8055 3811 5657 9485 152 6461 10003 7406 7550 8987 8942 2864 8507 4152 3014 8753 5356 4188 5875 6240 8840 3097 7288 952 7773 9753 6996 8879 359 396 8062 7425 8782 4603 8557 4234 6751 2473 1061 1147 4090 5314 2518 7139 5511 8445 6452 6786 529 6679 6758 6087 4186 6272 2488 3087 9273 2206 9029 605 1600 9236 4547 9666 9255 5779 5282 8870 7149 3526 7191 5196 5927 5925 6322 2570 6824 2993 7918 5988 8827 674 2914 8589
9004 1692 2109 4394 6140 9804 3004 1859 3984 7469 1176 4465 7057 2902 2092 2765 4269 5935 5465 8697 7593 6583 6928 3491 256 6959 2341 8377 1064 6683 7092 958 7710 8376 6266 4807 9219 4046 5169 7411 2682 5734 332 1880 4819 6837 6544 9666 376 3153 7307 3312 763 1386 2808 737 6547 4067 6004 6779 8050 928 3658 2131 27 7384 3038 5117 7726 5200 6261 796 9846 4674 595 4713 7864 7828 4967 7480 3996 5087 3674 8962 22 3373 3665 5745 3152 2502 1436 2890 4474 267 9779 2963 4994 7124 4613 7700 354 7520 6063 71 8657 5526 1592 1945 6927 8693 8387 9086 5429 5836 99 3099 8019 2078 5544 8026 5692 8669 3144 4090 6442 9899 9164 9960 2059 4312 2403 6077 7299 4900 5769 8395 7498 423 8834 5416 3413 5732 729 8135 9073 3006 1462 7736 3215 5007 9547 8987 63 238 525 8601 6635 6613 973 9736 6495 4382 8522 7306 8514 8894 3513 5896 8203 5582 483 6931 7899 5884 578 3084 5993 3959 7428 4311 7605 4201 9426 7988 3228 7430 3914 1350 9954 3250 3063 5158 4591 2060 9117 4279 3950 4211 7441 6734 1972 6571 9310 993 5766 3987 1870 6804 8091 7800 518 4987 3510 1488 2575 1956 9747 9315 5004 5139 3359 6444 9502 2909 5706 5890 9394 4333 3238 5445 2660 94 9095 8646 2706 970 5328 867 756 7779 9690 5619 8149 6294 9256 1705 4532 8768 8510 9688 6016 4397 541 5425 6630 2602 1600 357 1921 1684 3697 9400 3142 4487 2690 4146 5333 4878 129 7151 4257 8317 2967 4200 4621 6112 5355 511 1373 385 6370 4177 4183 2992 4241 1486 2972 8211 3994 5484 9929 3209 6198 8298 1735 8584 5006 4742 7111 2190 3326 7991 7636 3051 7540 2093 7570 6145 3808 2377 1231 8558 160 6001 2371 2422 7309 2915 4515 7139 6639 5819 8477 1228 4150 4539 2375 1628 4806 4414 2170 7296 492 141 4769 6755 2807 5939 4671 6194 9092 4238 7085 7351 4585 3251 7868 7034 2464 8979 1651 5244 7534 3284 6321 8900 2322 7145 5448 7068 5722 2714 9389 322 3865 6073 8093 7403 4270 733 7341 6570 4505 9124 7893 7075 9336 5839 4507 8727 1638 2821 3160 914 6437 5888 9791 581 7492 1614 7585 8171 1927 493 4946 6645 4628 9726 8480 5636
6414 8644 6297 6851 6959 5535 8003 8448 5175 9414 3557 356 310 9441 3201 973 2923 6121 1759 7014 9628 1106 1540 5454 9071 6597 7343 9367 7883 2247 209 4472 3858 5653 4594 9662 4364 5282 3185 4149 2928 125 1132 6386 4195 3804 6365 3360 4436 997 8166 1110 746 2951 563 4252 7500 3220 2205 8546 5736 3129 5258 7949 9160 3941 4188 190 3240 8242 6038 3224 1411 6043 7235 784 5415 1802 3482 233 9715 8854 4640 531 597 7510 1235 951 7290 4877 8525 4901 3761 9897 2748 5834 3690 8980 9650 6746 2784 8695 1177 2457 8559 8159 7503 7628 7833 2165 6479 745 8153 8694 6379 581 679 1240 4962 6663 4249 3092 7599 8586 7803 8120 234 4513 723 2513 7450 3138 8475 4819 24 6170 7043 8875 5475 9906 5965 2704 4561 1202 2498 5424 5019 352 1104 1937 1702 3318 2766 2261 7437 715 4101 2449 140 3158 4505 2311 7519 4452 7828 8161 7106 1373 3579 5996 1554 2675 5314 6840 4139 4913 1379 2388 7245 8806 4161 546 2623 5629 9358 4666 5377 9345 2243 1003 6975 2359 7998 4437 5802 35 8990 7665 5492 1528 7836 6573 2100 4371 8896 6310 9274 1326 7905 7887 1453 7713 5971 1513 5810 8454 3984 656 802 1842 5549 5224 4691 5418 6210 9110 3859 451 6470 7535 1276 7823 4150 7733 2001 9012 3298 6736 4769 9949 2433 3316 3163 8516 1684 6891 9026 519 2979 5012 6745 7986 6819 3304 5545 6018 7194 3919 8555 8953 10006 6129 171 2008 2619 6423 1854 3167 7722 9188 8390 6681 676 6839 9341 3037 3506 5476 4704 7841 577 1473 3743 3463 9008 4092 9239 3270 2287 2276 9463 8841 2217 6164 8234 7626 8230 8420 726 6921 3071 6764 9218 2435 2919 6915 4262 5515 1966 949 7687 1125 2772 1070 8686 7967 5587 7688 5930 4648 8950 5598 501 6552 1265 5003 3528 1109 5948 1075 2690 7340 4959 2255 8628 9473 6856 963 4908 7375 3015 7873 4232 1463 5728 4717 257 4951 3843 3627 6475 1539 649 7195 8724 424 6826 6918 8670 1136 5592 1692 5303 4020 3517 8296 5326 4458 6637 9410 4351 2859 8818 1779 3044 7120 8601 9829 6239 8357 8228 8817 6981 1168 9247 1682 7288 5274 4773 9155 9937 4815 818 8673 5544 1213 5318 6046 1636 6412
8484 5831 7084 3535 2518 9256 2694 4341 2639 248 9536 7156 9257 7499 6217 512 7167 2070 8121 2834 6572 5097 2678 7517 2644 4259 8909 6528 3824 190 1035 8425 2532 6477 8944 4584 9442 5801 3032 7297 6286 1826 6520 5412 5196 8044 3108 2218 8764 286 1993 8395 8487 232 2705 7161 3261 6872 5589 5086 9865 6895 6027 8206 972 5920 4428 380 3348 4613 8689 163 1391 7808 9926 9797 379 8550 2737 809 3251 8857 6843 6342 717 1499 6384 2387 235 7113 2782 6887 7615 3205 7981 603 4114 2667 4697 2022 7642 2849 8598 3216 794 1225 731 8727 2627 2630 7038 2659 6285 7028 4644 7539 8284 5503 2143 8641 9691 1406 9834 8045 7913 4094 6637 7205 4534 9360 2064 9312 1585 9327 3611 7446 1727 1154 9821 5622 3539 1724 6753 4193 1996 2796 4108 3858 3448 4777 6156 7617 2808 1726 6356 7945 7749 6627 9190 5788 609 2923 3916 1942 3508 2874 8639 81 7661 4081 4214 2831 2164 9476 9059 6774 5028 1364 8164 9309 7184 3699 9992 6703 4111 8266 9076 8403 6899 5233 5703 2471 3575 4585 4240 7677 905 4209 8827 2791 97 4485 4076 203 3458 2792 4902 6361 1949 7122 5999 3757 8486 5434 829 9288 6349 4331 4624 1502 785 8015 3861 7856 398 9782 8360 424 4621 7101 5164 4389 3118 233 7510 9037 1134 3784 8130 6051 3442 5968 4907 365 1322 6494 566 6455 3304 3340 6201 3688 7172 6081 7494 2206 1139 7795 7503 5423 8016 8666 9732 8278 6694 894 1389 8205 6174 4044 6555 3468 807 3648 5105 1090 2511 5642 9576 9223 4241 2475 2781 2082 5739 5332 1062 8069 3149 9090 5624 3142 5476 2499 8024 7078 4726 1269 2004 1208 9109 6856 8765 5091 3869 6268 5399 2773 3670 738 2334 5752 7755 5436 432 3033 2095 8162 9706 3432 7953 6161 1621 2181 1098 923 636 2567 4533 4555 188 1432 4673 6786 2646 3862 2654 2274 7655 5272 2965 5586 678 4237 3269 5284 583 8084 5175 7209 3740 6857 3563 6967 1742 3180 7940 3738 7254 9818 1214 7918 8105 6010 6577 9108 2051 6889 7218 6957 3727 4434 9196 4597 1858 168 5402 7181 9298 4364 3077 3368 643 6181 7658 9680 8593 9212 1421 1853 6164 6029 7809 4724 1666 8259 5462 5278 1774 6835
8916 545 6030 3017 5681 7248 1412 9053 8375 2860 1821 2919 5120 3526 9718 1460 9532 8360 834 3702 4803 1405 5439 5250 7742 3423 5146 8372 8459 6200 9300 4377 5910 6823 715 2306 1713 4343 2652 3081 2984 7228 5382 1554 880 4578 1036 3633 3489 2052 2097 8175 2532 6887 8025 2286 5683 6851 5164 4799 2199 7942 3751 80 3266 1286 4043 2160 673 636 2977 3614 2257 6436 2482 6805 4288 8566 9978 9892 6949 5725 8521 3900 5528 2594 4587 4253 503 4360 4281 4952 6853 4767 8551 7952 1766 8833 2010 427 9439 1803 6492 1373 1784 5260 5757 2169 3890 7513 3848 5843 5112 5114 4717 8469 4215 8046 3121 5051 2212 358 8125 2450 3150 4298 6581 8724 8636 6090 1114 8164 9719 6265 1401 6233 7753 6243 5768 4989 4512 4130 9908 3773 5720 4510 4527 6156 8027 1889 9435 2597 8995 9881 4129 5103 1897 7847 7598 1986 5191 4443 2816 548 431 8645 9307 7991 9035 1941 9120 79 8468 9417 6170 5248 8139 9678 9400 4541 3377 4270 2132 6231 8150 2491 15 1158 9437 2200 2740 5627 7960 178 3827 5008 5744 9753 9523 5143 3964 2831 2574 8557 6761 3015 6078 3496 5666 5222 3293 930 4660 4773 7360 9201 9018 312 7249 6217 922 6248 9779 4362 3884 8704 2599 8598 3626 9882 8934 6979 9777 4759 132 2951 8775 3516 1696 2714 781 9219 5445 4059 8991 668 6632 3604 4242 7690 3738 7664 8899 8923 4159 9155 8142 4079 5021 8167 4120 1886 5027 6976 5369 9138 6513 2208 1152 621 951 5495 4141 2721 4395 2337 563 2457 6764 7423 1699 7122 6409 2838 6188 1675 1879 1413 3851 244 733 8740 5460 6085 7110 8791 340 1691 8710 1408 9847 871 1361 4166 2762 1260 9204 3419 5940 868 6960 8545 9143 517 1581 524 5195 3649 313 2047 8093 8802 3160 2313 5327 7468 7777 1479 757 3976 449 5072 3047 9733 3486 7651 6476 4549 1789 9271 5130 1541 8464 204 8673 3749 477 9521 5540 212 7085 8750 3475 4831 5854 7932 5736 1334 4522 2145 8654 2517 4861 9906 4170 1968 8764 696 1074 6097 4728 1282 4837 4663 9181 2981 2820 9761 7935 137 6962 8148 2888 6270 5412 5606 7125 810 8466 9814 2418 9502 4308 4596 7470 7380 5231 6510 7807 5531
8223 5272 5636 3431 5819 2130 8889 3162 4177 7843 646 3253 1124 8440 7229 2441 2194 6192 3142 8147 344 3158 4971 339 9154 5598 967 4580 2900 6149 6674 7535 1742 5851 5785 8879 5147 5431 9099 1505 7864 1481 2621 6492 3634 548 2692 7409 6739 9643 3598 7694 5205 3925 7830 8230 8886 8761 8556 4217 9910 5637 8236 7695 3 5801 5703 5142 1420 9726 2133 3290 8790 7803 8586 8269 6148 1869 5659 3869 8939 3244 7914 1563 6358 212 9346 7514 907 6483 417 3678 1821 5180 3884 958 1363 6030 5278 4445 4680 3064 3616 4121 8952 5667 2281 3933 6242 3224 1877 4071 8870 1930 8561 8228 9283 5009 2803 386 4828 3707 1068 9549 2243 1469 5003 3994 9144 7583 2221 5836 3759 753 7031 1716 1005 7044 4139 5379 9414 4023 8391 1945 580 6347 7399 8724 890 4854 8553 9816 4282 2011 7493 72 7115 5056 8484 8502 4929 8676 411 4869 572 7935 2398 5726 5580 4540 833 1158 1691 964 172 7279 2523 5931 9919 8854 5106 8566 2232 8656 4381 7377 3084 9653 1613 6440 3949 3066 3219 7873 4698 9498 7363 5863 3403 1370 9644 8403 9570 3078 837 364 9195 2463 7834 7436 6383 253 6211 4374 3763 9966 4528 3215 8667 7201 7999 9708 5706 9550 7048 3345 2876 906 1678 8548 5805 4909 2639 2919 7381 2290 7150 3112 4095 4106 6926 7548 4165 218 8155 8763 8159 7969 5656 9468 3311 9625 7171 3947 3463 9474 2120 867 4416 5433 8702 5257 3610 5312 7703 8422 795 8701 452 1734 7439 784 5881 9837 5117 1379 2854 5273 434 5307 3692 9049 1423 4127 7761 6916 9533 5419 1474 9014 3367 8516 2150 4919 654 1665 6125 1431 2539 2755 9914 4843 5733 9194 7665 5958 9563 9471 7719 5246 790 4690 1079 2362 2865 8093 1056 1924 9752 6979 2031 3523 7571 4603 3338 9269 7788 6560 143 8032 8161 7572 9408 5214 7142 4700 9101 1108 1609 7234 6452 1567 5564 7716 838 5169 1064 336 4746 9977 7348 3837 5284 3254 5929 309 5102 9360 4735 7157 6726 7220 9231 5324 5321 913 5292 1666 923 3307 412 9674 2448 5808 9317 8267 6545 8124 9913 38 3857 1314 746 3417 8598 5887 8646 6366 8631 4340 505 6224 6797 8137 2329 4412 6227 1198 3758 5955
1204 3735 6685 1516 1845 1584 8361 9068 3823 9231 6492 4802 29 1808 3925 8998 7711 8002 5277 808 2285 4307 3220 3839 6055 6487 791 656 2436 9358 6300 2886 89 9912 6408 1462 2557 350 3135 5701 6707 7156 3089 4825 467 4928 5039 8023 6112 176 7653 9508 6546 4090 1263 7034 7292 6114 9786 1398 5254 370 9172 3193 4195 5438 3874 4111 2098 6402 2653 1308 3105 1649 462 917 5666 8651 1538 7485 2828 1595 1174 9690 440 5284 4422 5410 9432 1618 1612 2803 1554 4309 2823 7591 1801 311 5873 2586 9604 7504 4060 7218 789 1053 8691 3605 2469 7811 8166 2744 8262 3702 8232 9657 1987 3418 4564 7244 5635 9801 3424 3373 8493 2880 1280 8663 9163 9983 7325 4567 1645 1256 3420 4167 989 1381 3625 8506 5303 5654 1026 9047 2988 9863 1124 9608 6710 1557 8717 8451 1210 2544 7934 8768 3331 6823 4144 551 8268 2511 9481 6902 3473 8657 347 8734 73 3081 6413 5473 1930 9729 7709 8399 1525 5062 8461 9232 1290 6678 7909 8727 6466 9963 1288 7075 4157 2974 2635 4881 9365 9914 6011 5214 8310 4181 8217 7631 3868 5302 849 9157 1167 6076 7322 159 6024 7637 2677 6551 8101 636 6406 1859 8812 4604 9311 619 4777 9995 4943 7065 6142 4228 3891 5740 3969 264 192 4477 9503 2535 4717 1891 2460 4594 1289 1873 6033 847 9554 7422 323 3491 5084 4094 469 4531 8791 3769 9943 5258 9583 6669 4692 1850 5595 7734 8440 8397 1922 1310 2708 5401 6215 4748 741 574 8706 5631 588 5927 1874 831 2723 7427 4334 2864 4456 8668 3167 9356 6697 9141 4343 6081 1326 9539 5396 2204 5375 1369 6007 6008 806 2682 555 7474 8 973 4557 3630 2510 4676 5026 5600 1738 7813 7769 6496 4008 7533 3307 1580 9155 1564 2324 1569 6335 942 5707 5516 8405 334 6311 5706 711 6529 2461 9399 3165 9753 2945 3388 512 999 9403 2371 7250 4444 1043 669 4859 3725 8670 2770 3101 2443 2965 9425 8011 8494 7685 3156 6536 6075 2517 8290 8151 718 136 5586 4517 1563 7526 9700 8462 4030 3166 4551 4821 1261 7431 3540 361 5955 6323 3324 3209 1019 5433 9870 4738 2726 1828 9962 6490 5199 6284 6062 94 3916 5781 834 7131 3048 7960 3607
3916 7243 2292 9383 7803 1209 9208 7516 3140 1167 7538 8780 2411 772 886 8278 1988 9685 7898 7369 7302 5591 9990 2394 9150 9022 4409 4449 6516 1500 6483 3047 4617 3189 6451 9399 4627 1204 5197 8143 3768 6600 4840 3955 4505 5407 6486 7455 238 6815 7194 7015 7522 1949 2416 4783 259 7650 6562 2376 2716 5275 2667 9998 806 4144 2013 9726 4763 4229 151 9074 4094 1931 5989 1036 8524 3192 852 5020 8253 1947 2813 1031 4513 3819 1480 446 5555 7129 4907 5666 106 2996 9737 7583 4851 6775 5127 2024 2539 5385 846 6211 7004 4702 1327 5799 8730 2329 7042 7166 2566 5029 1463 8824 3684 3260 7368 2497 3715 2110 5482 6609 8057 825 5376 7636 9341 6133 2473 8479 7121 6495 665 7115 7686 9423 9870 6200 4184 4080 4710 9746 793 1721 7646 7356 4879 1217 7620 2510 6138 6484 7852 6493 1062 3363 1933 5592 4788 4270 7023 5934 6950 5414 93 573 5363 5213 4967 3763 2589 5467 4583 9938 2709 1661 9549 4873 2408 6371 5265 4652 1245 2062 5003 6624 76 8951 3492 1344 7428 594 6198 4581 328 8964 5915 5718 9798 478 9210 7119 6892 6920 1362 3855 4341 7940 9039 6038 6320 378 9046 9652 9445 5503 7444 7425 6193 570 955 9592 1341 3020 4973 2572 3838 2712 6069 5170 8499 3151 3987 8160 5397 8471 8709 1494 7674 1798 7372 1703 1212 3609 3137 6766 1910 5154 1668 3156 7998 7533 4769 3038 1400 6319 5580 7170 1772 2526 2962 6479 3841 7120 1690 8796 9242 767 6882 8905 2616 5111 5200 2544 9396 219 5583 1571 7400 6152 3705 4095 6736 7865 8916 5436 5733 1817 8604 7326 827 4979 1381 5087 9964 7555 402 4282 4641 8432 1440 8386 564 2146 8343 4096 1534 9741 6789 2348 8274 2782 2181 6399 9714 7145 1731 5661 6102 3623 358 3009 2153 1950 7221 6659 8139 4562 9103 3341 6300 4348 1547 2157 1156 4718 8158 5794 4719 2956 7670 2592 9875 204 3557 3452 9284 2437 5618 9634 3011 1756 5702 2967 483 3214 6492 6264 1487 4060 8680 2247 3305 3439 6861 8070 3248 9750 10006 9225 9145 5011 5036 5077 1942 8809 1658 5141 9252 8789 5628 7649 1757 500 4843 8363 126 9033 7229 5071 3133 7560 4413 3655 4013 2999 4138 3204
4569 7453 5378 1975 1998 2436 5556 6670 5695 4096 6277 8653 7346 1600 1383 9433 2621 3858 3485 2473 3215 6033 7052 9924 224 4330 9863 7329 9978 9519 5564 5082 689 7094 1587 8967 5059 251 3974 473 9942 6658 8077 1598 1780 5681 6875 27 8410 543 6054 7887 9292 5592 9531 3182 7580 5186 59 2058 533 8039 9141 541 6451 4135 3539 1761 4449 1252 412 7040 2299 7733 9840 6891 6858 8405 6539 6681 8515 4718 2894 4706 5276 2208 779 9243 308 7670 7335 8787 761 2809 6568 5928 2877 3077 3405 8346 3240 6074 3917 6784 3080 7813 3967 6866 6817 1533 9679 3825 5032 607 3357 7867 3255 8100 2036 4900 6795 5900 8435 584 2919 4747 2141 9075 3635 2719 4419 7207 4174 801 4876 1552 904 9448 4647 1977 1601 6188 1302 494 770 6026 3438 6799 5106 5932 2083 574 4904 6001 3397 9934 8246 3076 8607 6470 5367 9162 1376 5819 9503 8740 5087 4700 6467 959 3534 7757 5076 1880 5845 4342 7481 9827 4468 2484 6035 6655 3669 5977 8161 4938 9259 7139 7665 3324 9414 1389 8242 3870 1103 4971 7712 9005 7523 1490 3204 3213 6430 3300 4171 6400 9255 7933 161 1825 1752 1232 4382 9548 4811 9451 9055 7605 5227 6931 8925 3389 1515 3245 78 3290 6156 7654 504 8792 4772 2182 5940 495 5575 7902 1311 3711 7647 6897 5667 9654 3784 8167 3747 501 4384 9151 8563 5197 2879 2680 7157 4092 7071 1149 5847 3945 1226 5573 8299 7566 7965 3816 1815 3737 2486 5638 400 9422 9808 3236 6868 6420 5285 5425 7656 107 2537 518 6013 1015 2425 2736 6048 9078 8043 8347 8045 7950 1790 3696 5621 8778 7551 5939 5697 3699 22 4399 1170 6682 3313 6594 767 1618 7817 3173 4363 8316 9195 9836 7685 9361 6906 8884 6524 4655 389 6602 9186 6619 808 8490 4677 6029 7846 2420 8732 6675 9706 3469 5649 3220 37 6425 9296 4798 7028 4681 5235 5343 3919 6387 6832 3559 7798 1941 8747 8701 7825 1585 9364 1307 4505 143 5398 8012 9497 9931 3838 7455 4981 5727 7751 6267 631 8600 2856 2242 4037 2978 8046 2748 3666 1569 2533 1312 8516 9523 4770 2579 2188 4749 1744 2820 9388 6550 9501 9137 1335 8954 2636 5884 1604 589 6930 4120 1513 3642
3313 8367 5848 516 8183 2344 5577 9278 137 8362 1837 1143 8811 7777 2879 4453 2231 2990 7437 320 7061 4907 2175 4099 2451 9355 9870 2709 8177 3535 4328 2026 8658 3123 6054 9660 4366 4490 9897 2353 8794 6148 1008 584 4692 9828 1039 9441 2806 3933 5381 8156 2700 4960 6665 3457 9804 5803 4445 3819 7996 4439 5010 6747 7194 3524 1508 1404 2034 7070 8124 9052 4970 4680 2203 8548 4944 9841 3462 3808 5176 3817 8393 687 9264 2916 2112 1594 4347 3258 4274 2738 7424 7904 2687 2537 2291 1087 9920 2791 1907 7262 33 8992 6873 2197 9739 3695 2589 1976 8576 9393 2327 3948 7407 6275 816 8675 4752 7925 3522 1905 7659 6288 3239 3042 7122 7809 6534 4443 4216 4244 8693 1179 1665 5264 6363 3362 3644 7709 6370 6976 6769 2827 4768 4749 3517 7901 8286 6916 8672 344 2297 9903 1162 36 3393 2494 5823 475 1311 5484 2721 5795 6033 8825 4998 9129 4696 9034 8543 933 461 4090 9241 2478 8999 480 5322 4857 2093 362 8731 3643 2904 4494 9103 9857 286 3803 1165 4444 9021 6120 6566 8098 4206 6229 9947 2435 2524 9875 6720 7550 2907 8902 4724 3476 1029 1419 4060 5189 6240 2760 3057 9148 5928 4650 8158 2303 8712 2411 7288 4879 7733 1606 1965 5756 8771 5710 7895 9477 5667 1420 8865 7065 4113 9679 5598 106 9512 3723 7038 4469 9062 2985 3426 947 7689 333 9484 9281 4545 3983 5463 1886 6427 665 3624 1672 8878 9488 8487 2042 5482 3118 2043 280 4994 9923 7199 7535 881 776 6608 9768 2942 6958 335 9087 3026 291 7814 538 3816 3588 8818 1384 6004 9578 629 763 4185 5394 572 7074 7330 6549 6469 2335 2360 2401 9273 6133 8989 2465 6576 6113 2952 4973 9088 7831 2167 5687 7457 6357 4553 2395 457 4884 1737 979 1337 323 1462 528 5801 4842 67 2243 608 9935 4817 26 5378 3748 7079 1334 5922 5841 6909 5058 7226 7179 1498 3389 3288 8326 8983 3656 5327 8868 1466 9741 3298 6341 7729 2400 4468 4257 1109 5553 4035 5148 9375 5900 201 5665 1817 5113 1312 282 4597 3668 2945 1359 5963 2706 3769 7914 702 1283 1035 228 5309 2434 7726 7999 8847 631 366 7937 1140 4403 2149 9260 3710 4615 95 6692
3660 4816 5511 2648 5558 8329 3667 8430 8636 7773 3956 6102 415 3497 2147 9940 9111 8552 4433 6484 4644 9632 200 1143 9094 6923 2562 2615 7105 6463 3809 257 4839 5949 5768 6672 7354 2068 604 1005 6466 8217 5885 8465 6692 3384 9567 8099 9294 7251 7503 7516 9939 4306 6676 6560 9572 2103 8667 6623 2070 207 4757 2212 2041 960 388 3853 1530 7327 2424 9994 8399 9786 9659 9851 1760 1700 3603 1120 8656 3803 1448 3590 8704 4282 1433 1564 578 6166 7725 3477 6117 2441 1616 263 3648 7198 3013 8158 2586 7858 2094 5450 9753 1199 7985 1902 3534 9813 9303 461 4373 8387 2161 7161 5354 8795 1229 2030 8147 9773 7236 5477 9397 1816 591 8589 2092 5847 6001 5453 4154 6827 1604 2645 1150 2701 41 7687 1013 4878 3211 8883 3775 7006 1097 8218 683 334 4565 296 2101 9064 2871 6324 6383 9682 282 4880 2814 2628 9528 830 6179 141 7851 8487 2325 4628 2801 205 5154 8467 6295 7136 5313 1923 4369 9181 4664 5662 7699 8638 7376 7708 1848 4246 8579 4077 7101 7257 6312 8765 7184 5792 1908 2343 1055 6548 1947 9612 4170 3651 1599 8641 1777 3329 5474 4989 6195 6972 7846 4476 2952 5256 8234 7514 329 554 923 2729 4490 173 1499 8477 4310 5882 4057 1064 9765 8824 476 6399 6506 277 869 3441 3256 4954 8139 1354 2235 2479 4080 1502 2878 9938 9508 4800 8687 2653 9569 7702 3039 2997 1327 2591 1862 1467 4822 4320 3897 2803 9815 8906 4213 119 2211 7243 9091 2515 6941 8996 6362 8847 914 9519 7620 9309 9277 5622 5632 3647 2393 1137 278 5674 5317 1129 1866 673 2319 5819 1552 2960 3668 3228 505 5646 868 8643 1380 7081 1220 8820 1270 8902 5007 2622 712 9588 8934 8662 2612 2697 835 183 9521 7223 3054 5023 9453 707 5577 9561 9290 8045 10006 6017 2277 4149 2816 2231 3273 6583 3 5223 9781 5648 471 2388 7133 905 6302 743 8438 7048 2767 6954 1412 729 1210 798 2524 151 5866 7233 1069 3769 8197 9855 966 9204 5102 8782 8813 7663 5777 9889 4224 2939 2833 3860 5144 445 7549 8392 6172 6534 4726 3362 3927 6855 6053 5138 1636 6300 1140 4686 1295 8943 1872 9489 3568 3064 3038 8199 9458 4718
1644 9470 7094 8401 4140 4357 6314 3119 1882 2255 3267 2525 9714 8695 5823 5516 1410 5884 8418 5769 6228 176 658 5051 8653 4153 6780 681 5489 1766 5267 5805 9089 7670 4142 3960 59 8872 5713 7337 5197 9693 7860 6455 148 6216 2558 8167 554 5681 3682 5207 7708 6606 5199 9296 1605 2201 3979 1291 4488 5328 8707 3441 8014 5907 8856 8889 7342 9208 9066 7232 1022 2846 1034 464 3532 4961 6504 5432 8077 8412 6960 4979 2931 9179 9819 2863 2663 2335 7401 2500 9673 1823 8963 2660 7934 1773 8881 8930 4207 6068 1915 708 5133 2383 7880 2485 7647 3704 840 8952 9847 7312 5156 2821 993 3599 6672 2105 3021 1321 8540 1566 4939 864 4188 4836 6299 1093 3763 4139 9559 4438 5246 4970 9721 2302 8948 634 9815 3657 5166 836 9746 2343 5813 7501 2664 7140 9277 373 6585 4364 9928 6244 7007 653 1040 9280 4781 2206 7990 664 3860 9902 1398 8266 5920 1272 3256 9712 9092 2071 9770 7586 802 6488 8608 8082 2416 6333 4351 7505 1870 4637 769 8035 6742 8224 4250 2536 2527 9317 2440 1569 9347 6492 7814 5579 3915 3988 4508 1358 6199 929 6296 6692 8142 513 8816 6822 2351 4225 2495 5662 2450 9591 8093 5236 6955 968 3558 9807 5245 165 7845 4429 2029 8100 8850 73 6093 1956 7580 1993 5239 1356 6596 7184 543 2861 3060 8590 1648 8676 4591 9900 1795 4514 167 7448 8181 7782 1924 3925 2003 3254 102 5340 6325 5939 2504 8879 9327 455 315 8091 5633 3203 5222 9734 4725 3315 3004 9699 6669 7704 7400 7702 7797 3950 2044 119 6969 8196 9808 43 2041 5718 1341 4570 9065 2427 9153 4973 4122 7930 2567 1377 7431 6552 5911 8062 6386 8841 6863 9223 1085 5351 9145 6561 9128 4932 7257 1063 9718 7901 3320 7015 9072 6041 2271 91 2520 5703 9322 6451 942 8719 1059 505 397 1821 9360 8915 2181 7949 3799 7000 7046 7922 4155 6383 4433 1235 5597 342 7735 6250 5816 1902 8292 759 13 7996 9480 5109 7147 2884 3498 1703 2762 7701 2992 2074 4171 3207 4428 7231 6224 970 3161 3552 991 3996 2920 6359 9197 6246 6610 4405 6793 3104 9863 4136 5151 8817 1620 4227 2098 9414 8203 3415 3168 7166 4116 9121 1318 4132
4878 4089 5597 6469 3496 8227 4778 3925 8130 9022 2079 4302 8348 5777 760 938 5633 9330 983 1704 3687 5338 2842 7955 8735 4010 6268 8370 1410 2004 4179 7746 5190 2199 496 3307 712 459 5648 1349 9109 9827 7402 3425 7310 1673 4837 7224 8737 3613 13 4116 5241 7086 6109 4907 3336 9966 4828 4007 1860 2742 7791 1261 6563 4851 4445 4980 3856 6816 9669 8744 7227 3138 9241 3639 4859 2857 9981 6854 2126 9983 6457 5878 5729 281 953 7659 7449 9106 5419 1774 9806 6567 4057 1942 6479 1511 6973 3522 3066 3519 8665 7898 5039 7155 7423 4260 6678 7041 31 543 8988 8828 560 610 692 4429 8156 3861 820 9042 8116 1794 5836 4059 1545 224 7264 797 8604 4996 680 6811 5658 9371 7855 8571 6543 8821 6953 7492 5574 6031 376 7113 5753 5524 5949 6646 3386 41 8565 7734 7572 9708 6006 335 241 8893 2668 2466 2535 3849 3202 6544 3619 8829 5365 2486 8572 1341 690 4826 4404 8115 6996 3960 6186 4633 7690 6299 7220 9531 6116 8521 6461 5084 3226 1780 8615 7816 1302 3428 1711 7301 8463 7967 6353 6508 758 1335 1881 3577 7159 6629 1757 8177 4696 188 4403 3310 5120 6087 9274 2092 6725 2715 8147 644 3950 8171 5887 8946 7158 1824 9888 297 7784 7654 3438 9733 6047 7207 7108 1742 6151 6577 2072 688 5223 652 2362 3165 8885 4256 7472 9544 8539 2888 8831 4968 6238 4318 5172 5772 6756 1565 6261 4756 8292 6886 5781 9973 8442 7132 6985 1140 5564 8016 1630 8369 6612 128 6306 827 2649 1234 6919 4234 1832 8300 5298 775 2964 3752 7446 4698 9798 8155 9063 8951 1162 1197 9260 4871 475 2472 1344 5098 447 8030 8858 4612 6855 6931 1852 4330 2790 8270 1246 4537 6732 6329 1265 5769 2348 5944 2635 4013 669 3991 5036 2747 1795 634 5935 9425 7143 9805 1762 2181 4069 9567 8977 6008 9945 3993 4639 6499 7548 4465 1010 1348 4304 7951 9529 6513 4769 708 1253 8151 9857 1447 9670 3542 9103 1011 6153 6180 5824 6441 9054 5734 4292 326 7031 2016 1797 237 9687 5171 967 4880 3692 9349 2215 7327 3302 6708 1086 6276 6782 6411 5002 9496 8060 2903 850 3087 4354 8033 3259 233 474 7674 9475 7225 3535 5489
941 7926 7373 2063 5363 768 7242 3049 9782 9216 1483 409 3451 34 2836 7031 9908 4219 7698 2596 4636 9983 4342 8300 3183 3197 418 6668 6911 3707 9260 2756 2897 9933 4260 4563 9463 7492 3459 8453 7837 22 5218 4533 5411 1247 7227 1023 1656 1093 7775 2322 8990 6316 6734 3817 7439 8976 9095 484 3574 636 3423 5592 343 6545 6309 3120 692 2314 571 1315 3736 8507 7125 1256 437 7900 2527 3322 623 1000 1218 7980 6661 3297 582 4135 4358 5124 3178 9193 1045 7296 2337 1009 4435 4850 7532 5526 3437 2813 6593 6788 3105 8673 4195 2455 7607 5649 4039 3400 5154 7230 5431 7284 4719 8518 9945 1878 7061 3953 457 3930 19 810 8912 1785 504 9611 8135 911 3874 1128 5831 7940 4594 8313 5606 7571 2788 6552 9923 6245 5817 712 8351 8070 8810 2018 9292 6411 2887 1911 5514 5819 315 2096 3816 2634 7100 1215 3572 1033 9678 9846 6519 1463 4379 5959 2546 4554 6246 615 2588 6224 4982 1344 2983 2869 5484 1767 4077 5864 6393 6460 8171 3772 1361 4612 4740 9353 9313 7246 2255 7279 708 9145 566 7311 4363 9135 2551 8565 5619 9994 7162 8922 9807 9257 8355 7276 6307 3517 6947 6568 6747 6240 1806 1339 8979 3496 6112 7200 1379 1039 8487 1088 3764 2949 9618 1742 4036 8999 9533 3604 4688 9668 1824 7773 2719 5238 563 2903 8742 5509 1808 942 2724 9249 9943 2275 3309 8207 6633 8855 8096 3649 759 4025 6179 8911 6987 8635 1731 1216 8377 2909 7551 6758 9060 2428 7963 5032 1426 6720 6596 1189 8733 2292 4938 71 495 6394 1258 40 1645 8280 7153 5705 2930 8386 6126 4421 7629 1282 5283 6641 7267 3090 6647 6076 4339 3892 7562 9578 9682 9052 4016 2962 2034 6116 6406 8883 2538 6142 1245 7624 7278 5910 7269 2693 392 1822 8170 8974 9492 6739 7828 6812 8348 3662 3182 8399 8549 8795 9999 1166 8295 9179 3824 1046 2094 4213 8889 1347 7391 8497 9110 2510 1693 8759 7138 3679 4811 263 2411 6334 3161 7564 9181 3427 4798 7847 8044 3964 3277 4552 6643 6870 6842 2393 9907 9421 5822 4723 7724 7442 3377 4716 4110 4317 8259 6318 6337 7569 3185 2800 4170 2414 735 8789 1183 9924 1043 7693 8592 5263 604 9775
8299 4898 4524 8714 7580 2518 6625 6956 6298 6820 3273 1859 2342 1533 7011 384 9930 6372 2138 1999 4573 3991 9441 8372 5418 1374 3548 2310 7885 7021 8406 8676 5116 1279 7395 4216 9810 171 7179 7064 4874 9288 3718 8593 6581 5683 3810 338 9054 132 9917 3949 7771 9636 4689 979 6903 1808 7462 5927 5411 7767 423 7192 9487 9248 1651 3602 1598 9119 2240 1766 5792 7191 4682 7372 3778 6690 9064 8154 8663 2693 6912 5025 4332 6798 7640 615 9108 9427 1144 9175 1131 6752 6764 4382 6880 1370 4342 4813 6386 9366 8249 4816 787 4987 1868 5559 8410 7882 2613 2778 5050 4373 3663 4500 3471 2584 3531 681 6014 3152 860 5507 8725 393 3140 3242 3009 4228 7428 2669 1669 29 5345 854 6698 7476 3148 1654 8010 7226 2738 2983 9389 8687 7936 1901 4012 269 7740 779 6575 6874 2561 3093 7568 4900 4127 2459 3326 6349 1700 8886 3459 4966 1033 6191 3042 2681 9294 2527 9842 3826 7169 9049 6128 537 4577 3197 6938 9871 3073 1531 7408 6639 4177 2541 7063 69 7412 5845 1674 4040 4718 226 1265 167 7973 9567 3375 1626 3561 4733 2252 9391 8290 1681 7654 7843 5351 9670 7947 4721 4634 6893 3793 8716 7183 6270 2371 780 1373 8750 434 5 102 5865 7711 1532 2206 8515 2050 9460 9604 1034 989 4918 554 6206 5068 800 7410 6242 7929 8294 887 5151 9342 3006 9827 1800 9050 926 2413 2450 109 9479 829 6657 604 6288 8805 4527 3115 3201 6144 7368 4572 9193 7565 492 8506 8840 2583 8733 8812 8141 6240 8326 4542 5141 1320 4260 1076 2659 3654 1283 6601 1713 1302 7833 7336 917 9203 5580 9245 7250 7981 7979 8376 4624 8878 5047 9972 8042 874 2728 4968 636 9943 8795 6512 4369 4457 7003 1972 4929 3374 6828 1685 6860 5340 6850 7325 8104 8581 8963 3185 9320 7373 8583 8566 6937 5066 1197 3658 489 4098 3212 8964 7990 1189 5246 5495 1100 7902 8650 270 2538 2655 4448 3786 5102 4058 1145 3973 3007 4625 3676 6923 7845 4954 3415 3693 8552 9716 8823 954 6862 4943 595 3071 1928 3656 886 346 7466 5133 2908 9266 8085 7349 3340 3570 7950 9129 255 512 4536 6332 71 7015 9597 7427 7871 9800 2156 8433 8320
1916 3918 6801 9928 4649 6799 318 897 1046 6494 5822 9123 9333 7676 1356 5001 6976 208 2718 4833 296 5264 9809 3253 3709 3256 8117 8884 1736 9627 9359 2515 97 9741 6744 6232 7794 7954 6215 6165 6083 2346 8626 2914 5955 7740 8666 4981 939 2716 5230 6551 9518 5978 8178 1779 6095 9971 1117 7411 8927 8211 232 7961 9829 9290 1201 744 6399 9669 1022 1251 826 129 3389 6734 8217 9048 9210 7074 769 6440 6534 7889 4107 4309 4240 2926 3573 231 3156 7953 1410 4289 8210 5434 6085 1949 2371 8667 9786 2815 589 2142 9092 476 9562 7251 659 8261 314 1691 3549 4995 8167 8966 5473 3347 5064 9481 8319 8815 422 267 6017 5440 4894 3198 9623 146 5018 8605 2079 6587 2372 3465 1655 688 7508 4683 50 4060 8635 6131 2825 8611 888 7836 9624 4951 6894 6478 8998 9128 3337 7049 728 9575 9674 5033 624 198 4703 6087 1552 6123 4413 3610 7897 2519 9310 7238 8243 3887 7951 1807 537 2457 1603 1003 19 5210 514 2019 8490 9896 994 6809 8340 9650 9797 5635 1211 8766 5145 8413 163 6647 469 5948 4126 5541 9863 2541 4943 8482 1477 6000 3811 3023 9336 2077 6984 8627 7719 7831 5613 5578 7522 1904 6300 4303 5431 1677 6328 8752 7924 2163 9927 9851 4923 2445 3985 8512 5529 2238 43 446 5510 1006 4427 831 4140 2762 6106 2784 1739 4028 4980 6141 840 7357 9639 6977 5013 4594 2706 7215 7805 767 6837 2782 2136 276 9234 2310 5765 5427 2471 8831 7253 262 2006 6067 5522 8631 6925 5328 7112 3233 7679 5764 622 595 951 334 7728 1041 2483 6449 9751 4759 4978 6538 7095 1604 5808 1895 3083 7433 4560 9455 3473 67 5689 499 10000 364 1773 7286 8722 3872 5925 3688 2421 8749 3516 6542 6301 9108 7307 9557 3240 1286 8889 5747 9000 8731 7089 2795 4559 4650 1597 2194 8777 7965 9035 6787 2700 8406 6556 3522 5351 7550 6353 8793 4789 9030 2776 3327 9034 1982 824 526 9644 981 4386 3966 7280 9913 2623 8680 2202 7189 2959 2026 2097 3014 6119 5207 6113 6398 4864 9153 3378 3914 7595 2424 3150 9144 161 7044 6724 195 295 459 7933 5380 6797 715 7152 5300 2663 740 7193 2165 9530 3596 669 6276
1106 6324 1272 3394 2471 557 220 2069 298 6600 6528 806 5832 8871 1046 8227 8796 923 7625 8209 2362 7183 5883 3751 6659 9827 1413 423 6805 860 5120 98 6272 1587 5912 2998 1021 8186 1924 4063 4769 4726 8258 7646 9044 1730 2544 1077 7077 6910 5035 1960 6924 2256 8210 7167 9059 3756 663 9200 785 4997 9503 5685 3026 5470 672 2410 7662 5868 1725 8540 1704 7705 2336 2337 7142 9018 6891 3803 6344 7309 886 9966 8846 1005 1355 1929 8074 4142 4098 2825 337 3862 9643 7916 5484 7900 8660 7905 2664 7278 2036 1845 4734 6670 2640 2035 7047 2858 8797 5728 9501 6082 9281 9724 6848 7335 5732 8707 3579 773 7379 7005 1188 54 4999 9106 9437 8779 9301 5754 4340 4823 4014 9492 2865 2404 8853 4619 4480 7054 6472 1915 846 7899 3855 6029 4791 359 9502 880 1150 7597 3760 9876 6697 2284 2652 9660 9545 7355 1762 6199 1067 9062 8164 6291 2819 1528 2613 2391 6430 245 2110 7170 3460 9384 4289 9943 8408 7892 241 2904 9673 1961 1722 4132 6083 4079 1593 4721 4247 8273 9672 7163 9853 6259 9171 1538 628 1137 5174 9393 7506 6813 9279 114 3096 1582 1901 3625 1649 3612 9233 9245 6863 9361 3851 6823 7294 8867 1840 723 7297 3268 7468 4349 8040 884 356 5094 5259 7531 6854 6144 6981 5952 5065 6012 3162 8495 5633 3341 7988 1199 2874 5621 5723 5490 6709 9909 5150 4150 2510 7826 3335 9179 9957 5629 4135 484 9707 5219 5464 1863 1161 410 4382 6493 2750 214 3260 9056 9355 5042 5574 42 7381 6608 4940 5807 8830 4181 1360 5940 7447 3514 8672 5523 5162 1768 5008 2316 6307 9650 1523 8609 3018 7058 5678 9419 2345 5554 4012 9889 9120 6658 5022 9544 2550 9893 8326 4155 6521 7199 2707 3746 2648 447 2041 5856 4107 6042 7214 4733 1865 764 4162 128 317 7832 2144 421 7202 7115 9374 6274 1190 9664 8751 4852 3261 3854 1224 2915 2486 2583 8346 185 4013 4687 989 4531 1934 2078 3515 3470 7399 3035 8687 7549 3281 9891 8723 403 768 3368 7632 1816 5487 2301 4281 1524 3407 4894 4931 2590 1953 3310 9138 3085 8769 1279 7008 5596 5682 8625 9849 7053 1667 39 2973 980 1314 5064 1207 1286 615 8721
6158 6217 9516 116 4714 2648 2462 9362 664 6013 9982 7685 8321 2159 4462 2635 39 4988 8301 6129 6970 5147 1757 4203 9015 4498 5496 7533 8472 7210 7542 1682 4080 8413 3911 6935 7091 6146 8599 7018 5626 1742 2177 889 6382 1781 9446 4004 3485 1433 8475 1611 3163 5308 4823 6029 6806 7680 4310 2786 5090 8068 7348 163 388 757 2563 4324 7 1333 8311 4144 5716 3891 898 9599 8658 310 6233 6340 111 703 3275 3090 4788 7973 1188 2069 2313 3914 1336 2712 9772 9342 4634 8521 2487 9403 7536 2873 2831 1161 2425 1696 1301 4656 4154 3731 2637 9649 8740 4047 9960 2045 7077 8925 2349 6775 8830 6196 8681 748 9353 7454 9143 9111 5456 5466 3481 2227 971 112 5508 5151 963 1700 507 2153 5653 1386 2794 3502 3062 339 5480 702 8477 1214 6915 1054 8654 1104 8736 4841 2456 546 9422 8768 8496 2446 2531 669 17 9355 7057 2888 4857 9287 541 5411 9395 9124 7879 9840 5851 2111 3983 2650 2065 3107 6417 9844 5057 9615 5482 305 2222 6967 739 6136 577 8272 6882 2601 6788 1246 563 1044 632 2358 9992 5700 7067 903 3603 8031 9689 800 9038 4936 8616 8647 7497 5611 9723 4058 2773 2667 3694 4978 279 7383 8226 6006 6368 4560 3196 3761 6689 5887 4972 1470 6134 974 4520 1129 8777 1706 9323 3402 2898 2872 8033 9292 4552 4784 8767 3691 570 4658 3757 7483 8390 3473 3815 5977 7121 191 4837 3250 3049 7923 1106 8339 8593 8209 4377 4497 691 5657 592 291 5001 717 496 9340 5031 4769 6741 5572 2454 943 5670 3015 4665 7371 601 3508 1871 1588 2725 2188 3709 7004 8405 5499 1934 4093 829 8285 9305 6975 9158 1130 3575 3582 7196 314 5439 3837 1610 8365 3432 6950 9117 4265 6715 726 3713 6210 5902 6998 9596 4250 4689 2607 5597 2495 7815 2530 5871 8148 1475 138 347 3892 5703 1468 6531 7229 8774 7305 3695 9783 2155 5256 5138 8547 7333 8144 2269 2641 8855 6237 5546 7615 2202 930 3247 8648 2295 7487 7596 970 5314 3632 7278 4051 9166 9549 8576 6580 2506 628 3152 2488 4201 9412 746 9750 3702 3390 5280 374 3536 6320 4081 3211 5787 4808 4003 8687 9564 595 4699 622 4343 1239 6956 7926
5559 7848 8800 9961 4660 1170 3452 790 8833 8414 6526 1028 1618 4587 650 6602 5956 4096 3047 6130 9585 9247 6291 2644 1066 4082 5826 9887 9342 2444 738 9148 925 7053 1492 9584 4442 4415 4771 4154 1541 4861 6303 262 3564 8579 8798 351 908 5424 9628 5715 6903 1246 8380 3268 7293 3887 9509 4319 3813 4184 5593 1099 2535 7692 9745 7508 6241 2562 7336 355 114 2921 1120 3370 7060 5106 2702 9567 2813 2544 902 6615 8379 8470 5417 6014 2590 1778 2848 600 6520 2219 369 7342 9171 1363 166 2606 8609 2843 6596 7147 2847 5802 4644 4346 3457 4801 8206 7786 1093 3726 6443 2493 6022 1002 6779 5846 5917 6834 9939 9027 9933 211 8684 2966 7198 7734 1408 6244 6970 2957 3981 857 537 4015 4115 4279 1746 9200 610 4535 965 9120 6483 4560 1006 5985 3343 7416 4489 89 2880 4255 6510 4204 1623 8598 23 5974 523 6794 7872 4036 4950 3647 7114 4394 3936 4786 6180 9667 2977 11 8356 8032 2297 4900 3565 3377 667 8231 7827 7965 586 9299 5976 126 539 3618 7867 25 5577 4275 2540 1696 9118 6880 808 5260 2154 8268 5486 7328 1943 5120 9930 5810 3056 9347 6455 111 8520 5499 9751 6317 7490 9814 8822 5594 5904 4411 5565 6657 42 7206 6146 6409 9242 2280 3271 1694 9515 3128 5062 1429 7079 6338 8325 9182 4183 788 9230 4662 773 7204 6543 2657 3489 8456 8196 9771 2347 4982 7302 7104 6379 5190 6042 7039 4271 3334 4199 7619 9225 651 1400 7832 1969 9966 8671 543 2824 5364 1524 3232 4432 6400 6025 5410 2400 9472 6660 4450 2827 9772 7152 6858 5175 4016 8920 6155 9626 6112 3151 5500 4549 8193 5363 6726 1356 6559 9488 3484 4445 8823 392 7780 2284 2477 9198 1007 783 5219 5289 1401 2630 3845 7839 5583 3084 3789 8948 597 2112 6598 6750 6599 1548 8475 9428 5387 1962 6352 5546 5425 4426 7591 4776 8165 914 4233 870 2960 8389 6485 4163 4758 1731 7174 2491 6419 7257 1026 2015 835 4904 2771 874 2166 5886 7984 1818 4915 5591 1496 8790 1939 5914 2426 4311 5401 9190 2595 5789 2221 9979 1087 4917 5194 5248 4536 5770 989 4356 1472 3547 6950 6927 6489 3369 2255 3230 4829 2648 272 1579 7325
474 6274 5779 8970 994 3124 613 3700 6361 3520 2063 6078 4657 1526 7599 7952 2927 4693 4387 5086 1429 1836 6106 9106 4019 8085 1544 4026 1692 4669 9151 90 2442 5899 5164 5960 8066 312 8410 2077 3299 900 1769 4395 3498 6430 4834 1416 9420 1732 6736 4135 5073 9013 7469 3736 9222 1007 5547 4987 6070 6245 6532 4601 2635 2613 6980 5736 2495 382 4522 3306 4514 4894 9520 1896 4203 1582 6490 2931 3899 1884 6585 9091 1993 9966 3428 311 3605 201 5426 3988 9235 3430 9921 7357 5954 9257 9070 1158 591 8067 5117 279 9957 211 3441 2734 7979 2571 5310 7000 1766 9994 7877 2804 4091 3800 6525 987 9517 7495 8582 7963 5747 5315 1004 1139 9366 2444 5502 8916 1706 1890 5394 333 9245 1445 8667 6101 5095 4646 8713 6977 1328 6874 6763 3779 5690 1619 4149 2294 5256 7712 532 4768 4510 5688 2016 397 6548 1425 2630 8609 7607 6364 7928 7691 9704 5400 9149 487 8697 146 1333 878 6136 3151 257 4317 8974 200 621 2112 1355 6518 7380 6392 2370 177 183 8999 241 7493 8979 4211 10001 1484 5929 9216 2198 4298 7742 4584 1006 742 3111 8197 9333 3991 3636 9058 3540 8100 3570 2145 9815 8384 7238 4558 6167 2001 8378 8429 3309 8922 515 3139 2639 1819 4477 7235 150 539 8382 7635 806 414 8177 3296 6499 6148 769 2755 8814 1939 671 2194 5092 238 3085 3351 585 9258 3868 3034 8471 4979 7658 1244 3534 9291 2321 4900 8329 3145 1448 3068 1722 8721 5389 6329 9872 2073 4093 3403 270 6740 3341 2570 505 5124 3893 3075 5336 1839 507 4727 7645 8828 9167 6921 2437 1888 5791 6588 3492 7621 3585 4171 7934 6500 946 2645 628 5726 4480 1636 5778 4165 9125 5251 3701 1159 5396 9943 2990 7198 2491 1176 7025 1807 6859 4737 5660 7574 7911 6062 7833 1531 1603 7325 2299 9267 7085 9911 9342 7208 506 9929 5769 948 2248 4380 1472 8311 6718 7708 1326 7271 3011 8033 1859 6544 2219 5133 7110 9952 6207 4068 3362 3405 9880 485 9094 6401 5587 7054 1054 1221 3096 6171 1207 5875 9928 964 9079 4375 7468 8938 7346 3134 8635 2446 5105 2661 7459 5721 469 2263 6406 9598 6427 426 5795 5794 989 9120 1240 4328
5504 8382 7498 2846 5624 4576 2457 7788 5323 9286 8180 7567 4160 4977 7918 9539 2991 1859 6407 4259 336 3509 9113 7496 3243 1872 8830 8633 2706 3393 2118 27 9807 9835 4277 6770 7256 848 1947 8953 9235 3293 1954 2560 2353 8418 352 333 9108 3485 3870 2500 4256 5935 7888 5487 6753 5627 8984 8085 1407 6066 6902 1068 8312 1379 1617 4409 582 4713 280 4618 4127 6524 6052 9681 4825 8069 4583 6071 906 441 7684 5953 4315 9234 8495 78 4687 5441 5877 9394 6756 28 4605 1704 2150 3682 9797 1813 5531 8026 8115 5459 2304 3134 8498 4486 308 9067 6620 7010 9651 773 1824 8351 8648 4732 1512 234 3742 7894 4296 8002 2872 463 3317 7197 7556 1340 4355 1294 3479 5061 1251 7011 4449 2649 9704 5263 1182 5697 5096 9314 2622 53 4646 8576 9017 6538 3273 5924 5068 4865 129 9574 1047 7477 2011 6256 9215 7263 4462 5072 4071 7633 1066 8709 7634 5871 578 5507 2783 3119 6472 6367 2192 5352 8533 2542 5926 4671 8617 5882 3398 6129 9407 9179 4402 6975 1588 5162 6220 6354 9776 978 6163 2658 2914 2133 2053 7926 7951 7992 4857 1717 4573 8056 2160 1697 8543 557 4672 3415 7758 1271 3041 1941 137 7986 6048 468 7328 6570 6928 5914 7053 6119 1385 426 5658 7834 6199 5519 401 5617 962 9339 2663 6925 1506 1425 2493 642 2810 2763 7089 8980 8879 3910 4567 9247 911 4452 7057 5325 8889 1925 3313 7991 52 9848 6700 1137 9626 732 4959 1484 5792 1249 7408 697 6903 5873 181 9259 8536 6950 1547 8297 9360 3498 6293 6874 6626 5819 893 8025 3310 3583 4431 6222 5957 3521 6731 9994 7740 4844 9301 199 5686 2276 8692 6005 4000 6716 7968 9621 6728 5586 2112 1218 8558 2583 2791 1531 1466 9365 7509 5666 6246 1193 8517 5718 5931 8682 7990 5254 7972 8827 4225 7085 9774 1375 2411 6912 9090 7058 123 758 9805 225 525 1017 3425 5773 17 1785 1082 5533 7629 1860 1205 6135 8216 421 1647 8461 6827 945 7710 792 3056 3967 8263 6102 9763 8562 1789 288 3030 9128 9522 1362 9995 2538 6720 7174 7118 8227 3241 2269 5078 2880 8882 8318 188 2866 1654 2068 9952 6070 6108 8572 9811 9041 1774 8269 4911 1005
7859 9170 4115 1829 5285 9752 8672 2898 8239 3789 6498 4136 2664 4653 5113 3866 6224 8490 9004 7045 630 8122 1996 7160 2820 3708 7566 2285 4832 4606 9439 5757 6123 3521 9661 1718 2301 1656 4601 5428 6384 6751 8954 6963 6900 4395 6291 194 4605 4634 3881 8250 6609 7120 753 8724 2583 5721 3262 6034 6177 2809 888 6944 5668 8779 6676 8831 6361 6313 5834 5849 7875 5994 4110 7825 5912 373 4098 200 3414 5883 1126 9736 1841 2903 2243 3162 5870 8710 5362 9478 3019 9238 624 9313 747 9915 1334 8476 1776 795 387 1319 6450 3657 2679 6679 3232 1982 9939 6577 3465 763 6739 1329 4465 2403 1423 5820 8628 1625 5751 7314 2272 2409 232 7069 5873 3111 983 3097 3762 6854 3519 51 7973 6555 7832 9526 3498 9223 8605 1187 2631 6200 3247 4008 8058 4693 7180 8857 1200 5054 567 5617 3892 1063 7231 3737 6813 6654 3191 5117 3072 3721 9989 6659 7202 4490 2444 8295 2680 1477 5108 9862 6851 9118 4430 4347 5812 209 6631 2753 1997 1958 4696 1581 4478 4826 5797 8190 8512 4637 8289 3871 228 7863 8376 1612 3328 2940 9909 2525 7227 4531 9316 5155 5536 4960 9219 9399 3690 1132 8545 3090 148 3729 8401 1653 193 9807 2758 6008 1331 4068 6155 7176 9651 3703 3555 2912 5460 32 6741 932 8217 8156 5254 895 551 8793 3897 5074 6604 3109 1380 9352 8016 3023 8444 8128 805 8409 65 5194 2798 8075 6322 9051 2719 8746 8223 6965 6503 8147 2037 4025 9687 6564 1042 6396 4369 1445 1453 9872 4866 7864 3174 3488 1201 9859 2443 3490 804 3604 8196 7321 5886 5534 5357 5467 3646 9866 6057 6615 5929 2002 5969 4069 953 9052 7524 615 6096 3877 9044 9112 5621 3098 8567 8730 1392 6970 507 7520 1409 8599 2378 1382 8955 1761 8776 2268 3203 2735 5570 8218 2954 7130 8775 7470 1327 4862 8658 5677 1989 3546 9702 8590 9168 4512 8084 9539 5921 3590 968 1071 5643 8738 9811 1964 3505 2830 1723 6312 1029 3973 10002 9082 1569 6860 2328 1300 5218 8041 3064 5309 4988 3661 1885 4176 4731 9644 89 430 7794 7062 2259 9993 5865 4699 5989 99 8452 6540 5806 1400 5382 5508 511 6726 8913 91 33 1539 2808 6090 5068 7795
954 7072 3496 2835 8956 9788 4748 4488 6063 8646 1274 3594 3396 2671 1482 2334 3331 563 9633 491 3911 5517 6950 7699 4124 8268 6258 4963 6842 9123 1656 7823 9531 724 2692 2317 1702 8699 5764 2952 742 9126 6064 3444 3150 1467 308 5212 2447 5918 2404 9450 1792 841 4485 1655 3018 7655 2851 5780 9783 737 5115 6691 4072 8583 8776 5490 7306 7082 1511 1581 7700 8929 137 4131 1875 9383 81 5240 6896 8411 2890 3042 2891 7847 4767 5720 1679 8261 2644 1838 1717 718 3883 1068 4457 7213 525 7169 9259 4681 2777 455 1050 8030 3466 8790 2711 3549 7325 8314 7134 1196 9070 7173 8465 2178 4276 8117 1207 1883 7795 5082 8238 2206 8725 603 1693 5482 8894 2081 8520 6271 7386 1209 1486 1540 828 2062 7288 648 7771 9846 3242 3219 2781 9668 8554 9529 1121 8947 6571 7878 3617 3834 5791 2596 1359 1732 2744 2002 9191 8172 5300 4993 887 5361 7895 5246 5705 9660 135 4528 8130 3630 6257 158 4966 1243 4744 5282 8566 7147 3619 3437 9543 8349 5190 6814 4674 9170 7337 5932 9632 5693 2035 7644 31 5158 3159 4684 7185 6083 4676 8773 1082 1678 3456 768 3965 4805 8184 2918 7491 5384 8333 8366 6819 8685 8543 6709 499 2323 511 9948 3009 4438 5981 4909 7554 7889 6437 4456 2408 8656 9296 2340 2140 1812 6878 1977 9150 1300 8440 2137 7411 1250 8358 8407 3684 5545 1392 185 4610 1860 7357 1962 7124 3181 317 8429 9324 6789 4633 2298 470 3076 6149 1582 2498 798 8017 1043 4416 341 3665 4313 5776 570 3240 3616 9036 3915 4723 4447 9198 1779 8425 111 9292 3134 4643 313 9223 1820 5290 6978 2141 6617 8754 9857 6062 3841 9405 5721 6484 130 517 8757 4258 1683 7467 141 3337 9379 875 7743 5397 749 2733 9189 8569 1548 9247 7063 279 5965 8085 7559 1893 5810 3828 6982 1347 4114 246 7512 6219 7701 3727 2013 2004 8794 1917 1046 8824 5969 7291 5056 3392 3465 3985 835 5676 406 5773 6169 7619 9997 8293 6299 1828 3702 1972 5139 1927 9068 7570 4713 6432 445 3035 9284 4722 9649 7322 3906 1506 7577 8327 9557 5570 1433 7057 1470 4716 833 6073 6661 20 2338 2537 8067 1125 8153 4068 9377 1272 3991
4734 5851 9284 3306 9113 2225 8541 5690 6218 1480 1315 9050 9727 430 9600 622 1509 562 3412 8086 941 3233 8593 5375 3700 953 851 1084 9872 6672 1424 2424 4064 8755 3239 7402 6624 945 2439 6090 6874 1355 1110 4711 5413 6164 2192 81 3824 6360 3314 7525 7226 1532 1000 6532 9200 9973 1634 767 7751 2393 5214 634 9134 3060 7909 1051 1412 4806 1566 4258 267 6931 5051 7972 3556 9523 896 7162 4229 1020 2562 6692 7461 9923 1552 7037 4024 6688 8255 2419 53 9382 3867 2828 3926 6127 4533 718 2467 532 9367 1841 4709 5810 2412 6446 6257 8749 4430 6153 9379 9466 7207 300 5384 6917 7830 1722 3313 2720 5350 3659 4088 3991 8235 6389 2561 1887 5585 2043 4640 4496 3059 3104 9182 3539 7894 9032 3293 6690 7858 6171 5806 3206 8949 4758 1087 4273 2293 5050 3167 1680 1643 3984 4621 3264 7443 3489 7812 5295 9573 978 892 7956 6732 9528 4907 6535 3601 5594 5260 1510 5367 5288 5959 7860 5774 9558 8959 2773 9840 3017 1434 439 2810 7499 2380 2791 6267 6764 3176 4897 8520 4855 6850 6119 6121 5724 9476 5222 9053 4128 6058 3219 1365 9132 3457 4157 5305 7588 9731 9643 7097 2121 9171 719 7272 2408 7240 8760 7250 6775 5996 5519 5137 908 4780 6727 5517 5534 7163 9034 2896 435 3604 10002 881 5136 6110 2904 8854 8605 2993 6198 5450 3823 1555 1438 9652 307 8998 35 2948 120 1086 9475 417 7177 6255 9146 678 400 5548 4384 5277 3139 7238 9157 3498 1022 2165 437 3207 3747 6634 8967 1185 4834 6015 6751 753 523 6150 4971 3838 3581 9564 7768 4022 7085 4503 6673 6229 4300 1937 5667 5780 8367 201 18 1319 8256 7224 1929 7255 779 5369 4891 9711 3606 9605 4633 882 9941 7986 777 5766 1139 3958 9782 4523 2703 3721 1788 219 6452 5066 9998 1675 7639 4611 5249 8697 4745 8671 9906 9930 5166 155 9149 5086 6028 9174 5127 2893 6034 7983 6376 138 7520 3215 2159 1628 1958 6502 5148 3728 5402 3344 1570 3464 7771 8430 2706 8129 7416 3845 7195 2682 2886 2420 4858 1251 1740 9747 6467 7092 8117 9798 1347 2698 9717 2415 847 1878 2368 5173 3769 2267 204 4426 6947 1875 7967 9552 143 1524 2588
1172 9686 833 1925 5317 2474 1414 1677 4510 7555 8546 6969 4783 8403 330 6704 2347 1606 3593 4450 9458 6063 4498 9937 6048 2472 1811 7932 8764 3724 3464 5039 7622 250 2570 2372 1647 458 1310 2307 9546 8609 9474 2887 4493 5926 6675 3100 7244 5234 3939 5818 8099 632 6799 8507 9707 1668 1293 678 7675 4740 1928 9725 8102 5040 2420 2126 443 9291 4188 1423 4894 1380 8426 768 9824 3461 631 1994 6631 1827 4756 8759 9720 4091 5667 3048 7559 7752 4466 6282 6058 487 557 6676 7905 9120 3107 851 8359 9064 4216 5872 7387 1866 2018 1867 6823 3743 4696 655 7237 1620 814 693 9701 2859 44 3433 6189 9508 6145 8235 3657 1753 9438 26 7006 2442 7766 1687 2525 6301 7290 6110 172 8046 6149 7441 1154 3252 7093 183 859 6771 4058 7214 1182 7701 9586 669 4458 7870 1057 7496 5247 6362 185 462 516 9811 1038 6264 9631 6747 8822 2218 2195 1757 8644 7530 8505 97 7923 5547 6854 2593 2810 4767 1572 335 708 1720 978 8167 7148 4276 3969 9870 4337 6871 4222 4681 8636 9118 3504 7106 2606 5233 9141 3942 219 3720 4258 7542 6123 2595 2413 8519 7325 4166 5790 3650 8146 6313 4908 8608 4669 1011 6620 9014 4134 2135 3660 6161 5059 3652 7749 58 654 2432 9751 2941 3781 7160 1894 6467 4360 7309 7342 5795 7661 7519 5685 9482 1299 9494 8924 1985 3414 4957 3885 6530 6865 5413 3432 1384 7632 8272 1316 1116 788 5854 953 8126 276 7416 1113 6387 226 7334 7383 2660 4521 368 9168 3586 836 6333 938 6100 2157 9300 7405 8300 5765 3609 1274 9453 2052 5125 558 1474 9781 6993 19 3392 9324 2641 3289 4752 9553 2216 2592 8012 2891 3699 3423 8174 755 7401 9094 8268 2110 3619 9296 8199 796 4266 5954 1117 5593 7730 8833 5038 2817 8381 4697 5460 9113 9500 7733 3234 659 6443 9124 2313 8355 9858 6719 4373 9732 1709 8165 7545 524 8223 6039 9262 4941 7061 6535 869 4786 2804 5958 323 3090 9229 6488 5195 6677 2703 989 980 7770 893 22 7800 4945 6267 4032 2368 2441 2961 9818 4652 9389 4749 5145 6595 8973 7269 5275 804 2678 948 4115 903 8044 6546 3689 5408 9428 2011 8260 3698 8625 6298
7303 8746 7510 2681 5569 2700 6801 8323 6416 9693 4660 8014 2707 408 1441 1534 8091 2433 4762 7781 3926 3608 6689 534 6451 7749 271 3618 4704 9287 5195 6890 5667 3261 516 17 4002 8536 9167 9001 1924 725 3562 5813 4301 4223 9699 3469 9263 9959 1894 6680 7324 9581 6878 8049 763 6026 7052 3531 6963 6187 111 5357 4754 9369 8932 610 1372 220 8738 9098 7687 2571 7390 6487 603 7765 7102 3613 693 9914 5823 2316 2969 8443 2610 4652 9602 7713 7417 6131 1220 371 3782 2171 6734 6612 808 2097 1409 7886 8101 448 3508 6525 3067 9004 6332 6353 7188 6556 1917 7118 437 688 5903 6450 2944 8402 5745 7792 6746 4230 3306 6594 4381 8357 9674 3428 2391 3092 9045 3197 3213 37 32 6028 6655 7283 2709 11 5193 7287 1915 7515 6692 4942 2072 1368 1014 1234 7599 25 2414 3530 2158 4311 2238 8445 2213 8404 5348 1537 2492 8061 8388 8524 1542 6503 7434 7760 3091 4240 1321 5340 3125 7498 5063 3071 8210 3829 7852 4843 6713 5777 1440 6736 6215 4560 7850 5240 2961 24 7616 1654 4285 7399 9704 7480 8636 9331 6468 9378 2142 7487 2243 2449 1586 7776 9922 4235 7317 5967 3753 2924 2365 8253 297 8464 3445 4020 4963 2907 736 6382 6435 918 276 7629 4077 8659 9769 9588 485 1167 5888 4424 4825 279 2030 9705 2278 505 7204 3380 1912 3107 1064 1316 1329 3752 8126 489 373 3385 5923 2480 436 5890 4027 8577 6032 5861 4780 4208 7673 5350 1140 6244 3807 2212 3599 3472 3664 5580 5520 7423 4940 2469 7623 5268 7410 2517 8102 5253 5384 4398 9986 1538 7297 9937 6261 5436 4083 7468 1011 6833 1971 6406 1671 5914 9270 3566 5019 1798 5722 7354 3626 3116 4281 8193 2200 5981 974 9174 2608 5049 5850 1960 3586 1049 9297 3210 5636 4411 2402 5912 9667 9821 9273 7974 640 5424 6465 4970 6521 3861 1500 4833 8698 7031 2696 7595 819 4917 2031 4503 4154 8385 4116 5921 2877 6691 137 196 3495 4102 8700 6634 6448 3341 4650 9999 3961 1664 2300 6145 8448 6621 4025 8974 2280 108 949 9133 5743 8189 2994 8484 9482 1512 2451 1189 1521 5668 8066 2392 7897 914 1070 125 2578 997 9612 5728 6163 4875 361 5767
1012 9420 1594 3970 2663 6924 6707 4750 7945 9182 8809 7797 8539 1350 2369 5241 5548 9654 5180 2646 5295 4836 881 399 6013 2411 6911 4284 376 5575 9298 5797 5259 1975 3394 6922 7104 998 2192 5351 3727 5867 1371 3204 4609 909 4848 8506 2897 503 5383 7382 5857 3356 4458 5865 1768 9459 8863 7085 9773 6576 5736 2357 7623 3050 5157 2208 2175 3722 1856 1998 3832 35 8218 23 593 7532 6103 4560 5632 2987 2652 4104 6085 8133 1885 1245 8201 8401 8729 3663 8564 1391 9241 2101 8404 3130 9291 2183 2134 6857 4996 9149 349 5931 8681 3184 8579 3417 7360 217 2112 1217 3752 5908 8243 64 7465 4392 8959 8043 9743 2524 9498 6125 193 6876 6228 4765 9971 7301 6925 1505 6626 5818 6094 1343 8762 2116 423 1249 7407 5898 221 1318 8721 5251 3563 8400 3924 1787 684 4479 6700 1136 4820 4057 404 17 1784 6283 8858 3074 393 7204 1162 9666 2798 5144 9792 7808 1352 1972 8993 1294 3478 255 4576 2456 2982 8648 4731 6713 3559 9194 6427 288 3029 4322 2840 6814 8528 8537 1747 8624 9495 1717 4572 3250 5485 7149 7076 6556 9706 4865 128 4768 4372 2922 544 2248 4242 8713 6839 8569 5402 8614 1473 2971 5828 4109 89 7506 1257 5819 892 3219 6635 9035 2964 2214 984 4971 9108 3484 9071 5825 9708 4468 3880 514 8203 8004 2474 9416 2388 6473 1164 9269 6550 890 3616 2883 3282 9140 7139 9061 7810 955 5724 4739 5125 8560 2185 1737 602 742 2973 5431 7861 5842 1330 6339 7749 8060 1365 4395 3360 3664 3362 3267 7114 9020 938 4095 2868 1256 1014 9023 5346 9723 6494 1999 8637 1911 6091 6942 3134 8497 9687 3633 4512 5153 3002 4678 2223 4201 1841 9979 5713 1919 4503 1936 6132 3807 10001 1346 3163 7744 4049 1992 5023 8793 966 8544 5361 1742 4613 115 2345 10005 552 660 9243 1704 2149 8883 3115 7265 4064 4018 3142 6909 4681 6631 9829 5467 715 3329 4814 5248 9162 2772 298 1044 3068 1584 5955 3917 8180 7566 9361 8302 3363 8072 8990 6893 7857 6636 3833 4840 87 7903 7512 66 7068 8144 4705 1867 4818 4454 6659 4271 7960 1201 6928 5913 2247 9444 6837 8966 1650 2861 7649 7896 3898 6948 1943 9746
4224 6254 3579 9199 4406 148 4773 2351 2782 2288 277 4184 4187 8595 4216 7842 8585 6201 9096 9841 7060 3700 191 1241 2963 1384 9602 9470 5651 8194 8762 6091 910 3621 862 3142 877 5168 9003 3284 2711 1371 7179 5096 3281 8310 5750 3553 4353 5665 5415 5005 6334 7713 9174 4365 3283 7913 9502 9306 8184 740 7345 2166 4480 5473 3499 5065 4431 189 1638 9218 5638 5771 4388 3721 1026 609 8331 6585 2921 9721 859 8741 5256 1542 8260 5668 9823 626 9960 8456 6790 7260 4028 5132 6142 5797 9234 2462 5766 377 4348 1654 6042 5633 1760 5015 4349 6459 7918 3506 8679 7556 5314 36 6991 2386 838 7906 5888 6181 3059 2342 9572 5418 9413 1955 1332 9917 1981 6178 8658 6721 5946 4675 1790 9067 587 2691 5341 9687 7608 4999 7525 6464 1922 2879 8051 2123 8012 4861 4897 7758 5245 8729 7638 9051 3763 2696 9352 9060 6980 9573 216 1282 9835 8251 2451 2946 9762 7731 5601 8112 5025 2364 5205 6662 2647 4068 7199 1126 773 5798 4032 4338 3639 7296 6889 2619 9626 4706 640 7181 4699 7033 4056 9581 8635 6283 2826 3561 2765 659 8413 315 6648 5426 7825 6956 4330 5227 2295 3891 7309 9312 6993 1989 4590 3652 9719 1256 4989 9510 7718 3178 3738 2655 2480 2193 4124 6090 6112 1745 2989 6230 8343 4203 5419 4211 3831 9212 6829 4522 7143 2235 5794 4826 6841 2140 9641 6732 8766 5297 8414 5120 8524 3299 4737 9497 5295 8811 1368 2771 9475 9662 7567 8134 658 3608 8446 8775 8514 5284 5991 746 6154 3415 1725 6959 8738 848 5921 4634 4925 2200 7738 9215 1230 143 762 2978 3410 7721 7586 9366 6281 3223 9816 7019 6835 3331 8392 9487 7280 58 2624 3630 4079 12 1748 7397 1851 1962 4946 3035 7106 4576 6431 3469 1013 8193 3957 4215 3037 6709 8328 2177 7300 6095 116 1118 2361 797 1034 9028 3325 9583 8238 28 8579 7392 7847 2589 5574 8468 4408 9758 8525 8104 6613 7370 2207 1345 2333 6355 8548 8542 9733 8484 1232 9753 4514 8731 7241 2796 9516 6527 4427 983 4141 7719 7983 5614 528 9399 4734 5089 9674 5185 625 5155 6580 8917 341 1487 4167 2558 6724 347 296 5416 9810 8210 5586 6086 6906 4248 1490 8575
3241 9248 2688 3938 5988 9350 2455 5157 9188 4591 1455 3517 4497 100 7299 4295 169 8613 3648 3511 5688 8858 47 2809 4937 2823 2158 9073 2401 5869 7954 9372 8095 6401 2422 6704 7322 4733 3289 9727 2673 1912 7869 1227 8747 7070 4720 866 5353 303 2028 4857 8696 2183 9114 9273 2729 803 2848 2199 5938 9268 8725 1430 3476 7632 3240 4443 812 6065 9076 6809 1490 1573 108 5711 9296 3167 3923 3962 1224 4339 1442 1094 123 7737 7415 1283 7638 2049 5692 8064 7551 4308 2592 2980 6018 3395 8700 1389 6611 765 384 960 6708 6528 2230 4788 7382 2830 5772 2191 7526 4267 5727 6120 3162 9919 4589 1852 9772 8751 6276 2217 2365 3008 460 5888 9186 4988 7710 7771 666 5025 5369 7134 2023 846 9323 2811 4540 6575 7911 2897 7483 7799 5115 7518 5855 726 3122 7852 9605 6876 3201 7181 7704 8962 9424 7780 3883 1895 6240 9363 4878 9531 1551 4475 4467 6055 1054 8063 2746 2432 4719 6068 3477 2430 5116 2316 7731 8606 34 386 563 453 2274 6061 9870 9312 9998 3918 9958 1851 4967 6875 8403 5305 9831 2043 6883 6815 299 2822 7360 7197 4528 8957 5413 8407 4511 7328 3542 4538 6972 4159 7151 3652 2717 3185 350 7709 2966 8797 7152 8457 4593 1058 7269 243 3931 2374 6225 7337 6759 1408 7843 6388 10006 2330 4952 4849 277 7189 6116 3956 2415 3090 4197 9615 4891 1947 5925 6845 4351 9067 3592 4620 702 7886 2856 611 932 2259 4035 1744 1189 6283 5831 5490 8133 8865 3661 5934 55 1221 9938 5821 7475 9387 114 4520 538 412 5409 9201 7014 5829 5887 4381 3112 9837 852 8132 4060 1785 8061 3143 8687 8973 2237 8402 500 7955 4170 9971 4274 9341 9245 8287 8317 2362 8607 4839 2262 8443 7372 4815 7026 3447 8385 8878 6084 301 2425 1105 2943 8359 4032 7343 5568 2657 5088 7874 5238 8120 6442 9294 3564 171 8216 7400 9264 9519 3933 1977 9977 3083 583 6490 9773 3549 8152 90 9284 5549 1425 9472 8259 3868 9876 8121 1240 1163 1437 7090 750 8365 2841 8592 2813 4143 320 3657 6728 2558 9729 2276 5664 3615 5058 3822 9000 1881 9019 3113 4635 2728 6005 972 4326 9026 6727 7760 7853 4403 8752 1074 4093 238
8779 5696 2241 2579 5535 9182 753 7744 6000 1939 2484 9382 1081 2678 894 4773 327 2242 7384 7411 7055 7672 278 6965 5523 1557 8262 3247 3028 1468 911 6402 2198 6111 4923 573 3446 8558 4533 7939 2317 7507 8013 7642 6233 720 9291 4134 2081 4318 5585 9264 4490 1464 1705 8905 699 8456 4766 6720 9124 2259 9013 9282 917 5211 3447 3356 6409 5812 9236 41 8978 1219 5306 9607 1450 4484 2655 456 1653 9220 3217 8983 5230 4679 8979 6024 7182 7480 8369 7025 3620 4040 726 8100 5383 9333 5804 817 5047 5980 5909 4992 1887 2799 1893 1608 3142 8860 4628 4092 411 5582 4856 8869 7845 962 1282 7811 7711 7547 73 2626 1209 7291 854 2706 5343 7266 813 5841 8483 4410 7337 1730 8946 7571 5316 7622 196 3228 1796 5852 1296 5032 3954 7790 6876 8179 4712 7432 7890 7040 5646 2159 8849 1808 3470 3794 9529 6926 8261 8449 1152 3595 3999 3861 1233 2527 5850 1693 1280 8208 3959 1794 6249 7551 9286 123 2708 4946 1011 6566 9672 3558 6340 4498 9883 6706 1896 6016 8770 2479 5371 1708 3306 6327 2075 5509 4336 2012 3004 6232 5922 7415 6261 5169 1777 4620 5680 5417 2584 9546 8555 125 2311 8698 6764 390 4747 5488 3501 2644 7643 1031 2596 7164 1046 4622 5283 9169 8337 3370 3630 2055 9479 6844 4524 4722 5447 6636 5784 4787 7555 8492 7627 4207 2601 1168 419 3994 9857 1860 3155 1276 9002 6462 295 8594 7394 5426 5801 6416 9426 2354 5166 7376 8999 2054 4674 4968 6651 7810 2906 5671 2200 5714 8675 6326 7277 3633 6463 5100 463 5267 2338 8342 7381 3003 1427 4046 9542 9349 2628 812 1036 6607 6537 418 9196 7981 3987 6243 8742 8037 2878 1222 9714 5228 5076 5227 271 3351 2398 6439 9864 5474 6280 6401 7400 4235 7050 3661 905 7593 949 8866 3437 5341 7663 7068 88 4652 9335 5407 4569 793 9811 984 6922 9055 945 9660 5940 3842 1 6911 6235 323 3036 9887 5912 9400 7515 6425 2636 9231 6037 9605 1847 732 6909 6632 6578 7290 6056 830 7470 347 8279 4876 4899 5337 8457 9571 8596 6997 9178 1547 240 4501 4284 2327 5522 6759 6386 5374 6116 8934 9953 2818 3125 7231 2757 223 2872 2413 8465 7983
1146 1387 8587 381 8138 4448 6402 8806 1941 8695 8964 599 4893 3129 3038 6091 5494 8918 9730 8660 901 4988 9289 1132 4166 2337 138 1335 8902 2899 8665 4912 4361 8661 5706 6864 7162 8051 6707 3302 3722 408 7782 5065 9015 5486 499 4729 5662 5591 4674 1569 2481 1575 1290 2824 8542 4310 3774 93 5264 4538 8551 7527 644 964 7493 7393 7229 9762 2308 891 6973 536 2388 5025 6948 495 5523 8165 4092 7019 1412 8628 7253 4998 7304 9885 2910 1478 5534 978 4714 3636 7472 6558 7861 4394 7114 7572 6722 5328 1841 8531 1490 3152 3476 9211 6608 7943 8131 834 3277 3681 3543 915 2209 5532 1375 962 7890 3641 1476 5931 7233 8968 9812 2390 4628 693 6248 9354 3240 6022 4180 9565 6388 1578 5698 8452 2161 5053 1390 2988 6009 1757 5191 4018 1694 2686 5914 5604 7097 5943 4851 1459 4302 5362 5099 2266 9228 8237 9814 1993 8380 6446 72 4429 5170 3183 2326 7325 713 2278 6846 728 4304 4965 8851 8019 3052 3312 1737 9161 6526 4206 4404 5129 6318 5466 4469 7237 8174 7309 3889 2283 850 101 3676 9539 1542 2837 958 8684 6144 9984 8276 7076 5108 5483 6098 9108 2036 4848 7058 8681 1736 4356 4650 6333 7492 2588 5353 1882 5396 8357 6008 6959 3315 6145 4782 145 4949 2020 8024 7063 2685 1109 3728 9224 9031 2310 494 718 6289 6219 100 8878 7663 3669 5925 8424 7719 2560 904 9396 4910 4758 4909 9960 3033 2080 6121 9546 5156 5962 6083 7082 3917 6732 3343 587 7275 631 8548 3119 5023 7345 6750 9777 4334 9017 5089 4251 475 9493 666 6604 8737 627 9342 5622 3524 9690 6593 5917 5 2718 9569 5594 9082 7197 6107 2318 8913 5719 9287 1529 414 6591 6314 6260 6972 5738 512 7152 29 7961 4558 4581 5019 8139 9253 8278 6679 8860 1229 9929 4183 3966 2009 5204 6441 6068 5056 5798 8616 9635 2500 2807 6913 2439 9912 2554 2095 8147 7665 3272 9677 4170 1543 7642 2834 6557 3056 2518 9241 653 4181 4363 8264 9458 2610 986 3126 8637 463 1868 8175 2107 5765 156 7769 2642 4641 3116 615 1717 3124 9034 6718 6122 4344 7032 3835 2995 9623 4882 309 2416 9474 9441 981 9122 9264 1091 7301 5477 7289 7859
4426 6840 7997 3490 2503 3286 2969 848 6576 359 8576 3639 7951 2614 6270 1058 4919 4046 2214 5614 1183 5124 8385 6528 9887 8591 5665 6070 730 9985 9152 9387 7771 8323 8828 3652 367 6988 8640 942 7931 6584 8778 3570 6637 3261 2928 3983 9716 7510 5093 9535 8414 5775 4249 6950 6176 9710 8701 3844 2283 6928 536 8466 5460 1731 6423 5712 1744 8846 79 4114 8730 3091 6652 5287 1047 2099 3424 5597 9561 3253 4516 8989 6718 2193 4779 1815 9763 3184 3202 9636 3376 5118 9576 5279 2635 7105 426 280 9247 5540 5865 6398 5671 4879 1979 7230 631 4619 3554 9813 3266 6939 3356 9088 2077 7791 4353 6320 1140 8656 7773 7926 2573 9405 4198 2063 563 8110 6077 4344 3103 4270 7785 5544 5071 3895 7170 2534 2136 1083 4960 911 9081 8470 4666 9235 7922 3367 1901 2699 4408 406 4250 1748 8052 7583 5613 6385 3248 505 9616 7346 7626 2081 6997 1850 7819 8802 8813 1626 2248 8872 4925 2855 3463 2859 2669 356 4168 8018 4325 1871 8654 8170 4174 6827 5574 9123 133 3402 9964 8317 12 2403 3122 5502 3401 5159 6441 2139 5491 581 4537 9824 6086 7561 9980 5141 7 8399 3749 6130 8834 2461 1616 4233 119 6181 3714 8074 3216 6857 9626 5361 6372 825 6138 7246 7462 4614 9550 433 3894 2365 658 4263 4171 2419 9953 5497 9397 5786 7069 7572 2793 5763 6631 4452 1679 6738 8230 2271 9310 8045 3969 2488 1260 4850 2732 2861 2272 4108 9921 1842 9407 3801 5815 6316 1934 1152 6274 264 2416 5545 9876 5771 5043 9453 4677 2048 8544 9991 7961 629 5016 9809 4060 9442 1857 1426 1920 3931 24 21 5620 9999 6373 5630 8014 5119 4374 7155 508 4017 2967 1245 2824 4613 4745 8564 6021 5453 8124 3298 587 3346 1066 3331 9047 5212 924 1497 2837 7036 9119 927 5905 8465 655 9862 8550 8800 9210 7881 6502 5041 9850 925 6302 4713 4909 6031 3468 6870 2042 9735 8742 709 9150 9784 4019 2570 4997 8577 8444 9827 487 3182 3599 5884 7630 1287 4494 3349 5474 8959 2666 5955 8547 4392 3582 4255 5759 7425 6955 180 9083 8073 8418 4981 1746 8449 3831 9867 2554 8173 8582 2448 9200 9866 7756 6297 702 5536 6659 8901 4172 7224
2500 7891 3523 9969 1327 5567 4515 3190 1017 7060 3361 2098 7632 9903 4421 1835 4799 6858 3430 3412 6985 3238 1496 7045 1335 3979 9516 6188 6334 7374 1074 749 216 943 1735 4635 9391 5983 1995 3060 6808 3348 9682 3258 7533 4537 8830 2261 294 5474 7965 8848 8695 4041 7216 2416 4551 6051 8511 537 2270 3511 2344 8836 1070 1543 2719 9451 4080 4478 5531 1654 5703 7540 8151 1948 7386 8699 3247 4713 3915 2206 6208 2364 4866 8569 9038 1001 229 3366 6109 7005 9275 8995 4533 9624 4764 8802 7819 7808 4988 4366 7749 1689 3759 3151 3755 3945 6258 2446 8603 2289 4743 7967 8451 2440 9794 1040 7498 6481 3212 6657 8304 6602 4211 3492 1112 3213 1455 173 4475 1123 6033 2077 6797 528 9060 6641 1473 6607 8222 2865 484 7787 4153 4998 2381 6495 433 2900 8547 3398 9764 6995 1253 242 5789 476 9375 9159 2000 7071 6181 2720 4249 5956 2351 2443 4195 6668 1117 7224 828 9552 9049 3821 851 9990 2162 4935 9883 8391 4343 7311 8576 2645 4126 5354 1764 3882 3753 4342 2506 6700 4772 7214 2813 799 298 4680 5462 340 6350 4198 1069 6745 843 1571 7168 1937 4566 8077 6630 8660 5985 1598 6812 2554 7179 4757 5188 4694 2683 6590 6593 994 6622 241 984 8607 1495 2240 9466 6106 2597 3647 5369 3790 2001 1869 8057 593 1161 8497 3316 6027 3268 5548 3283 7574 1402 5690 5117 3777 9585 7502 5687 709 8156 5959 6759 8071 7821 7411 8740 112 1573 6771 5689 312 1901 1705 583 3146 9751 4572 6886 7879 5905 7471 6837 2595 4044 1617 8044 8177 6794 6127 3432 3015 730 8991 5327 2120 3265 1140 7662 3948 659 8074 2222 3032 2359 855 9196 9666 6434 7538 8548 8203 1633 4868 8172 2783 6754 4060 8448 8039 4166 7421 6755 8865 317 5912 1078 9962 7720 2442 9397 4792 3244 305 8294 8587 5465 4748 1971 7824 1812 4361 3738 2316 4387 8584 1057 9127 8352 7081 4196 1466 2993 5097 7747 2086 7 7405 9931 8870 4328 5285 450 4529 411 7267 7303 157 7651 1128 37 1450 6169 5102 1751 1459 9386 1972 2622 3688 2234 650 4857 5352 2161 130 8007 511 7431 4770 7611 9068 5053 6474 9605 3532 3179 8204 6438 6744 6045 9702
1837 1410 1110 618 8217 5869 1618 9857 553 6109 4013 9782 430 5507 3426 1214 9995 3181 4815 690 3932 843 8586 7675 3379 5540 1879 3080 9853 1347 8612 2514 2120 273 1647 9104 4922 4468 4524 3415 8401 9373 6564 8762 2760 3324 1447 8776 9988 9574 1690 5572 5534 3070 1831 2601 9868 3373 6731 630 5835 8367 6115 2822 1024 7682 6993 8665 7004 1478 7626 8102 3679 6032 4287 5428 4097 3115 7909 6965 4216 4511 992 4027 7003 6680 5750 222 6767 3491 3322 1844 5024 4235 5743 6615 3642 8373 4924 4071 8276 9168 2225 4448 8494 5923 906 1084 5779 9476 1129 1850 3833 5484 2988 8101 8881 4156 6414 8516 1556 2150 4325 7892 5336 2345 642 3453 858 605 5794 1495 9255 9973 7548 3571 7456 1819 4983 7370 8883 3759 159 4262 5387 7232 6255 5053 3482 105 4974 4153 2006 2888 7937 1407 6709 4997 4591 5126 4002 6962 9815 8890 7373 3284 9387 3785 5005 3003 120 7000 2272 122 6603 6024 5875 427 1099 7805 7595 9252 5565 1920 9952 6713 4203 2088 6625 1657 7119 3668 3212 3665 8811 8044 5185 7301 7569 4406 6824 7187 177 689 9134 8974 706 756 838 4575 8302 4007 966 9188 8262 1940 5982 4205 1691 370 7410 943 8750 5142 826 6957 5804 9517 8001 8717 6689 8967 7099 7638 5720 6177 522 7259 5899 5670 6095 6792 3532 187 8711 7880 7718 9854 6152 481 387 9039 2814 2612 2681 3995 3348 6690 3765 8975 5511 2632 8718 1487 836 4972 4550 8261 7142 4106 6332 4779 7836 6445 7366 9677 6262 8667 6607 5230 3372 1926 8761 7962 1448 3574 1857 7447 8609 8113 6499 6654 904 1481 2027 3723 7305 6775 1903 8323 4842 334 4549 3456 5266 6233 9420 2238 6871 2861 8293 790 4096 8317 6033 9092 7304 1970 27 443 7930 7800 3584 9879 6193 7353 7254 1888 6297 6723 2218 834 5369 798 2508 3311 9031 4402 7618 9690 8685 3034 8977 5114 6384 4464 5318 5918 6902 1711 6407 4902 8438 7032 5927 112 8588 7278 7131 1286 5710 8162 1776 8515 6758 274 6452 973 2795 1380 7065 4380 1978 8446 5444 921 3110 3898 7592 4844 9944 8301 9209 9097 1308 1343 9406 5017 621 2618 1490 5244 593 8176 9004 4758 7001 7077 1998 4476
3526 2842 8525 6237 83 798 3972 4374 4633 8260 3801 3293 4061 1718 1478 9090 9165 9288 9890 470 9038 9480 1799 410 934 6997 9335 5564 8586 9139 4442 1142 5737 9270 3456 6730 7296 5022 6096 3054 6471 3669 9481 6604 2286 8814 3909 1869 6529 2163 8212 3322 3308 6087 9844 9601 2798 7252 3749 3608 6579 2245 1942 7049 9020 3046 8059 8675 6483 1287 1972 1094 5258 9285 5482 4849 5412 8737 4183 7522 189 9778 2688 9073 7536 7417 6021 2931 5869 3082 913 6162 9967 196 3385 5813 4191 5934 5190 2769 8005 9387 5249 6068 8612 3978 3183 5882 5505 5287 8532 9851 3208 5923 2370 2147 1381 3327 7319 5460 9216 4168 5496 2070 1655 8980 979 3068 3692 9919 9724 3400 7839 2310 4050 8905 856 2466 3105 1351 9282 1074 9228 1786 7994 6567 4627 9451 2552 6048 2575 6486 5695 7600 4720 6001 6901 8377 5594 2631 5377 674 8572 1911 8199 899 8941 3717 9960 6589 260 688 5793 8161 8442 7702 4487 7220 94 3618 4594 991 686 6190 4409 2689 3871 9412 5290 2933 5472 6834 6666 9993 5042 2126 546 3959 1951 259 5890 3917 281 1523 5161 3522 3636 1021 4738 2428 641 112 45 8341 2733 5144 1893 1765 7159 7199 9266 4250 9233 5797 7367 5939 9201 2142 7377 3954 7947 886 6518 9350 7590 6705 7255 8157 9236 198 2988 9565 9944 9765 265 4699 5166 7533 3009 393 9312 5126 5466 8025 5417 2741 3556 6894 4763 2469 7513 6979 2901 1817 6844 4681 8739 3786 1267 5942 3602 7770 996 4697 5563 3781 7263 6569 4230 3196 8305 9879 7657 8416 2856 5746 2480 326 7601 9525 7877 4774 5289 8135 3596 8961 9754 7452 4077 8549 1473 5079 9792 9916 5316 7779 4213 1567 6434 6010 111 5247 6465 4860 8232 9359 800 3575 8126 379 2084 8883 5223 1222 9871 9245 3415 9865 429 2166 2613 8950 6934 6830 7460 2489 3543 4471 389 99 7629 3967 363 5260 8888 9234 595 9243 3812 6113 4683 8342 7538 7020 9773 8684 9700 8164 2843 3323 8113 7963 7717 6513 5339 8217 7333 2681 5459 4411 2292 7623 5158 9121 8015 7402 3995 4812 7753 9374 2826 1694 6242 4094 171 3344 8948 7331 3078 1707 8665 8468 2541 3228 1953 9869 9642 9670 4112 6605
1442 8884 2676 4103 6043 1219 8118 4622 8095 4184 4975 3070 5950 4669 3769 2293 5076 8039 5293 9996 2098 8759 2471 9771 1729 6953 710 4081 403 9982 4877 2509 2228 2968 6183 3450 569 7052 6076 9679 9984 4480 6261 7981 6799 1258 5380 7737 5198 3836 4004 677 5628 8544 117 6711 8719 404 4780 6753 382 9147 5509 7148 7034 9649 5932 8242 22 551 618 2329 7937 5526 8777 8905 3511 3471 1404 6420 1437 4873 3303 4731 1469 8528 3293 6716 2723 9784 4152 1320 3080 3965 3415 2513 1434 465 7682 1105 726 905 398 5971 5504 3137 7661 270 1358 5544 5204 2645 5253 7929 7114 3776 5907 8201 3157 3691 7769 8853 3826 5989 1931 6884 9403 4728 7068 2900 9674 5973 5107 6889 3407 4101 6440 7474 2365 791 3013 2254 7814 4924 8190 337 3069 1145 2793 5896 5381 2535 7074 1709 916 3218 6593 2121 9197 5591 878 754 5354 2891 6457 9103 4236 4660 552 5423 4205 5810 2438 1311 9870 7095 2544 284 8586 1787 5447 9448 799 1425 7255 805 234 8504 8057 1720 3736 3840 3210 8181 7127 6199 274 564 3041 6703 300 5410 1782 1436 68 1427 6858 4557 5987 2328 3132 3650 897 1986 970 2506 7827 7347 2557 2707 2953 4157 5331 2453 3337 7989 5211 6259 8378 3047 5512 1549 2655 3268 6675 5858 2917 1296 7844 8976 4428 6576 492 7326 1722 3339 7592 8963 2005 2202 8129 7442 8717 801 1028 1000 6558 4065 3579 9987 8888 1882 1600 7542 8881 8275 8482 2417 476 495 1727 7350 6965 8335 6579 4900 2947 5348 4082 5208 1851 2750 9428 4769 3933 9767 2523 9456 9218 6426 246 6122 548 6217 6708 4311 4783 1154 6010 2766 6252 4764 9929 387 3151 4882 6520 1601 2340 750 6148 5394 4958 1441 4079 800 6230 9131 8685 7153 1038 9022 5304 2809 2720 5376 8531 7701 2337 6349 520 1768 4215 3825 1184 55 9011 2484 2187 6103 9323 594 7093 2941 6539 2833 7963 365 7518 3638 3279 9495 6480 9541 7356 5774 9584 3824 6386 8186 1131 5572 9653 5138 5739 1521 8213 775 6189 2259 1818 4297 7562 4911 5767 5970 699 1261 9788 3358 8824 4579 1620 3572 6373 5763 6764 3202 9769 2126 3201 4964 250 5328 8052 7716 4363 4468 8643 5483
5619 5446 4762 438 8157 2003 2718 5892 6294 6553 173 5721 5213 5981 3638 3398 1003 1078 1201 1803 2390 951 1393 3719 2330 2854 8917 1248 7484 499 1052 6362 3062 7657 1183 5376 8650 9216 6942 8016 4974 8391 5589 1394 8524 4206 727 5829 3789 8449 4083 125 5242 5228 8007 1757 1514 4718 9172 5669 5528 8499 4165 3862 8969 933 4966 9979 588 8403 3207 3892 3014 7178 1198 7402 6769 7332 650 6103 9442 2109 1691 4608 986 9456 9337 7941 4851 7789 5002 2833 8082 1880 2116 5305 7733 6111 7854 7110 4689 9925 1300 7169 7988 525 5898 5103 7802 7425 7207 445 1764 5128 7843 4290 4067 3301 5247 9239 7380 1129 6088 7416 3990 3575 893 2899 4988 5612 1832 1637 5320 9759 4230 5970 818 2776 4386 5025 3271 1195 2994 1141 3706 9914 8487 6547 1364 4472 7968 4495 8406 7615 9520 6640 7921 8821 290 7514 4551 7297 2594 485 3831 112 2819 854 5637 1873 8509 2180 2608 7713 74 355 9622 6407 9140 2014 5538 6514 2911 2606 8110 6329 4609 5791 1325 7210 4853 7392 8754 8586 1906 6962 4046 2466 5879 3871 2179 7810 5837 2201 3443 7081 5442 5556 2941 6658 4348 2561 2032 1965 254 4653 7064 3813 3685 9079 9119 1179 6170 1146 7717 9287 7859 1114 4062 9297 5874 9867 2806 8438 1263 9510 8625 9175 70 1149 2118 4908 1478 1857 1678 2185 6619 7086 9453 4929 2313 1225 7046 7386 9945 7337 4661 5476 8814 6683 4389 9433 8899 4821 3737 8764 6601 652 5706 3187 7862 5522 9690 2916 6617 7483 5701 9183 8489 6150 5116 218 1792 9577 329 4776 7666 4400 2246 9521 1438 9797 6694 7209 48 5516 874 1667 9372 5997 462 3393 6999 1705 1829 7236 9699 6133 3487 8354 7930 2031 7167 8385 6780 145 1272 2720 5495 39 2299 4004 796 7143 3142 1784 1158 5335 1778 2349 4086 4533 863 8854 8750 9380 4409 5463 6391 2309 2019 9549 5887 2283 7180 801 1147 2515 1156 5732 8033 6603 255 9458 8940 1686 597 1613 77 4763 5243 26 9883 9637 8433 7259 130 9253 4601 7379 6331 4212 9543 7078 1034 9935 9322 5915 6732 9673 1287 4746 3614 8162 6014 2091 5264 861 9251 4998 3627 578 381 4461 5148 3873 1782 1555 1583 6032
7883 2205 8504 4024 2681 4081 6377 936 5222 5046 9961 9 4102 7212 304 583 240 3280 260 9317 7759 6805 6041 7590 5327 9221 6801 6835 86 3828 1559 6644 2975 5764 7536 6039 7987 1575 3468 2970 1753 8163 6667 3413 8884 8650 5064 6388 3756 5844 1663 6014 7946 4710 6608 114 8277 4052 7130 6574 6863 4535 6321 2045 236 4074 2763 7818 97 6648 2181 3261 9035 3694 8144 5435 7797 9269 7280 6820 8067 5709 3443 2929 4888 1296 3811 9937 4773 9113 8225 4367 9648 7101 7327 2494 6176 5810 8412 2272 208 9632 270 7332 6505 5549 5182 2979 4970 5033 7538 5642 1732 7328 7299 8052 3683 5324 4813 1173 3209 9350 6212 8671 5899 5756 9124 1038 4989 6265 3154 5257 3102 5572 5620 6099 6084 4058 5939 7823 4108 6021 1553 7835 1726 8519 6050 800 2197 85 9030 9690 8771 6063 3223 6571 2455 8914 2695 1302 2620 1179 2018 592 3457 150 1131 1539 607 5483 8276 9254 5254 8701 9951 1994 5356 8468 1163 5194 597 7468 9530 503 6113 3305 301 6182 4619 9661 9524 1694 4864 6060 8822 943 8836 8171 5079 8414 1875 3960 5378 4101 2407 8435 2710 3328 739 9302 5733 8686 7925 3875 7240 4753 3076 726 6879 1359 6316 8041 863 4702 8196 5120 5279 8742 6816 8861 8212 1944 5274 4731 7443 9489 3638 9253 449 6825 2071 5082 2815 7503 7586 6121 1717 5302 9180 9936 9975 7237 345 7455 7107 6136 3743 3421 7296 3644 8062 1698 4070 3557 314 8605 8993 2024 9408 4706 7402 2617 6778 6397 6973 2714 2534 8243 794 3388 8843 1778 8204 3532 273 1733 2126 9175 5925 595 7865 5778 4757 2282 8230 8378 9021 6473 1894 5192 994 3716 3777 6679 1031 1375 3140 8036 6859 5329 8824 546 2581 3917 8910 3489 3805 1121 3524 1861 6739 9135 3858 5611 2882 9214 3187 3710 4968 5430 3786 9896 7908 2246 5369 884 5537 7564 481 473 2061 7067 4069 8759 8445 725 2074 9490 8443 1122 8329 3737 4612 6047 6399 6576 6466 8287 2067 5876 5318 6004 9931 5964 7864 973 2881 4409 1311 5837 8056 2889 2821 6312 8835 3366 3203 534 4963 1419 4413 517 3334 9555 544 2978 165 3157 9665 8730 9198 6363 3715 8979 4803 3158 4463 599 7071 3275
5919 3443 4586 2858 5628 6168 9055 1381 3606 7255 8436 9172 3174 2944 8571 7392 6259 6002 1978 182 6443 9506 6924 9094 8650 6721 4358 8088 8201 781 2622 2439 3740 670 9645 4350 9676 3200 7790 7312 2125 6027 2019 7054 3303 2355 400 3198 8187 3560 6379 2196 6944 5124 6142 4209 2640 8873 7487 2412 4096 53 7032 7670 1111 7166 1085 2320 2344 7587 2576 1563 7507 8449 1588 7548 5314 8455 397 8797 2559 9941 5636 4580 4049 4379 8923 7569 6149 7823 5765 3991 5885 185 844 5127 543 9837 6266 9616 5103 5307 4841 7279 3672 4161 2161 8888 9513 531 2212 3768 5119 2131 4836 3268 4299 4789 7594 6190 4688 2625 6847 9368 4296 381 1966 2564 3945 5009 3952 8623 7077 3741 5475 1514 2223 6588 5741 8755 889 1198 4907 4185 7404 3877 8500 6475 3154 6914 1072 9904 7977 5217 2692 8558 4969 1885 3632 2094 7177 3905 2942 8968 3640 506 2171 6903 8259 9282 1353 9164 4762 7950 5573 2075 5945 8289 3327 7598 5396 2185 4124 4502 9525 8156 4710 8265 8091 2602 6409 6248 3182 1356 3565 383 1569 6316 9698 8840 9034 546 4238 1887 3235 5846 2923 7736 8024 891 801 8659 9938 1228 8959 423 3636 1300 4674 5404 597 9125 7500 4835 8470 2423 6916 675 3649 3723 9048 7774 481 2130 31 1392 6426 7877 5053 5225 1104 3552 7967 7202 3946 9814 5828 6496 3989 6282 6440 5098 1296 5468 7907 9105 1463 7343 975 4141 6131 1389 2018 2249 1427 4482 3488 657 7222 9983 7306 3316 4778 4774 5568 8071 6572 8917 8760 4900 571 4279 8759 95 8702 6406 1840 7561 7737 2822 2767 8681 5571 2472 2193 2536 9503 2516 3466 5024 5978 6742 5193 7456 3562 5982 5948 2690 8955 1217 6139 9808 7019 5247 6744 4796 1201 9315 9813 1023 4620 6116 9370 3899 4133 7719 6395 9027 6939 1113 6769 4837 8073 6175 2662 4506 8731 5653 6209 5920 8248 6462 731 2540 8709 13 4965 2679 6135 595 9522 3748 9089 4639 7348 4986 3514 5503 5963 4716 7074 9340 9854 7895 1480 8972 2846 8010 3670 4558 8416 3135 5682 5456 282 6607 6973 4371 504 2568 3151 2506 5451 6278 7234 7601 9804 7813 7750 5245 7141 1044 5455 5484 4731 9100 7459 7970 1603 9574
4900 1874 2115 9315 1109 8866 5176 7130 9534 2669 9423 9692 1327 5621 3857 3766 6819 6222 9646 451 9388 1629 5716 10 1860 4894 3065 866 2063 9630 3627 9393 5640 5089 9389 6434 7592 7890 8779 7435 4030 4450 1136 8510 5793 9743 6214 1227 5457 6390 6319 5402 2297 3209 2303 2018 3552 9270 5038 4502 821 5992 5266 9279 8255 1372 1692 8221 8121 7957 483 3036 1619 7701 1264 3116 5753 7676 1223 6251 8893 4820 7747 2140 9356 7981 5726 8032 606 3638 2206 6262 1706 5442 4364 8200 7286 8589 5122 7842 8300 7450 6056 2569 9259 2218 3880 4204 9939 7336 8671 8859 1562 4005 4409 4271 1643 2937 6260 2103 1690 8618 4369 2204 6659 7961 9696 533 3118 5356 1421 6976 75 3968 6750 4908 286 7116 2306 6426 9180 2889 5781 2118 3716 6737 2485 5919 4746 2422 3414 6642 6332 7825 6671 5579 2187 5030 6090 5827 2994 9956 8965 535 2721 9108 7174 800 5157 5898 3911 3054 8053 1441 3006 7574 1456 5032 5693 9579 8747 3780 4040 2465 9889 7254 4934 5132 5857 7046 6194 5197 7965 8902 8037 4617 3011 1578 829 4404 260 2270 3565 1686 9412 6872 705 9004 7804 5836 6211 6826 9836 2764 5576 7786 9409 2464 5084 5378 7061 8220 3316 6081 2610 6124 9085 6736 7687 4043 6873 5510 873 5677 2748 8752 7791 3413 1837 4456 9952 9759 3038 1222 1446 7017 6947 828 9606 8391 4397 6653 9152 8447 3288 1632 117 5638 5486 5637 681 3761 2808 6849 267 5884 6690 6811 7810 4645 7460 4071 1315 8003 1359 9276 3847 5751 8073 7478 498 5062 9745 5817 4979 1203 214 1394 7332 9465 1355 63 6350 4252 411 7321 6645 733 3446 290 6322 9810 7925 6835 3046 9641 6447 8 2257 1142 7319 7042 6988 7700 6466 1240 7880 757 8689 5286 5309 5747 8867 9981 9006 7407 9588 1957 650 4911 4694 2737 5932 7169 6796 5784 6526 9344 356 3228 3535 7641 3167 633 3282 2823 8875 8393 4000 398 4898 2271 8370 3562 7285 3784 3246 9969 1381 4909 5091 8992 179 3338 1714 3854 9365 1191 2596 8903 2835 6493 884 8497 3370 5369 3844 1343 2445 3852 9762 7446 6850 5072 7760 4563 3723 344 5610 1037 3144 195 162 1709 9850 9992 1819 8029 6205 8017
7994 8769 33 2918 5648 4121 2017 9374 5028 7107 9716 7190 8251 2786 1829 6664 2585 6703 9854 9818 6957 9470 5986 7077 5664 945 2012 5363 5655 7735 5142 4492 3426 4880 6464 2257 1762 4953 6984 9114 6603 9690 2344 9510 8053 2061 640 7516 3582 3935 8917 676 370 1069 7419 7826 2089 5089 2 4068 7534 9 7682 652 5134 6080 8432 1882 1147 1943 4049 6302 4393 8067 9289 6890 7759 378 9488 2413 817 7406 5403 7722 2719 118 1056 4996 3452 9726 5205 6997 1530 970 2053 2228 2515 584 8625 8603 2963 1719 8485 6372 505 9296 497 877 5503 7886 186 7572 2473 8921 9889 7874 2568 5074 7983 5949 9418 6301 9595 6191 1409 9978 5218 9420 5904 3340 1937 5240 5053 7148 6581 4050 1100 6269 5940 6201 9431 8724 3962 8561 1293 2983 7756 5977 3860 8794 74 9790 2508 6977 5500 3478 4565 3946 1730 1298 6994 7129 5349 8434 1485 4899 7696 7880 1377 6323 5228 7435 4650 2084 1078 629 4696 2960 7318 2857 2746 9769 1673 7609 132 8284 1239 3695 6522 751 493 1671 8006 6387 2531 7415 8620 4592 3590 2347 3911 3674 5687 1383 5132 6477 4680 6136 7323 6868 2119 9141 6247 300 4957 6190 6611 8102 7345 2501 3363 2375 8360 6167 6173 4982 6231 3476 4962 194 5984 7474 1912 5199 8188 281 3725 567 6996 6732 9101 4180 5316 9981 9626 5041 9530 4083 9560 8135 5798 4367 3221 541 2150 7991 4361 4412 9299 4905 6505 9129 8629 7809 460 3218 6140 6529 4365 3618 6796 6404 4160 9286 2482 2131 6759 8745 4797 7929 6661 8184 1075 6228 9075 9341 6575 5241 9858 9024 4454 962 3641 7234 9524 5274 8311 883 4312 9135 7438 9058 7712 4704 1372 2312 5855 8063 76 9393 6260 2723 9331 8560 6495 1107 9883 9065 1319 7829 6497 710 3628 4811 5150 2904 8427 7878 1774 2571 9482 3604 9575 154 3917 2483 6936 8635 6618 1709 463 7626 1761 148 5108 1234 9691 7149 1379 5926 8980 3181 8481 7166 3008 7797 2842 720 1643 3557 3894 2045 3816 7521 7593 3308 8289 5250 3068 5894 5325 3191 6496 5912 1752 6938 8238 363 7462 4294 2701 3691 7316 3254 9001 4016 7849 2527 8209 1116 3093 5935 2190 51 9352 9395 5863 6475 5077 2384
112 5422 2122 6717 243 4436 7710 8276 6002 7076 4034 7451 4649 454 7584 3266 9794 4889 2849 7509 3143 9192 4302 4288 7067 817 574 3778 8232 4729 4588 7559 3225 2922 8029 10000 4026 9039 9655 7463 2267 2952 2074 6238 258 6462 5829 6392 9717 5163 8502 1169 751 3668 46 8516 8397 7001 3911 6849 4062 1893 7142 940 1176 4365 6793 5171 6914 6170 3749 8985 360 6229 7048 9592 4958 4163 6862 6485 6267 9512 824 4188 6903 3350 3127 2361 4307 8299 6440 189 5148 6476 3050 2635 9960 1959 4048 4672 892 697 4380 8819 3290 5030 9885 1836 3446 4085 2331 255 2054 201 2766 8974 7547 5607 424 3532 7028 3555 7466 6675 8580 5700 6981 7881 9357 6574 3611 6357 1654 9552 2891 9179 1879 9921 4697 933 7569 1240 1668 6773 9141 9422 8682 5467 8200 1074 4598 5574 1971 1666 7170 5389 3669 4851 385 6270 3913 6452 7814 7646 966 6022 3106 1526 4939 2931 1239 6870 4897 1261 2503 6141 4502 4616 2001 5718 3408 1621 1092 1025 9321 3713 6124 2873 2745 8139 8179 239 5230 206 6777 8347 6919 174 3122 8357 4934 8927 1866 7498 323 8570 7685 8235 9137 209 1178 3968 538 917 738 1245 5679 6146 8513 3989 1373 285 6106 6446 9005 6397 3721 4536 7874 5743 3449 8493 7959 3881 2797 7824 5661 9719 4766 2247 6922 4582 8750 1976 5677 6543 4761 8243 7549 5210 4176 9285 852 8637 9396 3836 6726 3460 1306 8581 498 8857 5754 6269 9115 4576 9941 727 8432 5057 9529 2453 6059 765 889 6296 8759 5193 2547 7414 6990 1091 6227 7445 5840 9212 332 1780 4555 9106 1359 3064 9863 6203 2202 844 218 4395 838 1409 3146 3593 9930 7914 7810 8440 3469 4523 5451 1369 1079 8609 4947 1343 6240 9868 207 1575 216 4792 7093 5663 9322 8518 8000 746 9664 673 9144 3823 4303 9093 8943 8697 7493 6319 9197 8313 3661 6439 5391 3272 8603 6138 94 8995 8382 4975 5792 8733 347 3806 2674 7222 5074 1151 4324 9928 8311 4058 2687 9645 9448 3521 4208 2933 842 615 643 5092 7585 8071 1663 2762 9768 43 4108 2769 3375 3168 9233 1167 1148 9923 4300 4685 3315 5071 6750 8703 6302 7568 6442 9799 8900 2222 6881 7717 1883 9127
3166 7247 2732 3333 9122 5807 8376 3783 9860 9419 1891 5156 2505 3361 3564 8300 8862 7382 952 6418 2173 9221 1166 3967 3357 4358 796 7363 9727 795 2558 7851 2922 5646 5310 1957 2062 6237 3077 9903 5887 2503 3758 9819 2547 5031 2300 9029 9257 4027 1454 6841 3267 2209 2075 8660 7451 2266 5771 5515 6296 6376 503 478 437 3572 6712 3856 373 6269 6732 9893 7872 3757 5014 671 7158 5388 6488 8292 443 2381 7961 1101 1859 1501 2515 1376 2310 7044 8003 2771 595 2230 2910 8028 2812 7467 9097 5766 1504 6923 7004 5936 7787 5619 5666 1340 9456 9557 4519 3862 9189 7518 3977 1372 3104 9547 6504 5116 438 8377 8588 1729 7292 8810 7697 3470 6945 2637 7180 1021 7732 1526 2556 8248 9177 9900 1479 6882 132 9076 4931 2136 1555 1803 2610 7536 404 5119 4846 3998 2207 2472 4908 1698 8442 689 3585 9135 8230 2743 6153 9744 2424 4429 1713 461 8815 1701 2843 6317 7211 9878 5846 5638 6898 6963 9071 920 2763 2183 7236 9919 2711 2498 9754 439 3175 457 9609 4204 1344 8662 7054 6018 1517 9346 1371 8306 7671 8631 8204 7904 7412 5004 2656 8412 6644 7347 2896 800 6569 7224 2294 213 8008 6782 9975 1602 7484 719 7637 5373 4462 166 2327 8673 9874 6640 8141 5399 9308 8914 7067 8441 5891 1709 1255 1311 202 5188 6160 3351 5549 9554 111 8241 5563 6775 6361 8484 2359 2321 9864 8625 9395 6655 160 3518 7424 2622 5154 2902 9616 7818 4469 3780 5452 3791 8272 4413 4889 466 2819 1074 2215 884 9909 4696 3752 1003 1298 7786 814 3790 3467 2537 7016 3554 278 109 8638 1811 1022 2530 3402 429 5160 1711 858 5063 5955 9019 1235 5281 2710 7700 7878 2566 6263 7923 8644 620 2271 9782 4888 5668 943 3201 5303 8350 8944 1112 4679 2123 9139 7436 240 7652 7399 2581 8289 6042 6760 4335 358 4243 8613 1770 4157 5670 546 6953 1049 2174 4019 3042 1840 269 6899 1761 940 8800 9682 4724 8201 3496 1784 1378 1913 789 3749 6602 5677 4160 71 6174 572 1792 9797 6914 3787 9066 6916 3390 2811 2662 7221 7893 4592 4382 6039 2352 8714 6739 3500 990 8882 3412 8451 3906 455 10006 452 5598 4831 1972 4088 4356
7023 3277 6340 3758 5928 5484 3555 1192 4922 5035 7622 9463 9280 574 7511 6479 1184 6510 34 4624 4146 8966 2861 8860 3888 137 9196 7241 32 5021 394 3213 9037 3778 1958 2976 1043 9481 5707 4321 9253 930 6894 3866 4504 7952 4000 7926 9161 9185 4421 9417 8404 4341 5283 8429 4382 2148 5289 7238 5631 9400 6775 2470 1414 883 1213 5757 4403 2983 4657 2599 825 2719 7026 7685 1961 7384 6671 3100 6450 1937 2141 1675 4113 506 995 9002 5722 6347 7372 9053 602 1953 8972 1670 102 1133 1623 4428 3024 1522 9466 3681 6202 1130 7222 8807 9405 779 1843 786 5457 3911 575 2309 8355 9064 3422 2575 5589 7730 8039 1741 1019 4238 711 5334 3309 9995 3748 7913 6738 4811 2051 9533 5392 1803 8726 466 8935 4011 739 9783 5802 474 7347 9012 3737 5093 6116 8194 5998 1596 4784 2407 8916 2779 5123 161 4432 2230 9026 958 1336 6359 4990 1544 5099 4925 9443 3243 3082 16 8197 399 7224 8410 3150 6532 5674 5868 7387 1072 8728 69 2680 9764 4570 4858 7732 7642 5493 6772 8069 5793 7264 470 8141 1508 2238 7438 5959 4334 1669 5304 9264 3750 7516 483 557 5882 4608 7322 8971 6872 8233 3260 4711 1887 2059 7945 386 4801 4036 780 6648 2662 3330 823 3116 3274 1932 8137 2302 4741 5939 8304 4177 7816 975 2965 8230 8859 9090 8268 1316 322 7498 4056 6817 4140 150 1612 1608 2402 4905 3406 5751 5594 1734 7412 1113 5593 6936 5536 3240 8681 4395 4571 9663 9608 5515 2405 9313 9034 9377 6337 9357 300 1858 2812 3576 2027 4290 396 2816 2782 9531 5789 8058 2973 6642 3853 2081 3578 1630 8042 6149 6647 7864 1454 2950 6204 733 967 4553 3229 5861 3773 7954 3603 1671 4907 3009 9503 1340 5565 2487 3043 2754 5082 3296 7572 9381 5543 6854 1799 9520 2969 7436 6356 582 5923 1473 4182 1820 348 2337 2797 1550 3908 6174 6688 4729 8321 5806 9687 4844 504 1392 5250 9976 2516 2290 7123 3441 3807 1205 7345 9409 9992 9347 2285 3112 4068 4435 6638 4647 4584 2079 3975 7885 2289 2318 1565 5934 4293 4804 8444 6408 267 3405 946 3718 3861 493 8579 4628 3352 6463 4360 6515 4045 3997 3518 3533 5559 3678 1794
3129 5059 2220 366 8133 2458 3158 4306 6589 8732 8644 6098 1122 8172 9727 6273 1409 6241 7761 6251 5776 4997 4520 4138 9916 3781 5728 4518 4535 6164 8035 1897 9443 2605 9003 9889 4137 5111 1905 7855 7606 1994 5199 4451 2824 556 439 8653 9315 7999 9043 1949 9128 87 8476 9425 6178 5256 8147 9686 9408 4549 3385 4278 2140 6239 8158 2499 23 1166 9445 2208 2748 5635 7968 186 3835 5016 5752 9761 9531 5151 3972 2839 2582 8565 6769 3023 6086 3504 5674 5230 3301 938 4668 4781 7368 9209 9026 320 7257 6225 930 6256 9787 4370 3892 8712 2607 8606 3634 9890 8942 6987 9785 4767 140 2959 8783 3524 1704 2722 789 9227 5453 4067 8999 676 6640 3612 4250 7698 3746 7672 8907 8931 4167 9163 8150 4087 5029 8175 4128 1894 5035 6984 5377 9146 6521 2216 1160 629 959 5503 4149 2729 4403 2345 571 2465 6772 7431 1707 7130 6417 2846 6196 1683 1887 1421 3859 252 741 8748 5468 6093 7118 8799 348 1699 8718 1416 9855 879 1369 4174 2770 1268 9212 3427 5948 876 6968 8553 9151 525 1589 532 5203 3657 321 2055 8101 8810 3168 2321 5335 7476 7785 1487 765 3984 457 5080 3055 9741 3494 7659 6484 4557 1797 9279 5138 1549 8472 212 8681 3757 485 9529 5548 220 7093 8758 3483 4839 5862 7940 5744 1342 4530 2153 8662 2525 4869 9914 4178 1976 8772 704 1082 6105 4736 1290 4845 4671 9189 2989 2828 9769 7943 145 6970 8156 2896 6278 5420 5614 7133 818 8474 9822 2426 9510 4316 4604 7478 7388 5239 6518 7815 5539 7010 216 7887 1254 1984 7184 5705 4080 1415 5050 9010 3496 7262 229 303 5628 4354 7068 8717 6618 7979 3006 4457 1633 1805 7691 132 4547 3782 526 6394 2408 3076 569 2862 3020 1678 7883 2048 4487 5685 8050 3923 7562 721 2711 7976 8605 8836 8014 1062 68 7244 3802 6563 3886 9903 1358 1354 2148 4651 3152 5497 5340 1480 7158 859 5339 6682 5282 2986 8427 4141 4317 9409 9354 5261 2151 9059 8780 9123 6083 9103 46 1604 2558 3322 1773 4036 142 2562 2528 9277 5535 7804 2719 6388 3599 1827 3324 1376 7788 5895 6393 7610 1200 2696 5950 479 713 4299 2975 5607 3519 7700 3349 1417 4653
5623 5953 490 9143 7723 9397 7339 5565 7459 1759 2418 6701 2117 1404 7840 1183 6677 6881 6415 8853 5246 5735 3735 455 1080 2105 3786 5342 6693 3705 6410 4842 5873 6363 9168 7764 6262 4199 8421 935 5870 1955 3540 4138 5519 6583 5526 190 8651 5315 7049 3088 3797 8162 7315 322 2463 2772 6481 5759 8978 5451 67 8049 4728 8488 2646 1471 9551 6791 4266 125 6543 3459 5206 3668 8751 5479 4516 535 5214 2080 3745 8477 9833 849 2927 731 6336 9524 7147 3649 7519 9863 4901 9172 6970 3759 5698 6076 1092 9730 6284 9839 9665 4176 7983 7822 4756 2930 5139 1957 3143 7890 1265 407 601 2120 5812 3461 4809 7420 4497 9310 9598 2465 2375 226 1505 2802 526 1997 5210 2874 6248 6978 2171 692 9074 6409 37 3997 8490 2249 5223 5297 615 9348 2055 3704 1605 2966 8000 9451 6627 6799 2678 5126 9541 8776 5520 1381 7402 8070 5563 7856 8014 6672 2870 7042 9481 672 3037 8917 2549 5715 7705 2963 3592 3823 3001 6056 5062 2231 8796 1550 8880 4890 6352 6348 7142 9645 8146 484 327 6474 2145 5853 326 1669 269 7980 3414 9135 9311 4396 4341 248 7145 4046 3767 4110 1070 4090 5040 6598 7552 8316 6767 9030 5136 7556 7522 4264 522 2791 7713 1375 8593 6821 8318 6370 2775 882 1380 2597 6194 7690 937 5473 5707 9293 7969 594 8513 2687 8343 6411 9647 7749 4236 6080 298 7227 7783 7494 9822 8036 2305 4114 276 1587 6539 4253 7709 2169 1089 5322 656 6213 8922 6560 5088 7077 7537 6290 8648 907 1421 9469 3054 539 4420 9584 5244 6132 9990 4709 7256 7030 1856 8181 8547 5945 2078 4142 4725 4080 7025 7852 8808 9175 1371 9387 9324 6819 8715 2618 7029 7058 6305 667 9033 9544 3177 1141 5007 8145 5686 8458 8601 5233 3312 9368 8092 1196 9100 1248 8785 8737 8258 8273 292 8418 6534 242 8336 2797 6522 2624 5838 8307 3550 2153 4265 5327 4667 5586 8294 1127 7786 1895 5443 1655 3048 1730 3171 2332 3758 893 4200 3219 2811 3743 8874 6081 5103 9103 5656 4406 2356 9001 5889 3187 9163 3753 6889 4827 3847 8244 1045 4049 8175 9738 4696 4833 2656 9493 8297 5535 3407 5521 6186 9278 5943 2475 390 8979 249 1943
3707 3268 5350 2360 5462 142 5427 2086 9816 6482 7819 7610 4065 2254 6489 1426 728 9190 652 4262 8181 5802 2701 2819 9417 624 9820 5688 5316 9109 1720 2411 342 5755 7027 4710 9316 5662 470 361 6987 2643 4325 679 3906 8798 8415 9388 1377 5451 7329 4805 5469 3756 8552 7211 8214 4255 4567 2677 7583 4421 1637 3876 4746 2170 3149 3954 9277 8400 7362 3258 7335 3614 6718 1001 31 2443 3997 5745 9012 5964 565 6521 5081 718 1168 1906 5518 9040 406 3058 7007 8680 1817 8174 2188 9583 7701 1012 2851 3065 614 1798 6942 6572 9968 6331 2768 4530 5018 8220 3064 5816 9929 9069 9660 7427 5366 9191 5457 6138 6054 2714 5242 3784 2994 9704 8700 7854 5666 9683 7865 8486 298 4482 4539 8235 5090 3935 8045 2777 7747 1888 9091 5293 8671 8607 1297 1317 7354 4846 2334 616 1401 687 2318 3792 1406 4698 1691 3164 5980 7396 6516 1070 1345 1796 7339 2820 4215 2500 7693 2600 7857 67 5304 1484 9229 7921 7377 5284 5454 1730 426 9095 4499 6168 99 8959 1474 1207 9175 8633 6143 58 2087 4614 8358 5692 4522 6606 3219 66 499 9615 1349 1002 4836 4319 1870 2657 1546 6929 4149 5594 3961 2884 1518 2480 1656 5108 362 1785 4519 2198 7598 6447 9763 1992 8461 257 7617 7679 5379 1607 9831 8508 5938 5726 7780 341 950 5151 6837 2397 3121 9512 6784 7914 3763 2159 329 3332 2653 2340 9432 2650 7939 3804 9031 7196 6188 6136 6451 8969 9496 9960 7919 7774 1532 9708 7906 5351 7165 7338 8022 2339 4627 774 59 6892 6490 6231 2604 7063 7571 6803 9146 9386 1774 1699 1576 974 387 1826 1384 9065 447 9930 3867 1529 5300 2278 1725 6422 9722 5127 1594 7408 4134 3568 5842 4768 7810 4393 7195 1383 4260 8578 2050 6955 8995 4335 8701 2652 7542 7556 4777 1020 1263 8066 3612 7115 7256 4285 8619 8922 3815 1844 7818 2805 2189 4381 9577 8892 9770 5606 1579 5382 6015 5452 2127 6681 3342 668 1086 8176 1791 3328 3447 4843 7933 4995 7782 9951 4702 897 661 7479 5051 6673 4930 5674 8095 2859 1477 5615 4796 2252 6886 7681 4982 5359 5577 2332 1013 7656 4941 8494 8717 9483 7537 3545 5404 1648 6696 5368 8794 9209
2611 4448 5059 8863 4294 5607 155 1621 823 9121 3116 9279 1774 5477 5946 7916 7144 274 3017 3913 6183 5903 1441 6532 1672 5710 4727 4716 1896 1274 4657 8604 667 59 663 853 3166 9361 5511 9204 1651 4875 5359 9355 6702 7955 4406 3389 120 3565 5212 3510 1119 400 8027 121 8370 7088 1383 8038 2941 8992 3705 7443 5968 3549 8388 3515 5130 9780 7399 4695 1061 1906 9296 3403 7348 9815 5455 306 6672 3903 8168 7157 2697 7391 6283 6067 8915 3979 3089 9635 1157 2864 9266 9358 1103 3576 8032 4132 7743 6460 5957 729 7766 6898 9077 1843 6791 5299 1251 4219 5484 9560 1034 2262 8679 790 661 1250 9421 3608 1680 4122 9728 7714 7213 1588 2370 7255 3258 1106 7984 3653 7758 8486 4076 8852 1474 4985 3538 5568 2893 8513 3720 9469 4087 1665 2096 1602 9598 3498 3501 7909 3530 7156 7899 5515 8410 9155 6374 3014 9512 555 2277 698 8916 8784 4965 7508 8076 5405 224 2935 176 2456 191 4482 8317 2598 2025 685 6493 4410 2595 7624 5064 2867 3667 4979 4729 4319 5648 7027 8488 3679 2597 7227 8816 8620 7498 54 6659 1480 3794 4787 2813 4379 3745 9510 952 8532 4952 5085 3702 3035 340 9930 7645 5899 2235 9035 173 8055 4570 856 7574 4982 9137 9947 9274 7770 6104 6574 3342 4446 5456 5111 8548 1776 5080 9698 3662 968 5356 4947 1074 4329 3663 5773 7232 2820 7993 6870 4628 9357 6305 1700 152 7220 5202 5495 2373 1656 8886 4732 8727 1269 646 9231 1295 5492 7972 6035 5260 3989 1104 8381 9908 2005 4655 9001 6922 4313 6839 5778 1236 2193 7365 1437 7326 4175 4211 7072 4559 8043 6952 8365 3077 2010 8666 8374 6294 8887 9537 596 9149 7565 1765 2260 9076 7045 4915 7426 4339 1678 4519 5976 1961 3382 6513 440 87 5112 3346 3652 2953 6610 6203 1933 8940 4020 9961 6495 4013 6347 3370 8895 7949 5597 2140 2875 2079 9980 7727 9636 5962 4740 7139 6270 3644 4541 1609 3205 6623 8626 6307 1303 3904 2966 9033 570 4303 8824 7032 2492 3052 1969 1794 1507 3438 5404 5426 1059 2303 5544 7657 3517 4733 3525 3145 8526 6143 3836 6457 1549 5108 4140 6155 1454 8955 6046 8080 4611 7728 4434 7838 2613 4051 8811
6037 3389 8653 4477 2832 4137 273 6745 2949 5930 9618 8061 1905 3017 2439 7095 3523 2068 5686 8017 632 529 5964 2869 1796 9643 8102 8777 9884 5295 571 7634 1605 2525 31 4747 9279 300 6389 3566 8543 6298 6619 7946 9722 7431 6876 1963 1511 1170 3813 4545 9348 1614 5742 6908 5618 1501 3155 5067 5801 200 6225 6099 1089 4881 2694 1509 1567 61 8799 5517 6539 3812 9747 7472 3741 8830 4367 4653 7924 4082 6187 3635 9857 5651 9961 5021 4925 3967 3997 8049 4287 519 7949 4123 3052 495 2706 9134 4065 4558 1764 5988 8112 6792 8630 4039 9719 3023 1248 8344 768 3554 918 3800 2122 4974 9251 5858 3896 3080 4944 5199 9620 7664 5657 8770 6270 2170 5453 9236 3832 5777 4964 1229 7112 5152 3939 9555 5556 3801 6927 6850 7124 2770 6437 4045 8528 4272 8500 9830 6007 9344 2408 8245 5409 7963 1344 9302 738 9509 4680 7568 4699 8800 315 8415 1685 6659 6 4706 2407 3440 3533 83 4432 6761 9780 5925 5607 8688 2533 8450 9748 2270 5617 6703 1279 7194 8889 7666 5260 2515 2016 6001 528 1159 993 3923 2724 5561 7812 6300 6222 1691 5468 1255 1951 3893 8679 9323 1573 8877 41 2762 8025 9051 5530 8962 8186 2110 7356 6753 1361 924 2609 3371 2219 730 1090 9686 4570 9389 8486 2602 9764 9101 5612 2692 1906 7822 4315 4968 435 4609 6651 1594 9712 9416 8130 3219 2370 5781 4170 8733 8611 2807 4096 3408 9885 93 2447 5507 8524 5066 996 8331 8352 9187 8555 3916 9117 2436 2687 7902 8449 4943 394 7744 9791 8745 6229 5305 8593 6380 349 1666 5427 4390 5091 1037 5196 5212 2036 2031 8027 8654 9282 4708 2010 7192 9286 3914 9514 8691 6941 4071 3367 3013 3233 9598 2024 4413 5529 4157 6310 4237 437 4212 396 7347 3536 4491 53 380 516 3541 8502 9433 9759 5090 6239 3320 7339 5124 9497 7062 5070 202 5828 9851 6842 8712 7776 3439 8735 8214 6559 9849 7239 4960 2023 9615 3653 6284 9398 1696 9479 628 1323 8467 1370 4141 9486 4242 4448 3585 9775 1914 6234 9316 7966 5752 4923 4364 245 2296 456 5444 6019 6962 4906 2735 8381 8434 2917 2275 9628 6076 651 1761 1580 2484 3166 7887 6423 6824 2278 4029
1792 8215 9142 255 8096 7746 7172 1027 4959 5003 6276 8764 5239 9465 1185 3617 1201 441 1196 6437 1823 7065 7256 4367 2431 6461 7066 2054 6243 304 3373 9607 3019 9827 9384 2253 1766 3369 394 5522 8328 1722 2096 7913 9047 4102 10002 9671 322 9807 3347 4761 4278 5087 9616 6236 6697 248 4482 4621 2047 2629 7186 8255 1202 5246 3072 4310 8742 9606 8221 7951 1504 5341 9232 2404 6817 6449 9448 9563 1746 7339 2902 8034 39 937 2810 6282 7573 6488 6710 2671 8856 6991 1931 5641 9724 4812 9165 693 1209 8860 6197 9435 7140 7379 4969 3018 5022 7508 4380 4854 828 9436 1938 9255 2842 9937 7563 8473 7964 3927 9715 1595 2288 9829 8987 6005 7519 7200 5476 7452 5489 9875 9863 2238 9747 5250 2278 1807 234 7261 8378 1804 5833 1633 4752 1061 8217 8745 4007 3842 1570 2247 2957 2120 3149 4036 3089 5939 606 3468 5760 1113 7902 6227 3480 3378 3611 2392 9199 3951 4951 6591 1275 5766 9929 9151 3472 4966 8617 9401 3882 3637 7238 7940 8691 4719 2608 6351 8887 5841 45 9753 4059 3527 9059 1720 2493 4161 3294 271 4920 7741 3161 1654 5587 429 3578 3939 7333 4093 6785 2794 9458 7578 492 6083 2043 3423 9689 6756 3547 5089 9219 9988 2443 4079 9564 6551 9215 775 4946 2580 1902 6394 5355 6453 8654 7060 3245 4994 3059 1887 4368 7236 8337 4939 8973 8784 1269 6957 8680 1899 1986 9734 2827 7911 9444 350 4249 5840 5247 7877 6186 6615 6518 755 8916 5088 4414 8112 4570 7167 7023 5586 5631 1702 6066 414 1552 5820 9217 378 8698 8333 5733 1469 7285 3614 6800 4820 7577 5694 4207 4170 6511 7148 5791 9970 6016 332 7822 2093 3505 3419 476 9259 2048 7434 9062 6128 8121 7787 4037 7894 7815 8486 380 8301 2078 1479 5300 2360 5544 3961 2966 5337 19 4907 5318 8794 9291 5703 7424 1040 7382 9377 8646 8648 8251 1996 7749 1573 6655 8585 5746 3892 1652 5984 6684 7832 108 2251 2163 9624 4648 1691 3246 9799 4935 9767 1280 9777 9302 8523 8046 7664 3435 7307 9254 8044 8061 9690 1554 5423 2962 6131 2522 3408 7663 8637 5431 1374 1125 5520 8725 7977 6350 4082 3965 2172 2834 1518 2562 5475 2647 3613 1995 2944
471 3392 8983 4943 6323 2582 9656 6447 7989 2112 2881 5343 6979 2457 9451 2108 3675 7846 5480 4802 9294 8255 9353 1547 9960 6145 7894 5959 4787 7268 129 1230 7839 1866 1677 4169 9857 1573 4799 4886 2627 5727 804 2337 3250 7149 8740 8147 770 9086 9515 9418 3655 1809 7988 7314 1005 7470 60 9923 8486 8531 4602 8966 3314 4452 8720 2110 3278 1591 1226 8633 4369 178 6514 9700 7720 470 8594 7107 7070 9411 41 8691 2863 8916 3232 715 4993 6405 6319 3376 2152 4948 327 1955 9028 1014 680 6937 787 708 1379 3280 1194 4978 4379 8200 5260 8444 6861 5866 8237 2919 7807 8218 1687 2184 8603 317 3940 275 2270 1539 1541 1144 4896 642 4473 9555 1478 8646 6792 4552 8884 9584 725 3008 5151 5063 2517 7548 4591 6146 2692 7835 2660 4180 2670 2195 1416 939 557 6335 200 2147 937 954 2583 4454 8323 5862 9031 5422 6308 556 1530 8331 4274 4025 8420 1618 870 9250 6982 6865 5072 5734 4418 5462 8375 5547 6513 4895 5844 2597 1675 4566 6105 5827 968 9811 697 8566 2658 4577 8925 6449 7592 5864 8634 9174 2054 4387 6612 254 1435 2171 6180 5950 1570 391 9265 9008 4984 3188 9449 2505 9930 2093 1649 9727 7364 1087 1200 3787 5628 5445 6746 3676 2644 7356 2675 6206 789 311 5131 9033 5025 53 6309 5361 3406 6204 1186 6566 9385 5202 9950 8130 9148 7215 5646 1872 486 5418 7102 3059 31 669 4117 165 4091 5326 5350 586 5582 4569 506 1448 4594 547 8320 1454 3403 1796 5565 2940 8642 7586 7055 7385 1922 568 9155 822 8771 6997 8891 3191 3850 8133 3549 2836 9272 2615 8109 8313 7847 278 6678 7167 5167 1887 2512 3537 5218 6774 8125 5137 7842 6274 7305 7795 593 9196 7694 5631 9853 2367 7302 3387 4972 5570 6951 8015 6958 1622 76 6747 8481 4520 5229 9594 8747 1754 3895 4204 7913 7191 403 6883 1499 9481 6160 9920 4078 2903 976 8223 5698 1557 7975 4891 6638 5100 176 6911 5948 1967 6646 3512 5177 9909 1258 2281 4359 2163 7768 949 8579 5081 8951 1288 6333 597 8402 5191 7130 7508 2524 1155 7716 1264 1090 5608 9415 9254 6188 4362 6571 3389 4575 9322 2697 1839 2033 3552 7244 4893
8636 5083 4860 4094 6040 25 8173 1922 6881 8209 4783 4368 1686 3692 5781 6405 2625 2430 6113 545 5023 6763 1611 3569 5179 5818 4064 1988 3787 1934 4499 700 9280 7340 2157 5265 8761 5288 9199 8408 306 7433 8714 9614 1083 8307 5344 8090 3387 1278 4624 905 3612 1647 6430 2666 9302 2973 3401 8506 867 1148 408 7200 9933 2807 6331 7307 3704 3399 8903 7122 5402 6584 2118 8003 5646 8185 9547 9379 2699 7755 4839 3259 6672 4664 2972 8603 6630 2994 4236 7874 6235 6349 3734 7451 5141 3354 2825 2758 1047 5446 7857 4606 4478 9872 9912 1972 6963 1939 8510 73 8652 1907 4855 83 6667 653 3599 9231 2056 296 9418 9968 863 1942 2911 5701 2271 2650 2471 2978 7412 7879 239 5722 3106 2018 7839 8179 731 8130 5454 6269 9607 7476 5182 219 9692 5614 4530 9557 7394 1445 6499 3980 8655 6315 476 3709 7410 8276 6494 9976 9282 6943 5909 1011 2585 363 1122 5569 8459 5193 3039 307 2231 583 7487 8002 841 6309 1667 2460 158 6790 1255 4186 7792 2498 2622 8029 485 6926 4280 9147 8723 2824 7960 9178 7573 938 2065 3513 6288 832 3092 4797 1589 7936 3935 2577 1951 6128 2571 3142 4879 5326 1656 9647 9543 166 5202 6256 7184 3102 2812 335 6680 3076 7973 1594 1940 3308 1949 6525 8826 7396 1048 244 9733 2479 1390 2406 870 5556 6036 819 669 423 9226 8052 923 39 5394 8172 7124 5005 329 7871 1827 721 108 6708 7525 459 2080 5539 4407 8955 6807 2884 6057 1654 37 5791 4420 1371 1174 5254 5941 4666 2575 2348 2376 6825 9318 9804 3396 4495 1494 1776 5841 4502 5108 4901 959 2900 2881 1649 6033 6418 5048 6804 8483 429 8035 9301 8175 1525 626 3955 8614 9450 3616 853 3927 4165 6957 3130 7261 2828 7166 6675 9072 8600 2222 7373 610 7131 8619 3454 2989 225 8501 6863 1775 1036 2626 7235 7989 8425 1935 9304 2576 7153 4252 4698 6230 2338 4361 8079 567 656 8007 4852 5682 1039 7034 2856 1608 9168 9558 2192 3321 4372 892 1189 7280 4060 2782 6290 435 6844 543 5420 3011 5865 9745 97 3888 6903 3842 6027 7609 3799 9559 6997 5197 2245 7811 3730 8245 7644 1855 5170 2601 7194 1117 1558
333 911 6262 9834 1282 7671 5340 2718 2821 7393 481 1554 3714 5255 4580 3473 8062 2779 5723 1745 825 3319 8610 4078 3050 6968 9791 4814 7059 6738 5411 3635 5926 6481 1387 1839 2180 9544 8812 4009 1736 7615 6449 7739 1849 195 8290 7556 3150 7132 7258 2261 8476 656 1841 1783 3289 4558 7840 6818 9545 3610 5885 9616 4527 8990 8704 5433 9275 7170 9722 3500 7706 3396 8336 8432 9390 9360 5308 9070 2831 5408 9234 298 2855 644 4223 9292 8799 1586 7369 5245 6565 4727 9318 3638 327 2102 5013 2582 9803 2432 9557 1228 8383 4106 7499 9461 270 8413 8158 3737 5693 7700 4587 7087 1180 7904 4121 9525 7580 8393 2121 6245 8205 9418 3802 7801 9556 6430 6507 6233 580 6920 9312 4829 9085 4857 3527 7350 4013 942 5112 7948 5394 2006 4055 2612 3848 8677 5789 8658 4557 3035 4942 1665 6698 3344 8651 943 9917 9824 3267 8925 6596 3577 7432 7750 4669 817 4907 3609 1080 7740 6654 2071 6163 4468 5691 8097 835 1334 7356 2822 2191 2357 9434 626 7796 5545 7057 7135 1659 7889 2095 1399 9464 4678 4034 1777 4480 3309 588 5332 4306 7827 4395 5171 1240 6001 6604 1989 2426 741 9986 1131 2620 2260 3671 8787 3968 4871 748 3593 4256 7745 658 1444 5535 9042 8389 2915 8748 6706 1756 3645 3941 5227 131 980 7576 9187 4624 4746 543 9261 9949 3472 3257 903 7850 4833 8291 2354 5026 5005 4170 4802 9441 4240 914 663 5455 4908 8414 2956 5613 3566 4612 7128 8052 4764 6977 3001 1684 7930 8967 8266 2313 8161 8145 1314 1319 5330 4703 4075 8649 1340 6165 4071 9443 3843 4666 6416 9286 9990 337 117 3759 1326 8944 7828 9200 7047 9120 2913 9145 2954 6010 9821 8866 3297 2970 2834 9816 4855 3924 3598 8267 7118 30 6018 8233 3860 6295 8287 3148 7529 3506 6515 4645 5581 9918 4622 5143 6798 3508 6118 8397 1327 3742 9704 7073 3959 1654 3878 2722 2027 4890 1980 9216 3871 9115 8909 9772 3582 1436 7123 4041 5391 7605 8434 8993 3105 1054 2894 7913 7338 6395 8451 615 4976 4923 433 1075 3729 7281 2699 1589 1770 866 184 5470 6934 6533 1072 9328 1653 9080 846 4154 7978 9446 8251 287 35 22 7606 3232 862
2603 3434 3596 1460 5162 826 920 2275 8500 8702 8633 7319 7966 4624 7549 2339 5803 8682 2596 9827 471 6342 6764 3053 4172 7208 4982 6535 3478 4869 3948 1637 5052 2647 4707 6084 7942 9388 2553 3352 9866 7740 9457 3867 2705 3201 4815 4660 403 9833 9287 7591 4009 4539 9411 2991 6472 973 6765 7858 6048 5081 1894 9076 4443 8453 3021 517 7218 2997 5281 2222 4010 9344 1280 864 3384 3514 7730 1435 5121 3961 4060 9426 5017 4591 9096 473 5945 509 8806 8003 2283 6912 3696 1624 2629 8280 2337 6200 4930 6850 5996 5396 4412 9603 4907 6412 2876 4282 5387 1195 2726 4036 4183 21 5604 3152 9538 2799 4556 1033 4862 334 8519 9934 4249 6934 9336 2868 5870 386 8204 7416 3722 6470 1370 3013 2105 2217 10006 9971 1908 6297 686 8696 9824 6070 714 3138 2310 6556 4313 4237 9316 6838 8378 2898 9922 6631 4436 4839 9903 5399 8820 5224 8533 7155 492 7177 6132 8421 9373 527 5233 1743 4025 1363 9406 8987 7099 1601 2191 5160 1223 7175 6529 4669 3620 6703 151 9820 6864 3217 1639 4655 6399 453 9915 3017 1311 9721 1498 7626 2065 150 5015 4988 5344 4727 2114 5434 6876 835 4137 9152 9371 924 1481 5997 194 6288 7476 1819 8953 3841 7866 4460 75 4892 4386 4757 6166 1672 3108 8265 311 8081 6814 3135 7909 928 687 3494 1693 3943 7633 5679 3275 133 3386 3117 1475 7188 8952 9043 5990 6587 3163 2351 3421 1173 7093 2792 942 7915 9744 1936 739 3179 9182 3416 7169 7720 3420 6375 5217 4919 4030 5374 8779 8359 1666 4299 7016 3066 6595 1575 7352 6419 6490 7407 505 9600 499 784 9257 3539 7771 8307 1981 6817 7543 3530 4554 1430 1110 4588 4688 4852 2319 9773 1183 5108 1538 9693 7056 5133 1579 6558 3916 7989 5062 662 3453 4828 7083 4777 2196 9171 596 6547 1096 7367 8445 4609 5523 4220 7687 4967 4509 5359 6753 233 3550 584 8929 8605 2870 5473 4138 3950 1240 8804 8400 8538 1159 9872 6549 699 1112 4191 8440 598 6150 4848 3113 2269 9691 7453 1381 5833 2727 8841 6059 7901 2516 5693 496 6383 3629 9920 7028 684 9093 6072 317 6890 8063 380 9395 6167 6477 4984 6138 7230 615 7779 6719 6982
4382 1263 4954 7805 7277 2008 2173 4445 3768 3058 3895 2866 1979 2926 76 5409 2547 255 4902 8120 9795 2535 2637 2404 3623 6823 2064 1064 9431 4740 249 6093 6871 2543 1049 7405 6621 2133 2378 8784 8082 7331 1296 3407 9671 7135 174 5970 6269 1956 2488 6963 4295 3522 1854 2721 5744 1095 8281 2854 4361 428 5586 2437 2076 8689 1922 9237 3221 6564 8444 5523 9939 3972 2592 6333 9266 2468 926 6803 6034 3572 1936 6458 9471 6807 5240 1069 3435 4113 9628 660 9569 7368 8962 2770 1021 2956 4128 1647 8786 7685 1076 7049 7238 4746 9065 7342 4116 4029 6288 3188 8111 6578 5665 1766 175 768 8145 9836 9407 9504 5260 7106 927 1601 7910 1445 8855 8999 429 384 4313 9956 5601 4463 195 6805 5637 7324 7689 282 4546 8737 2401 9222 1195 8445 321 1808 1845 9511 8874 224 6052 10006 5683 8200 3922 2510 2596 5539 6763 3967 8588 6960 9894 7901 8235 1978 8128 8207 7536 5635 7721 3937 4536 715 3655 471 2054 3049 678 5996 1108 697 7228 6731 312 8598 4975 8640 6645 7376 7374 7771 4019 8273 4442 9367 7437 269 2123 4363 31 9338 8190 5907 3764 3852 6398 1367 4324 2769 6223 1080 6255 4735 6245 6720 7499 7976 8358 2580 8715 6768 7978 7961 6332 4461 592 3053 9891 3493 2607 8359 7385 584 4641 4890 495 7297 8045 9672 1933 2050 3843 3181 4497 3453 540 3368 2402 4020 3071 6318 7240 4349 2810 3088 7947 9111 8218 349 6257 4338 9997 2466 1323 3051 281 9748 6861 4528 2303 8661 7480 6744 2735 2965 7345 8524 9657 9914 3931 5727 9473 6410 8992 6822 7266 9195 1551 7828 7715 5128 3287 3470 2169 5239 6271 1559 6240 2709 8126 8604 3784 9889 3890 8862 2606 3554 5509 2711 7729 2349 9537 3713 8972 785 9774 1700 3269 7043 8429 3497 1813 5856 8884 8246 4798 8750 4824 3589 3565 8329 3333 4346 8409 7467 4321 8368 595 7461 5512 7119 3350 5975 273 1329 1860 1530 6993 8347 9767 8093 144 1918 24 5724 5065 782 5366 6079 9650 6300 806 602 1068 8637 2237 1748 3748 7028 6403 5378 3697 2141 790 3778 1073 2641 1610 1120 8322 9726 1221 3284 9069 6548 1613 5528 3943 3345 1964 900 1957 7293 8839 2168
8408 6205 8196 8259 757 8868 4958 547 518 1271 6909 8550 8039 4399 6435 2569 9438 1890 9125 8982 2343 4264 8215 9491 6380 8483 6328 8798 8846 9325 9310 7284 9165 1042 7334 9247 4779 1054 4952 1738 9276 4026 5423 3311 2249 2909 1990 9289 6449 9797 5681 2133 5921 4528 5846 4405 5244 3818 6683 3376 4357 4765 3833 8709 1495 2473 8480 1920 3170 5220 8582 1687 4389 8420 3823 687 2749 3729 9339 6531 3527 9408 7845 2880 2743 4920 8090 9286 2041 4169 2055 1390 8305 1633 5101 7186 8604 7327 5633 1654 5936 6554 3965 2521 8959 1905 1144 7101 459 7979 6302 3952 98 4585 9542 1260 4089 7928 1415 8346 8505 1961 35 2080 1431 5170 8500 7957 662 2708 6864 2472 3675 44 5297 8308 6041 722 805 9347 4943 8528 2399 3155 3194 456 3571 674 326 9362 6969 6647 515 6870 1281 4924 7296 6783 3540 1824 2212 5250 2627 7932 621 5843 10004 9623 192 5940 5760 1462 4020 6614 2062 5004 1423 6758 3499 4959 5352 2394 9151 3821 1084 9004 7983 5508 1449 1597 2240 9699 5120 8418 4220 6942 7003 9905 4257 4601 6366 1255 78 8555 2043 3772 5807 7143 2129 6715 7031 4347 6750 5087 9965 2354 7084 8837 6108 2433 6413 6936 8194 8656 7012 3115 1127 5472 8595 4110 8763 783 3707 3699 5287 286 7295 1978 1664 3951 5300 2709 1662 4348 1548 6963 7838 9273 9625 9802 9692 1506 5293 9102 8544 9230 3150 9190 1083 4199 6107 7635 4537 9063 1275 6115 6047 9538 2054 6592 6429 3760 8189 4645 7639 3743 6560 2774 3770 6204 3391 6383 2884 1949 2417 9589 6941 2198 8029 6384 7689 3825 290 6501 9482 3163 1606 5457 6569 5991 640 7075 5620 9238 1562 4184 4081 9516 6421 5348 3188 1647 2322 3429 8847 4123 1179 5157 6077 3583 8299 2824 3852 9941 7118 2088 9850 164 1491 3267 976 421 5515 5063 4722 7365 8097 2893 5166 9294 453 9170 5053 6707 8619 9353 3752 9777 9651 4641 8433 6246 5061 5119 3613 2344 9069 84 7364 3292 1017 7293 2375 7919 8205 1469 7634 9739 7187 3402 9203 3506 8573 8477 7519 7549 1594 7839 4071 1494 7675 6604 4047 6258 2679 7617 8110 5316 9540 1657 337 2175 7591 3264 6575 4800 1889 4320 7106 4470
8204 362 5914 4612 2877 2033 9455 7217 1145 5597 2491 8605 5823 7665 2280 5457 260 6147 3393 9684 6792 448 8857 5836 81 6654 7827 144 9159 5931 6241 4748 5902 6994 379 7543 6483 6746 9579 2617 3608 2031 9852 3465 5399 1766 7416 6675 8662 9519 4520 1125 9567 4999 1110 7541 6880 2994 3826 8793 8533 101 2684 5319 7639 7441 6716 5527 6379 7376 4608 3671 4536 7956 9562 988 1737 8169 2306 296 9008 880 3161 5701 1861 3569 4769 6737 6362 5747 2737 9809 6997 4787 3164 102 7489 7195 5512 4353 9257 6492 9963 6449 3488 5837 4886 8530 5700 7063 1693 6896 9825 3821 4782 9160 729 8117 2621 2814 9535 1344 1120 5556 5626 1738 2967 4182 8176 5920 3421 4126 9285 934 2449 6935 7087 6936 1885 8812 9765 5724 2299 6689 5883 5762 4763 7928 5113 8502 1251 4570 1207 3297 8726 6822 4500 5095 2068 7511 2828 6756 7594 1363 2352 1172 5241 3108 1211 2503 6223 8321 2155 5252 5928 1833 9127 2276 6251 2763 4648 5738 9527 2932 6126 2558 309 1424 5254 5531 5585 4873 6107 1326 4693 1809 3884 7287 7264 6826 3706 2592 3567 5166 2985 609 1916 7662 7879 9836 6641 5404 5777 6789 6047 3229 2210 9345 9038 4932 9406 1933 9291 9750 3698 4180 8573 2168 7675 295 4203 9011 5288 8789 9327 2604 1185 7664 7482 3581 2387 9235 852 8719 3208 1375 9977 3670 9738 6080 1682 4076 9203 7204 8729 1223 121 8721 2811 5127 5723 7501 4813 8010 8850 2222 6963 1529 9429 2371 2404 857 2723 2581 747 4544 6368 4556 3986 7054 8483 19 8954 1592 1927 475 8501 6453 2694 3334 6385 6185 5857 916 6022 3188 5345 2478 6182 1449 5295 2396 2445 7729 9590 5437 4230 8655 5905 1395 6007 1162 7226 4362 2467 3362 827 8678 6343 4515 7121 187 5627 6543 4843 2055 5088 8461 4386 7710 8358 9821 4615 7285 7661 3074 7960 8768 8492 3236 5824 2463 4156 3330 7179 8688 4358 3261 5865 9335 1016 6186 655 2792 3895 100 7886 3443 9766 522 4175 4562 2795 8303 5728 1505 4186 7382 3417 4920 1781 9442 4794 6778 3227 2607 5593 3285 1101 4324 3 2123 1597 5938 9855 7873 1020 5392 8159 4291 1550 257 1739 7772 6058 6049 2832 5962 5091 2862
1026 6191 6656 9420 1144 2782 7870 8609 7019 2410 1656 1220 7710 341 7069 2492 5393 4947 3415 7307 5284 1566 9078 8989 1638 4793 3963 8606 2611 6789 8037 477 87 7453 6324 5273 8753 8456 2365 5585 6863 3355 9210 2801 9102 4225 6634 3780 9907 9548 5757 2742 5803 3618 2036 5846 86 2648 4448 7400 1834 5915 1400 2001 7790 4475 7044 2451 8528 8087 559 3824 1173 2029 2232 6968 7530 6050 9627 5086 841 7889 9841 2635 2025 3026 9471 6031 8395 9470 1226 6519 1590 4314 3978 625 730 4905 1745 8571 4555 1171 2426 8487 1215 3699 968 7697 7925 2695 122 5509 1935 877 743 7328 6119 934 4439 4183 4964 5044 9178 9153 9112 2240 5380 2524 9048 4937 5400 8561 6540 2425 3682 9346 5826 4056 5156 6960 9118 1049 6629 9776 527 169 1183 44 978 5712 6671 1439 9270 898 1578 6696 1480 6135 7765 4434 172 5591 5672 4604 6455 4287 4334 8 8124 8225 3187 2530 7857 6186 2645 40 1772 8215 5172 3784 9113 7045 7256 397 5960 7478 6365 2138 5613 1305 5848 9696 6400 194 1224 6916 7845 8568 147 5550 8807 7744 3599 804 223 471 1278 6204 9079 3787 3514 2666 875 1140 3576 366 7110 9364 2253 7803 6898 1411 4821 8412 1092 3097 381 9136 7483 369 1511 4985 5879 8546 4514 4306 5566 5631 7739 9595 1431 851 5904 8587 1379 1166 8422 9114 1843 9132 8277 2872 12 7330 5722 4686 185 8014 39 6974 6339 7299 6872 6572 6080 3672 1324 7080 5312 6015 1564 9475 5237 5892 962 8888 6676 5450 8643 270 6152 9394 6305 4041 3130 8841 995 7341 8542 5308 6809 4067 7976 7582 5735 7109 4559 377 9930 9986 8877 3856 4828 2019 4217 8222 8786 6909 4231 5443 5029 7152 1027 989 8532 7293 8063 5323 8835 2186 6092 1290 3822 1570 8284 6486 3137 2448 4120 2459 6940 3081 3557 9141 1487 9749 883 9559 8577 3364 2420 9678 9973 6454 9489 2458 2135 1205 5684 2222 8953 8784 7306 479 9697 1198 2070 9104 3828 379 9533 3731 4623 7687 9910 3949 1378 6368 6546 1234 4931 6591 7312 9295 939 8450 3556 4336 9618 1869 3971 7018 7612 9787 3347 791 7807 6104 8915 6320 6067 1249 6957 4710 5428 3003 9033 2911 7281 438
9622 4971 2547 3375 9136 1372 1448 6376 8854 7314 2787 5770 9061 1249 846 5789 286 6872 461 7159 8537 5193 8515 9560 7271 6319 5158 452 3942 1660 4322 6286 6705 8593 4084 3494 525 4462 8517 9163 1016 2065 8989 5534 5872 8828 2468 4046 1030 9293 5232 5777 2668 4374 5971 4187 8066 3620 5535 670 697 341 958 3571 251 8816 4850 1548 6540 6321 4761 4204 9695 5491 9404 8216 3866 6739 1844 7826 1225 5610 793 1299 928 9526 4013 2577 7427 5374 7611 8878 2550 7783 4757 4998 2191 3992 1742 8059 6 2410 5552 2299 2568 4210 8504 6740 6649 9702 9105 2522 3334 2264 4512 8599 2893 4743 7777 5948 3749 4946 2506 6510 2269 8523 7972 2265 9317 468 766 1655 311 6913 7333 4019 1386 8676 2619 9097 4110 8340 9273 9202 8285 5180 6092 5186 4901 6435 2146 7921 7385 3704 8875 8149 2155 1131 4255 4575 1097 997 833 3366 5919 4502 577 4147 5999 8636 552 4106 9134 1769 7703 623 5023 2232 857 8609 908 3489 6521 5089 9145 4589 8325 7247 1076 162 1465 8005 718 1176 326 8939 5452 2135 5101 6763 7087 2815 212 1547 1735 4445 6888 7292 7154 4526 5820 9143 4986 4573 1494 7252 5087 9542 837 2572 3416 6001 8239 4304 9859 2958 6851 9633 7791 3169 9999 5189 9309 2056 5772 8664 5001 6599 9620 5368 8802 7629 5305 6297 9525 9215 701 9554 8462 5070 7913 8973 8710 5877 2832 1841 3418 5604 1984 50 3683 8040 8781 6794 5937 929 4324 5889 450 4339 7915 8576 2455 1623 6663 6923 5348 2765 130 7817 8015 8740 9929 9077 8080 841 1778 913 7500 5894 4461 3712 7287 3143 5153 6448 4569 2288 9755 3588 1880 680 8719 9094 9709 2712 5647 8459 662 2285 5347 7967 8261 9944 1096 6199 8964 5493 9007 1961 9619 563 6926 9756 8393 3756 8560 5631 1628 667 6296 4720 7339 2828 2635 5921 4105 4329 9900 9830 3711 2482 1267 7280 9536 2028 1323 6171 4515 3000 8521 8369 8520 3564 6644 5691 9732 3150 8767 9573 9694 686 7528 336 6954 4198 879 4242 2152 6730 8634 949 354 3381 7945 2621 8700 7862 4086 3097 4277 208 2341 4238 2946 9233 7135 3294 197 9528 3616 6329 3173 9205 2686 801 9718 5929 2517 9330
1670 7762 9347 9945 1319 2383 1326 5997 4451 1115 2849 8895 9604 3962 3115 6129 8270 8579 2281 1559 4778 1251 5874 3849 528 4288 8453 7278 5351 2591 66 5932 2343 9266 1006 9475 4551 1279 316 6342 1014 7887 9552 4277 5633 6656 8734 6538 2136 5324 2947 9456 3319 5663 701 4972 2770 9566 1498 1876 6899 5530 2084 5639 5465 9983 3783 3622 556 8737 939 7764 8950 3690 7072 6214 6408 7927 1612 9268 609 3220 297 5110 5398 8272 8182 6033 7312 8609 6333 7804 1010 8681 2048 2778 7978 6499 4874 2209 5844 9804 4290 8056 1023 1097 6422 5148 7862 9511 7412 8773 3800 5251 2427 2599 8485 926 5341 4576 1320 7188 3202 3870 1363 3656 3814 2472 8677 2842 5281 6479 8844 4717 8356 1515 3505 8770 9399 9630 8808 1856 862 8038 4596 7357 4680 690 2152 2148 2942 5445 3946 6291 6134 2274 7952 1653 6133 7476 6076 3780 9221 4935 5111 196 141 6055 2945 9853 9574 9917 6877 9897 840 2398 3352 4116 2567 4830 936 3356 3322 64 6329 8598 3513 7182 4393 2621 4118 2170 8582 6689 7187 8404 1994 3490 6744 1273 1507 5093 3769 6401 4313 8494 4143 2211 5447 3549 36 1880 6105 3027 3583 3294 5622 3836 8112 9921 6083 7394 2339 53 3509 7976 6896 1122 6463 2013 4722 2360 888 2877 3337 2090 4448 6714 7228 5269 8861 6346 220 5384 1044 1932 5790 509 3056 2830 7663 3981 4347 1745 7885 9949 525 9887 2825 3652 4608 4975 7178 5187 5124 2619 4515 8425 2829 2858 2105 6474 4833 5344 8984 6948 807 3945 1486 4258 4401 1033 9119 5168 3892 7003 4900 7055 4585 4537 4058 4073 6099 4218 2334 6049 4136 8604 2322 8431 1638 4107 9357 7960 65 1127 467 1386 4094 6934 3586 7702 1243 7462 8855 7537 8978 8139 9565 6700 0 9026 8618 9550 4674 1881 903 4903 1456 206 8163 4801 1689 8994 4963 9560 2689 627 9654 4044 6852 9856 3975 5538 496 633 8463 5293 4097 1335 9214 1321 1986 5078 1743 8282 6197 4779 6056 7750 1722 7447 6829 9418 855 4424 1471 2232 6282 2917 5404 7081 9431 3278 8798 3841 2116 9294 5455 1961 5037 4878 1415 3341 1296 1945 8213 4883 5426 2714 668 6519 904 9708 3332 8086 5075 7342 2654 2571
7755 5995 5110 5660 6562 7641 8610 1393 7970 8349 8170 8677 3104 3571 5938 1414 8805 7717 3531 3871 6430 3822 1146 1961 5299 3168 874 5918 5384 1306 222 5249 3086 7144 2191 9679 4347 2007 6175 9408 3102 3968 2186 5668 4974 2635 1601 6710 8284 6062 6821 1261 4151 885 8738 6006 7930 6282 3179 3694 6540 2001 7366 8159 5857 2482 6954 9885 3484 8197 8321 3721 6184 2618 9979 4839 4415 8523 3652 4870 3265 6637 7764 9212 1980 6531 8791 489 7288 3628 9634 8276 7650 1820 8270 8841 571 1018 7355 5339 5235 5865 894 1948 2876 8801 8511 6034 2372 8775 3665 7293 7639 9007 7648 2217 4518 3088 6747 5943 5425 8178 7089 8105 6569 1248 1728 6518 6368 6122 4918 3744 6622 5738 1086 3864 2816 697 6028 3563 7526 6420 5807 2400 3217 6158 7779 1231 99 4647 2499 8583 1749 7353 5736 1483 112 7070 6873 946 1633 358 8274 8047 8075 2517 5010 5496 9095 187 7193 7475 1533 194 800 593 6658 8599 8580 7348 1725 2110 740 2496 4175 6128 3727 4993 3867 7224 6325 9654 4306 5142 9315 6552 9626 9864 2649 8829 2953 8527 2858 2367 4764 4292 7921 3065 6309 2823 4311 9153 8688 5924 4193 2555 7474 6735 8325 2927 3681 4117 7634 4996 8275 2845 9951 390 1922 8037 53 3771 6266 6355 3699 544 1374 6738 2726 8555 7307 4860 5250 7891 9020 64 6591 6888 2972 9759 8481 1982 6134 2536 6242 1112 8710 1557 5437 5796 9587 2595 9541 1719 3301 9498 5251 2689 889 7944 3503 9429 3937 3336 7554 862 8300 2886 6816 7257 4778 1513 4164 3308 3105 8376 7814 9294 5717 251 4496 7455 5503 2702 3312 2311 5873 9313 6949 5874 4111 8825 3747 1023 1359 4712 4607 432 3592 6773 782 4166 2911 6857 4122 1638 4369 7647 7419 2642 5215 9835 3402 4460 4594 8016 9225 4403 898 1154 373 293 6166 6191 6232 3097 9964 2813 6296 400 9944 6783 8804 2912 1655 5998 9518 1281 181 8384 6226 4288 8715 5568 4810 5168 4154 5293 4359 9632 8673 3898 6074 4439 3759 8648 3857 9209 7579 903 5165 9753 9672 733 8889 1050 1003 5329 7220 7119 2150 2807 7487 9158 2692 5297 3565 7129 165 1553 6231 8299 8088 4940 9384 7866 8979 3199 9731 4032
9460 9455 5444 6071 6699 2125 9434 4609 6703 1331 6931 6108 4358 1488 784 430 650 7015 9448 1830 2946 1574 3727 1654 7861 1629 7820 4764 953 1908 7477 7804 7940 958 5919 6850 7176 2507 3656 737 4756 2541 6914 4479 2487 7626 3245 7268 4259 6129 5193 856 6152 5631 3976 7266 4656 2377 9447 7032 1070 3701 6815 9120 6896 8052 8747 5884 8794 1558 6903 1659 1865 1002 7192 9338 3651 6733 5383 3169 2340 1781 7669 9720 7880 2861 3436 4379 2323 152 5798 5851 334 9699 7045 3493 8075 9185 9004 9908 583 5304 3840 4241 9702 1446 9121 1694 9928 6620 2796 1328 2523 480 732 745 3168 7542 9912 9796 2801 5339 1896 9859 5306 3443 7993 5448 5277 4196 3624 7089 4766 556 5660 3223 1628 3015 2888 3080 4996 4936 6839 4356 1885 7039 4684 6826 1933 7518 4669 4800 3814 9402 954 6713 9353 5677 4852 3499 6884 427 6249 1387 5822 1087 5330 8686 2982 4435 1214 5138 6770 3042 2532 3697 7609 1616 5397 390 8590 2024 4465 5266 1376 3002 465 8713 2626 5052 3827 1818 5328 9083 9237 8689 7390 56 4840 5881 4386 5937 3277 916 4249 8114 6447 2112 7011 235 4333 1447 3919 3570 7801 3532 5337 2293 6107 9560 9619 2911 3518 8116 6050 5864 2757 4066 9415 3377 1080 1716 5561 7864 6037 3441 8390 1696 9531 365 8549 5159 7605 2410 7900 8898 928 1867 605 937 5084 7482 1808 7313 330 486 9548 1994 413 9028 5144 5579 4291 9784 5183 2841 7406 6887 4835 1870 5013 6565 8710 8225 9431 201 1075 7712 6188 8492 1463 743 3565 3790 4159 5965 7726 3409 4735 1706 7546 9118 7293 4300 2994 2053 3712 9635 9742 3513 4105 6677 6492 8190 1368 4590 5471 5715 7316 4738 6114 3167 2737 8036 1916 5889 2798 931 6275 6233 4563 5827 5098 4703 8058 7556 7133 6039 3044 2135 7449 3355 5447 472 2320 5751 170 2225 9598 2076 4150 2748 849 2538 2506 8858 8868 6883 5629 4373 3514 8910 8553 4365 5102 3909 5555 9055 4788 6196 6904 6464 3741 8882 4104 1872 4616 310 4456 2049 4506 2131 8243 5858 3948 2817 2163 1891 5848 5933 4071 3419 2750 452 6290 8259 2682 3943 8813 2790 2519 1274 3235 9253 5513 7385 6052 5467 6509 9819
679 9742 6993 7288 3769 6804 9780 9457 8527 2999 9544 6268 6099 4621 7801 7012 8520 9392 6419 1143 7701 6848 1046 1938 5002 7225 1264 8700 3683 3861 8556 2246 3906 4627 6610 8261 5765 871 1651 6933 9191 1286 4333 4927 7102 662 8113 5122 3419 6230 3635 3382 8571 4272 2025 2743 318 6348 226 4596 7760 140 1653 6536 2936 7039 8164 2 9032 7830 6259 2882 7751 6930 4783 5665 707 4184 9486 7774 7368 7903 6779 9739 2585 1660 143 6061 2157 6562 7782 5780 2897 9777 5049 2899 9380 8801 8652 3204 3876 575 365 2022 8342 4697 2722 9490 6980 4865 9402 4434 9896 6445 5989 6442 1581 814 7962 71 339 7183 9601 9964 2954 3466 1904 1744 3483 3533 3615 7352 1072 6784 3743 1958 1032 4717 8759 6982 4468 3147 180 3720 1520 7919 3603 9734 8581 2287 771 1487 9466 1737 9876 408 8497 8954 3299 29 8676 8447 8872 9569 6309 2964 1481 650 488 2624 8929 3258 3164 1809 5591 5389 5458 6772 6125 9467 6542 1745 8288 5409 1488 4264 3613 7749 7327 1031 9919 6883 9109 7556 606 9222 136 2447 9039 1437 9384 8007 6149 4703 1531 732 4225 6351 4634 217 1379 883 9276 9431 3681 4258 4804 6500 75 9552 4680 1093 7619 3111 7326 6233 8043 9010 2190 5015 9648 5638 1063 3567 6873 1087 8810 1862 74 4747 2804 3220 700 570 6361 2649 8970 123 24 4665 9074 9500 4995 3611 8146 3575 5285 6088 1801 7179 388 2460 1455 5811 1747 7891 9161 7241 8095 8695 9679 4488 9184 7679 1208 9809 8704 2889 1358 48 9908 4063 8487 932 4553 1285 9535 3051 9229 3750 5572 4157 9842 7157 4755 1216 8221 3698 5887 6675 362 7621 2714 1071 1979 1867 4085 4120 2176 7794 3398 5395 4267 8021 3370 946 1774 7535 9778 9854 4775 7253 5713 1186 4169 7460 9655 9252 4188 8692 5271 8867 5558 6936 3592 6914 7959 5670 4718 3557 8858 2341 59 2721 4685 5104 6992 2483 1893 8931 2861 6916 7562 9422 464 7388 3933 4271 7227 867 2445 9436 7692 3631 4176 1067 2773 4370 2586 6465 2019 3934 9076 9103 8747 9364 1970 8657 7215 3249 9954 4939 4720 3160 2603 8094 3890 7803 6615 2265 5138 243 6225 9631 4009 9199 9705 9334 7925 2412
1631 317 964 7629 547 5344 8808 1680 5601 2825 3476 9347 9769 6058 7177 206 7987 9540 6483 7874 6953 4642 8057 5652 7712 9089 940 2386 5558 6357 2864 738 2455 6872 5710 6206 7820 7665 3408 2831 2285 589 7014 7544 2409 5996 9477 3978 9770 856 9053 8086 4899 2074 7448 1451 6026 3522 216 6002 8286 5227 7015 2342 4285 3869 6389 6519 728 4440 8126 6966 7065 2424 8022 7596 2094 3478 8950 3514 1804 1001 5288 9917 6701 4629 5634 1278 5342 9205 7935 9855 9001 8401 7417 2601 7912 9417 5881 7287 8392 4200 5731 7041 7188 3026 8609 6157 2536 5804 7561 4038 7867 3339 1517 2932 7254 9939 2334 5873 8875 3391 1202 414 6727 9475 4375 6018 5110 5222 3004 2969 4913 9302 3691 1694 2822 9075 3719 6143 5315 9561 7318 7242 2314 9843 1376 5903 2920 9636 7441 7844 2901 8404 1818 8229 1531 153 3497 175 9137 1419 2371 3532 8238 4748 7030 4368 2404 1985 97 4606 5196 8165 4228 173 9534 7674 6625 9708 3156 2818 9869 6222 4644 7660 9404 3458 2913 6022 4316 2719 4503 624 5070 3155 8020 7993 8349 7732 5119 8439 9881 3840 7142 2150 2369 3929 4486 9002 3199 9293 474 4824 1951 6846 864 7465 3080 7897 7391 7762 9171 4677 6113 1263 3316 1079 9819 6140 907 3933 3692 6499 4698 6948 631 8684 6280 3138 6391 6122 4480 186 1950 2041 8995 9592 6168 5356 6426 4178 91 5797 3947 913 2742 4941 3744 6184 2180 6421 167 718 6425 9380 8222 7924 7035 8379 1777 1357 4671 7304 14 6071 9600 4580 350 9424 9495 405 3510 2598 3504 3789 2255 6544 769 1305 4986 9822 541 6535 7559 4435 4115 7593 7693 7857 5324 2771 4188 8113 4543 2691 54 8138 4584 9563 6921 987 8067 3667 6458 7833 81 7782 5201 2169 3601 9552 4101 365 1443 7614 8528 7225 685 7972 7514 8364 9758 3238 6555 3589 1927 1603 5875 8478 7143 6955 4245 1802 1398 1536 4164 2870 9554 3704 4117 7196 1438 3603 9155 7853 6118 5274 2689 451 4386 8838 5732 1839 9064 899 5521 8698 3501 9388 6634 2918 26 3689 2091 9077 3322 9895 1061 3385 2393 9172 9482 7989 9143 228 3620 777 9724 9987 2813 5858 6849 5272 3086 6706 8640 5007 650 9916
8443 3136 837 1870 1963 8520 2862 5191 8210 4355 4037 7118 963 6880 8178 700 4047 5133 9716 5624 7319 6096 3690 945 446 4431 8965 9596 9430 2353 1154 3991 6242 4730 4652 121 3898 9692 381 2323 7109 7753 3 7307 8478 1192 6455 7481 3960 7392 6616 540 5786 5183 9798 9361 1039 1801 649 9167 9527 8116 3000 7819 6916 1032 8194 7531 4042 1122 336 6252 2745 3398 8872 3039 5081 24 8142 7846 6560 1649 800 4211 2600 7163 7041 1237 2526 1838 8315 8530 877 3937 6954 3496 9433 6761 6782 7617 6985 2346 7547 866 1117 6332 6879 3373 8831 6174 8221 7175 4659 3735 7023 4810 8786 96 3857 2820 3521 9474 3626 3642 466 461 6457 7084 7712 3138 440 5622 7716 2344 7944 7121 5371 2501 1797 1443 1663 8028 454 2843 3959 2587 4740 2667 8874 2642 8833 5777 1966 2921 8490 8817 8953 1971 6932 7863 8189 3520 4669 1750 5769 3554 7927 5492 3500 8639 4258 8281 5272 7142 6206 1869 7165 6644 4989 8279 5669 3390 453 8045 2083 4714 7828 126 7909 9065 9760 6897 9807 2571 7916 2672 2878 2015 8205 344 4664 7746 6396 4182 3353 2794 8682 726 8893 3874 4449 5392 3336 1165 6811 6864 1347 705 8058 4506 9088 191 10 914 1596 6317 4853 5254 708 2459 127 2707 934 7633 3809 2341 3536 1493 1745 1758 4181 8555 918 802 3814 6352 2909 865 6319 4456 9006 6461 6290 5209 4637 8102 5779 1569 6673 4236 2641 4028 3901 4093 6009 5949 7852 5369 2898 8052 5697 7839 2946 8531 5682 5813 4827 408 1967 7726 359 6690 5865 4512 7897 1440 7262 2400 6835 2100 6343 9699 3995 5448 2227 6151 7783 4055 3545 4710 8622 2629 6410 1403 9603 3037 5478 6279 2389 4015 1478 9726 3639 6065 4840 2831 6341 89 243 9702 8403 1069 5853 6894 5399 6950 4290 1929 5262 9127 7460 3125 8024 1248 5346 2460 4932 4583 8814 4545 6350 3306 7120 566 625 3924 4531 9129 7063 6877 3770 5079 421 4390 2093 2729 6574 8877 7050 4454 9403 2709 537 1378 9562 6172 8618 3423 8913 9911 1941 2880 1618 1950 6097 8495 2821 8326 1343 1499 554 3007 1426 34 6157 6592 5304 790 6196 3854 8419 7900 5848 2883 6026 7578 9723 9238 437 1214
1685 2158 3334 59 4695 5093 6146 2269 6318 8155 8766 2563 8001 9314 3862 5328 4530 2821 6823 2979 5481 9184 9653 1616 844 3981 6724 7620 9890 9610 5148 232 5379 9417 8434 8423 5603 4981 8364 2304 4374 3766 4370 4560 6873 3061 9218 2904 5358 8582 9066 3055 402 1655 8113 7096 3827 7272 8919 7217 4826 4107 1727 3828 2070 788 5090 1738 6648 2692 7412 1143 9675 7256 2088 7222 8837 3480 1099 8402 4768 5613 2996 7110 1048 3515 9162 4013 372 7610 1868 857 6404 1091 9990 9774 2615 7686 6796 3335 4864 6571 2966 3058 4810 7283 1732 7839 1443 160 9664 4436 1466 598 2777 5550 491 9006 4958 7926 9191 3260 4741 5969 2379 4497 4368 4957 3121 7315 5387 7829 3428 1414 913 5295 6077 955 6965 4813 1684 7360 1458 2186 7783 2552 5181 8692 7245 9275 6600 2213 7427 3169 7794 5372 5803 5309 3298 7205 7208 1609 7237 856 1599 9222 2110 2855 74 6721 3212 4262 5984 4405 2616 2484 8672 1208 1776 9112 3931 6642 3883 6163 3898 8189 2017 6305 5732 4392 193 8117 6302 1324 8771 6574 7374 8686 8436 8026 9355 727 2188 7386 6304 927 2516 2320 1198 3761 359 5187 7501 8494 6520 8086 7452 3210 4659 2232 8659 8792 7409 6742 4047 3630 1345 9606 5942 2735 3880 1755 8277 4563 1274 8689 2837 3647 2974 1470 9811 274 7049 8153 9163 8818 2248 5483 8787 3398 7369 4675 9063 8654 4781 8036 7370 9480 932 6527 1693 570 8335 3057 5 5407 3859 920 8909 9202 6080 5363 2586 8439 2427 4976 4353 2931 5002 9199 1672 9742 8967 7696 4811 2081 3608 5712 8362 2701 622 8020 539 9485 4943 5900 1065 5144 1026 7882 7918 772 8266 1743 652 2065 6784 5717 2366 2074 10001 2587 3237 4303 2849 1265 5472 5967 2776 745 8622 1126 8046 5385 8226 9683 5668 7089 213 4147 3794 8819 7053 7359 6660 310 9910 5640 2640 7727 3661 195 7720 47 7077 2595 1649 9304 5847 6582 5786 3680 1427 3336 9669 8447 839 9977 7351 8248 5316 6912 323 2326 7 5010 7611 6673 2733 4277 8010 2524 732 6199 6759 5676 5501 5214 7145 9111 9133 4766 6010 9251 1357 7224 8440 7232 6852 2226 9850 7543 157 5256 8815 7847 9862 5161 2655 9753
2102 2476 8293 9427 4482 375 44 702 180 3727 5141 4658 5467 9996 6616 7077 628 4862 5001 2427 3009 7566 8635 1582 5626 3452 4690 9122 9986 8601 8331 1884 5721 9612 2784 7197 6829 9828 9943 2126 7719 3282 8414 419 1317 3190 6662 7953 6868 7090 3051 9236 7371 2311 6021 97 5192 9545 1073 1589 9240 6577 9815 7520 7759 5349 3398 5402 7888 4760 5234 1208 9816 2318 9635 3222 310 7943 8853 8344 4307 88 1975 2668 202 9367 6385 7899 7580 5856 7832 5869 248 236 2618 120 5630 2658 2187 614 7641 8758 2184 6213 2013 5132 1441 8597 9125 4387 4222 1950 2627 3337 2500 3529 4416 3469 6319 986 3848 6140 1493 8282 6607 3860 3758 3991 2772 9579 4331 5331 6971 1655 6146 302 9531 3852 5346 8997 9781 4262 4017 7618 8320 9071 5099 2988 6731 9267 6221 425 126 4439 3907 9439 2100 2873 4541 3674 651 5300 8121 3541 2034 5967 809 3958 4319 7713 4473 7165 3174 9838 7958 872 6463 2423 3803 62 7136 3927 5469 9599 361 2823 4459 9944 6931 9595 1155 5326 2960 2282 6774 5735 6833 9034 7440 3625 5374 3439 2267 4748 7616 8717 5319 9353 9164 1649 7337 9060 2279 2366 107 3207 8291 9824 730 4629 6220 5627 8257 6566 6995 6898 1135 9296 5468 4794 8492 4950 7547 7403 5966 6011 2082 6446 794 1932 6200 9597 758 9078 8713 6113 1849 7665 3994 7180 5200 7957 6074 4587 4550 6891 7528 6171 343 6396 712 8202 2473 3885 3799 856 9639 2428 7814 9442 6508 8501 8167 4417 8274 8195 8866 760 8681 2458 1859 5680 2740 5924 4341 3346 5717 399 5287 5698 9174 9671 6083 7804 1420 7762 9757 9026 9028 8631 2376 8129 1953 7035 8965 6126 4272 2032 6364 7064 8212 488 2631 2543 10004 5028 2071 3626 172 5315 140 1660 150 9682 8903 8426 8044 3815 7687 9634 8424 8441 63 1934 5803 3342 6511 2902 3788 8043 9017 5811 1754 1505 5900 9105 8357 6730 4462 4345 2552 3214 1898 2942 5855 3027 3993 2375 3324 77 9162 2046 3585 3307 8455 7291 8184 6046 138 2057 6405 3929 5072 3344 6114 6654 9541 1867 4092 7741 8922 9658 3660 3430 9057 7878 6745 6488 2464 668 6929 9992 7410 9580 9136 7207 4844 8574 8687 1267
7062 715 4716 6074 6700 2523 6080 5509 3772 3325 6995 9011 9115 8485 3449 2395 1467 5549 5839 8316 1971 5575 678 7057 6711 5343 6702 2126 9832 1255 7603 8407 8925 6172 7261 6245 7781 3095 2615 7832 7982 8228 9432 599 7728 8612 3257 479 1527 3646 8322 780 6824 7930 8543 1943 1126 8192 6571 3112 4244 9703 1844 5767 2594 6997 8614 2860 4231 7280 7477 3397 2710 3985 6076 6303 6275 1826 9340 8854 5255 4156 7157 6875 2810 4149 3543 3750 7692 5751 5770 7002 2618 2233 3603 1847 168 8222 616 9357 476 7126 8025 4696 37 9208 5035 7798 4724 4486 1694 5521 1390 5823 1485 1976 9586 51 6429 1278 8041 1520 32 5197 5662 8426 150 1788 6876 7615 6025 1416 662 226 6716 9354 6075 1498 4399 3953 2421 6313 4290 572 8084 7995 644 3799 2969 7612 1617 5795 7043 9490 9100 6459 5330 4279 7759 7462 1371 4591 5869 2361 8216 1807 8108 3231 5640 2786 8913 8554 4763 1748 4809 2624 1042 4852 9099 1654 3454 6406 840 4921 406 1007 6796 3481 6050 1457 7534 7093 9572 2830 179 1035 1238 5974 6536 5056 8633 4092 9854 6895 8847 1641 1031 2032 8477 5037 7401 8476 232 5525 596 3320 2984 9638 9743 3911 751 7577 3561 177 1432 7493 221 2705 9981 6703 6931 1701 9135 4515 941 9890 9756 6334 5125 9947 3445 3189 3970 4050 8184 8159 8118 1246 4386 1530 8054 3943 4406 7567 5546 1431 2688 8352 4832 3062 4162 5966 8124 55 5635 8782 9540 9182 189 9057 9991 4718 5677 445 8276 9911 584 5702 486 5141 6771 3440 9185 4597 4678 3610 5461 3293 3340 9021 7130 7231 2193 1536 6863 5192 1651 9053 778 7221 4178 2790 8119 6051 6262 9410 4966 6484 5371 1144 4619 311 4854 8702 5406 9207 230 5922 6851 7574 9160 4556 7813 6750 2605 9817 9236 9484 284 5210 8085 2793 2520 1672 9888 146 2582 9379 6116 8370 1259 6809 5904 417 3827 7418 98 2103 9394 8142 6489 9382 517 3991 4885 7552 3520 3312 4572 4637 6745 8601 437 9864 4910 7593 385 172 7428 8120 849 8138 7283 1878 9025 6336 4728 3692 9198 7020 9052 5980 5345 6305 5878 5578 5086 2678 330 6086 4318 5021 570 8481 4243 4898 9975 7894 5682 4456
2441 7918 6493 4156 2725 1579 8906 508 6349 2719 2770 7657 3263 4863 7487 6987 6167 8825 1576 4498 4887 2723 1976 5154 4762 2518 7644 840 489 5117 7103 3155 6287 5019 6542 9440 4586 7433 7699 4933 3599 8216 7382 2812 9327 1999 5592 7882 3632 6669 9248 2670 7493 5796 7416 6070 3062 9737 670 4213 6421 8441 7751 4618 1081 7689 6918 4853 9472 8241 7423 9684 6187 4855 9075 1986 3169 3508 1262 6785 6236 132 929 7840 1962 7933 8519 2275 841 5294 6993 4976 67 8828 5984 119 8513 3466 9599 8049 5507 9744 4284 7338 1539 6839 5524 1366 6155 1200 9085 1 1915 2252 403 2174 5879 5951 1666 6647 3608 1426 4252 3683 1549 4854 4270 110 5296 6596 8728 5820 2652 1059 2049 5674 1612 7359 2374 6207 885 6567 9481 1451 4293 548 8416 7710 7753 4221 4833 3435 742 9935 1395 5402 5569 7444 512 5555 216 4269 5312 3420 8723 1809 3279 1687 7482 2976 6794 9453 7009 1800 62 4817 6611 747 3939 768 4774 136 135 5337 3461 5588 8676 6135 5170 1586 2513 3633 1467 1117 543 4405 8337 8381 9654 2135 8617 2836 4563 6995 4579 3819 4574 9815 5201 436 627 7745 5809 9839 437 5432 9621 3682 6751 2978 6397 3198 2755 5631 5144 6747 3772 8900 1699 5100 5474 1284 2418 7480 3373 3042 3700 3178 6725 8139 7656 8465 2987 9614 68 3626 7860 7999 5425 6007 557 1626 4580 8624 6450 7688 2113 2977 1592 1322 4882 8719 2603 5782 188 9827 2819 2934 5124 710 6280 1405 3417 4315 6188 9660 944 9866 81 6049 2227 362 5309 9019 3095 8190 2536 4071 4587 2231 9575 2806 511 750 8347 6396 8400 879 7758 8232 4206 2807 5316 2626 6220 3308 934 1844 1335 7305 3086 4973 5666 3200 2358 9383 890 571 8854 823 8867 3246 3234 5616 3118 8628 5656 5185 3612 632 1749 5182 9211 5011 8130 4439 1588 2116 7385 7220 4948 5625 6335 5498 6527 7414 6467 9317 3984 6846 9138 4491 1273 9605 6858 6756 6989 5770 2570 7329 8329 9969 4653 9144 3300 2522 6850 8344 1988 2772 7260 7015 609 1311 2062 8097 5986 9729 2258 9219 3423 3124 7437 6905 2430 5098 5871 7539 6672 3649 8298 1112 6539 5032 8965 3807 6956 7317 704 7471
3391 3243 2600 5148 9727 6429 620 7905 7844 4942 583 239 8481 3585 4762 6292 2797 1068 9040 7704 2711 8132 7816 493 8097 9760 4882 2486 7763 6010 8739 2407 8434 7911 6653 6191 7835 1725 3713 9375 6252 730 6084 4057 1133 1141 9560 4554 7552 2862 3176 889 9547 2131 3178 492 3292 7884 7009 5574 5222 5045 5155 3334 9554 5745 6303 5617 1690 5657 3757 641 8740 7212 303 5784 3565 8732 8800 5309 2786 8255 8418 1080 6658 195 7208 1097 8287 2066 1070 8643 1449 8464 1956 2891 2423 5258 7906 2642 6818 8463 7158 1015 4550 8346 5365 1677 3234 9390 8278 8856 4200 7772 9227 5609 3278 656 759 5331 8426 9499 1652 3193 2518 1411 6000 717 3661 9690 8770 1257 6548 2016 988 4906 7729 2752 4997 4676 3349 1573 3864 4419 9332 9784 118 7482 6750 1947 9681 5553 4387 5677 9794 8140 6228 5494 1088 5070 5196 199 6414 8601 9786 9728 1227 2496 5778 4756 7483 1548 3823 7554 2465 6928 6642 3371 7213 5108 7660 1438 5644 1334 6274 6370 7328 7298 3246 7008 769 3346 7172 8243 793 8589 2161 7230 6737 9531 5307 3183 4503 2665 7256 1576 8272 40 2951 520 7741 370 7495 9173 6321 2044 5437 7399 8215 6351 6096 1675 3631 5638 2525 5025 9125 5842 2059 7463 5518 6331 59 4183 6143 7356 1740 5739 7494 4368 4445 4171 8525 4858 7250 2767 7023 2795 1465 5288 1951 8887 3050 5886 3332 9951 1993 550 1786 6615 3727 6596 2495 973 2880 9610 4636 1282 6589 8888 7855 7762 1205 6863 4534 1515 5370 5688 2607 8762 2845 1547 9025 5678 4592 9 4101 2406 3629 6035 8780 9279 5294 760 129 295 7372 8571 5734 3483 4995 5073 9604 5827 33 9344 7402 2616 1972 9722 2418 1247 8533 3270 2244 5765 2333 3109 9185 3939 4542 9934 364 8686 7924 9076 558 198 1609 6725 1906 2809 8693 1531 2194 5683 8603 9389 3473 6980 6327 853 6686 4644 9701 1583 1879 3165 8076 8925 5514 7125 2562 2684 8488 7199 7887 1410 1195 8848 5788 2771 6229 292 2964 2943 2108 2740 7379 2178 8859 8608 3393 2846 6352 894 3551 1504 2550 5066 5990 2702 4915 939 9629 5868 6905 6204 251 6099 6083 9259 9264 3268 2641 2013 6587 9285 4103 2009
2284 527 4050 221 4749 6571 5156 834 8156 5754 2215 9220 4697 6886 7674 1361 8620 3713 2070 2978 2866 5084 5119 3175 8793 4397 6394 5266 9020 4369 1945 2773 8534 770 846 5774 8252 6712 2185 5168 8459 647 244 5187 9691 6270 9866 6557 7935 4591 7913 8958 6669 5717 4556 9857 3340 1058 3720 5684 6103 7991 3482 2892 9930 3860 7915 8561 414 1463 8387 4932 5270 8226 1866 3444 428 8691 4630 5175 2066 3772 5369 3585 7464 3018 4933 68 95 9746 356 2969 9656 8214 4248 946 5938 5719 4159 3602 9093 4889 8802 7614 3264 6137 1242 7224 623 5008 191 697 326 8924 3411 1975 6825 4772 7009 8276 1948 7181 4155 4396 1589 3390 1140 7457 9411 1808 4950 1697 1966 3608 7902 6138 6047 9100 8503 1920 2732 1662 3910 7997 2291 4141 7175 5346 3147 4344 1904 5908 1667 7921 7370 1663 8715 9873 164 1053 9716 6311 6731 3417 784 8074 2017 8495 3508 7738 8671 8600 7683 4578 5490 4584 4299 5833 1544 7319 6783 3102 8273 7547 1553 529 3653 3973 495 395 231 2764 5317 3900 9982 3545 5397 8034 9957 3504 8532 1167 7101 21 4421 1630 255 8007 306 2887 5919 4487 8543 3987 7723 6645 474 9567 863 7403 116 574 9731 8337 4850 1533 4499 6161 6485 2213 9617 945 1133 3843 6286 6690 6552 3924 5218 8541 4384 3971 892 6650 4485 8940 235 1970 2814 5399 7637 3702 9257 2356 6249 9031 7189 2567 9397 4587 8707 1454 5170 8062 4399 5997 9018 4766 8200 7027 4703 5695 8923 8613 99 8952 7860 4468 7311 8371 8108 5275 2230 1239 2816 5002 1382 9455 3081 7438 8179 6192 5335 327 3722 5287 9855 3737 7313 7974 1853 1021 6061 6321 4746 2163 9535 7215 7413 8138 9327 8475 7478 239 1176 311 6898 5292 3859 3110 6685 2541 4551 5846 3967 1686 9153 2986 1278 78 8117 8492 9107 2110 5045 7857 60 1683 4745 7365 7659 9342 494 5597 8362 4891 8405 1359 9017 9968 6324 9154 7791 3154 7958 5029 1026 65 5694 4118 6737 2226 2033 5319 3503 3727 9298 9228 3109 1880 665 6678 8934 1426 721 5569 3913 2398 7919 7767 7918 2962 6042 5089 9130 2548 8165 8971 9092 84 6926 9741 6352 3596 277 3640 1550 6128 8032 347
7187 4050 1307 411 8148 8428 2883 7799 2652 8621 9604 9615 2428 3050 9674 5727 3657 4265 3661 3471 1158 4970 8820 5127 2673 9456 8972 4976 7629 6376 9925 935 4204 759 9119 814 3205 3924 6304 4203 5961 7243 2941 6293 1383 5339 619 6888 8363 775 5943 809 9201 4551 6932 9636 3263 2418 5035 921 6983 4516 8876 4018 7659 421 6163 7174 1627 6940 8048 8264 5416 345 1235 4696 3167 1460 5065 4973 3221 748 6299 192 6588 7871 8374 3595 6565 7433 5254 2481 7540 9032 3073 105 8847 4771 3290 2062 5652 3534 3663 3074 4910 716 2644 202 4603 6617 7118 2736 1954 7076 1066 3218 6347 671 6573 5845 248 5479 2850 9346 786 8763 1431 5818 604 4862 237 2659 2228 2722 4733 826 823 6422 794 7175 6432 8816 5921 5176 7957 1310 4819 3769 2047 3626 5415 5547 9366 6823 6255 8926 4100 1389 4148 1868 4133 9849 6014 1726 2299 3639 7838 9921 1729 6707 9267 1457 657 9352 9602 5 8683 7304 5843 645 1727 7104 5515 5711 6833 4270 7672 2844 530 9544 1511 9952 579 4821 3372 5799 9379 9246 622 1289 3984 4401 6686 8432 2089 5296 4151 6276 9761 3468 6757 9349 5194 4384 5057 6561 8227 7757 982 9885 8875 9220 5783 2548 9251 4633 662 3356 8975 9384 3250 10002 661 8558 7099 1504 6338 7461 9703 4974 8026 2624 4172 7111 9129 8836 1951 2668 5445 9599 5604 3055 3678 5100 3029 8839 6359 8296 9071 335 3220 5950 4423 2319 9676 5330 7409 11 7492 8553 3088 2131 6966 2887 7005 149 113 7259 9772 6288 7379 5966 1247 2314 5665 5957 8037 5444 4794 3728 5182 6766 2559 2064 5255 7286 9416 6905 9992 2646 9812 8355 2363 942 7818 3884 4237 9219 978 672 1371 7721 8128 2391 5391 304 4370 7836 311 7984 954 5436 6382 8734 2184 1449 2245 4351 6604 4695 8369 9591 7192 8061 680 9790 2715 1119 7708 5705 8024 3021 420 1358 5298 3754 21 5507 7299 1832 1272 2355 2530 2817 886 8927 8905 3265 2021 8787 6674 807 9598 799 1179 5805 8188 488 7874 2775 9223 184 8176 2870 5376 8285 6251 9720 6603 9897 6493 1711 273 5520 9722 6206 3642 2239 5542 5355 7450 6883 4352 1402 6571 6242 6503 9733 9026 4264
2032 8614 2997 2191 2070 1071 4236 1421 4810 7566 878 7522 9612 5034 3130 808 1403 8383 3819 9143 3064 3902 7678 8667 7487 1549 9423 7526 8818 2531 4629 8470 1560 2236 8148 5435 8591 2559 9078 956 2046 5835 9247 2434 8873 6624 7739 1562 1839 1893 1181 2415 7641 1001 8124 192 3595 3572 3134 14 8907 9882 1474 9300 6924 8231 3970 4187 6144 2949 1712 2085 3097 2355 9544 8525 5653 5346 1240 5714 8248 5599 6058 6 488 4881 8483 3983 6610 511 5319 1596 5097 5635 8919 7500 3972 3790 9896 8702 5543 7167 5027 9523 7690 6285 9985 6046 2388 7997 384 5511 3512 5037 7538 6436 5029 9126 1435 2031 3809 1121 4318 5158 8537 3271 7844 5737 8686 8719 7172 9038 8896 7062 852 2676 864 294 3362 4791 6334 5262 7907 8242 6790 4809 2761 9009 9649 2693 2493 2165 7231 2330 9503 1653 8793 2490 7764 1603 8711 8760 4037 5898 1745 538 4963 2213 7710 2315 7477 3534 670 8782 9677 7142 4986 2651 823 3429 6502 1935 2851 1151 8370 1396 4769 694 4018 4666 6129 923 3593 3969 9389 4268 5076 4800 9551 2132 8778 464 9645 3487 4996 666 9576 2173 5643 7331 2494 6970 9107 203 6415 4194 9758 6074 6837 483 870 9110 4611 2036 7820 494 3690 9732 1228 8096 5750 1102 3086 9542 8922 1901 9600 7416 632 6318 8438 7912 2246 6163 4181 7335 1700 4467 599 7865 6572 8054 4080 2366 2357 9147 2270 1399 9177 6322 7644 5409 3745 3818 4338 1188 6029 759 6126 6522 7972 343 8646 6652 2181 4055 2325 5492 2280 9421 7923 5066 6785 798 3388 9637 5075 10002 7675 4259 1859 7930 8680 9910 5923 1786 7410 1823 5069 1186 6426 7014 373 2691 2890 8420 1478 8506 4421 9730 1625 4344 10004 7278 8011 7612 1754 3755 1833 3084 9939 5170 6155 5769 2334 8709 9157 285 145 7921 5463 3033 5052 9564 4555 3145 2834 9529 6499 7534 7230 7532 7627 3780 1874 9956 6799 8026 9638 9880 1871 5548 1171 4400 8895 2257 8983 4803 3952 7760 2397 1207 7261 6382 5741 7892 6216 8671 6693 9053 915 5181 8975 6391 8958 4762 7087 893 9548 7731 3150 6845 8902 5871 2101 9928 2350 5533 9152 6281 772 8549 889 335 227 1651 9190 8745 2011 7779
86 7130 9876 5173 3064 6410 2691 5398 3433 8216 4452 1081 4759 5187 285 2653 2934 2194 8986 1712 4593 8117 9093 5490 5185 682 8908 7188 8370 3904 9789 7432 9971 1326 1158 4485 9541 6625 5045 8458 6450 4758 382 8416 4780 6022 9660 8021 8135 5520 9237 6927 5140 4611 4544 2833 7232 9643 6392 6264 1651 1691 3758 8749 3725 289 1859 431 3693 6641 1869 8453 2439 5385 1010 3842 2082 1197 1747 2649 3728 4697 7487 4057 4436 4257 4764 9198 9665 2025 7508 4892 3804 9625 9965 2517 9916 7240 8055 1386 9262 6968 2005 1471 7400 6316 1336 9180 3231 8285 5766 434 8101 2262 5495 9196 55 8280 1755 1061 8729 7695 2797 4371 2149 2908 7355 238 6979 4825 2093 4017 2369 9273 9788 2627 8095 3453 4246 1944 8576 3041 5972 9578 4284 4408 9815 2271 8712 6066 926 502 4610 9746 957 9359 2724 3851 5299 8074 2618 4878 6583 3375 9722 5721 4363 3737 7914 4357 4928 6665 7112 3442 1426 1322 1952 6988 8042 8970 4888 4598 2121 8466 4862 9759 3380 3726 5094 3735 8311 605 9182 2834 2030 1512 4265 3176 4192 2656 7342 7822 2605 2455 2209 1005 9838 2709 1825 7180 9958 8910 6791 2115 9657 3613 2507 1894 8494 9311 2245 3866 7325 6193 734 8593 4670 7843 3440 1823 7577 6206 3157 2960 7040 7727 6452 4361 4134 4162 8611 1097 1583 5182 6281 3280 3562 7627 6288 6894 6687 2745 4686 4667 3435 7819 8204 6834 8590 262 2215 9821 1080 9961 3311 2412 5741 393 1229 5402 2639 5713 5951 8743 4916 9047 4614 8952 8461 851 379 4008 9159 2396 8917 398 5240 4775 2011 280 8649 3561 2822 4412 9021 9775 204 3721 1083 4362 8939 6038 6484 8016 4124 6147 9865 2353 2442 9793 6638 7468 2825 8820 4642 3394 947 1337 3978 5107 6158 2678 2975 9066 5846 4568 8076 2221 8630 2329 7206 4797 7651 1524 1883 5674 8689 5628 7813 9395 5585 1338 8783 6983 4031 9597 5516 24 9430 3641 6956 4387 8980 2903 3344 865 7607 251 9402 9199 4463 3901 5381 1804 6345 583 3542 1590 8796 9406 8405 1960 5400 3036 1961 198 4912 9841 7117 7453 799 694 6526 9686 2860 6876 253 9005 2944 209 7732 456 3734 3506 8736 1302 5922 9496 547 681
289 5341 3219 4142 6056 6393 4544 6315 13 85 5807 781 7749 5567 8393 7824 5690 8995 8411 4251 9437 730 2862 9961 6793 5200 6190 9815 5753 1493 6515 341 5026 701 3615 5592 8434 4689 2550 1844 1887 8362 8974 7576 4883 4069 5536 9543 9710 1578 4653 9696 4357 8410 9453 7561 2857 5950 7420 5828 1616 7117 928 3587 1143 5941 4203 8958 745 4888 8080 4909 8915 4277 4276 9478 7602 9729 2810 269 9311 5727 6654 7774 5608 5258 4684 8546 2471 2515 3788 6276 2751 6977 8704 1129 8720 7960 8715 3949 9342 4577 4768 1879 9950 3973 4578 9573 3755 7823 885 7119 531 7339 6896 9772 9285 881 7913 3034 5840 9241 9615 5425 6559 1614 7514 7183 7841 7319 859 2273 1790 2599 7128 3748 4209 7767 1994 2133 9566 141 4698 5767 8721 2758 584 1822 6254 7118 5733 5463 9023 2853 6744 9923 4329 3961 6960 7075 9265 4851 414 5546 7558 8456 322 3794 5085 4000 4222 183 6368 4503 9450 3153 7236 2324 6677 8212 8728 6372 3709 6947 4652 4891 2481 530 2534 5020 1892 2366 8347 6948 9457 6767 354 7449 5075 5985 5476 1439 7227 9114 9807 7341 6499 3517 5031 4712 2988 4964 3001 7387 7375 9757 7259 2762 9797 9326 7753 4773 5890 9323 3345 9152 2264 8580 5729 6257 1519 1354 9089 9766 469 9639 661 1548 601 3451 8125 980 3272 8632 5414 3739 992 890 1123 9911 6711 1463 2463 4103 8794 3278 7441 6663 984 2478 6129 6913 1394 1149 4750 5452 6203 2231 120 3863 6399 3353 7564 7265 1571 1039 6571 9239 5 1673 806 7790 2432 5253 673 9173 3099 7948 1090 1451 4845 1605 4297 306 6970 5090 8011 3595 9562 935 7201 4268 1059 2601 6731 7500 9962 1591 7076 4063 6727 8294 2458 92 9421 3906 2867 3965 6166 4572 757 2506 571 9406 1880 4748 5849 2451 6485 6296 8788 4469 6192 9418 9505 7246 339 5423 6956 7869 1761 3352 2759 5389 3698 4127 4030 8274 6428 2600 1926 5624 2082 4679 4535 3098 3143 9221 3578 7933 9071 3332 6729 7897 6210 5845 3245 8988 4797 1126 4312 2332 5089 3206 1719 1682 4023 4660 3303 7482 3528 7851 5334 9612 1017 931 7995 6771 9567 4946 6574 3640 5633 5299 1549 5406 5327 5998 7899 5813
8511 1748 8269 9757 4592 4127 1363 9639 8001 2913 2174 3764 8373 9127 9563 3073 435 3714 8291 5390 5836 7368 3476 5499 9217 1705 1794 9145 5990 6820 2177 8172 3994 2746 299 689 3330 4459 5510 2030 2327 8418 5198 3920 7428 1573 7982 1681 6558 4149 7003 876 1235 5026 8041 4980 7165 8747 4937 690 8135 6335 3383 8949 4868 9383 8782 2993 6308 3739 8332 2255 2696 217 6959 9610 8754 8551 3815 3253 4733 1156 5697 9942 2894 942 8148 8758 7757 1312 4752 2388 1313 9557 4264 9193 6469 6805 151 46 5878 9038 2212 6228 9612 8357 2296 9568 7084 9815 3086 2858 8088 654 5274 8848 9906 33 3455 4664 9849 6344 6600 5819 5739 1605 1630 1671 8543 5403 8259 1735 5846 5383 2222 4243 8358 7101 1437 4957 6727 5627 3823 1665 9734 4154 1007 249 607 9600 732 9805 5071 4112 9344 1513 9885 9205 4087 9303 4648 3018 6349 604 5192 5111 6179 4328 6496 6449 768 2659 2558 7596 8253 2926 4597 8138 736 9011 2568 5611 6999 1670 3738 3527 379 4823 3305 4418 8645 5170 9478 4935 1087 4383 582 9559 3867 2938 2215 629 5233 1976 3039 7184 9979 553 305 9505 4579 1704 6996 7269 8117 9908 9643 7207 410 3673 1419 8530 2980 3885 9372 5962 2371 9691 7686 395 1647 3300 407 9272 5798 4904 2237 6269 6477 5217 5152 3044 1188 9352 9932 4879 2196 9404 9617 2361 1669 8940 1651 2506 7911 764 3453 5061 6097 591 2769 737 3809 4444 3484 3911 4211 4703 7111 9459 3703 5471 4768 9219 1308 5546 4891 9821 1895 4107 5333 2140 506 4631 1389 4478 6742 7653 1942 9788 3442 2241 5475 3974 6716 2807 3201 5048 3674 6224 399 853 797 1906 6927 5955 8764 6566 2561 1997 3874 6552 5340 5754 3631 9756 9794 2251 3490 2720 5460 1948 8597 4691 9493 6961 9213 2499 4297 7646 8335 6663 8324 3843 7702 7226 1642 9296 1034 9900 1224 2206 7419 8363 1105 810 4329 1294 8325 8648 9578 5099 8561 1830 1999 3477 297 1086 9585 8713 1679 6955 397 1250 7052 6160 3096 873 6834 9405 4415 4237 9549 5852 4192 3471 1488 9844 2333 7227 6447 1165 8914 6812 3765 3171 996 7436 9992 2976 4679 1868 4463 4716 9534 3826 6073 5355 7780 1750
742 215 9758 1792 1937 8179 3 1805 4360 2546 2373 1689 7372 5084 8937 9652 2819 3221 3480 7107 2648 2140 2908 565 325 7937 8012 8135 8737 9324 7885 8327 646 9264 9788 5844 8182 4411 7433 7986 3289 9996 4584 8117 2303 5577 6143 3869 4943 1901 5318 2516 8328 5451 1133 7661 2756 716 5376 1010 7059 2169 2155 4934 8691 8448 1645 6099 2596 2455 5426 1092 789 5896 7867 1893 6906 7522 5330 134 819 9948 4105 8132 4329 3696 4259 7584 3030 6369 9043 8625 1535 7920 6383 6264 4868 1778 4716 1929 9767 5009 8814 9050 2232 4660 3038 4781 4037 1616 6852 8234 4096 4915 7459 2825 2030 4729 4352 4134 7379 8698 2055 4770 1217 994 228 2174 6166 4307 8063 3015 4343 917 502 7827 9833 1915 2539 8766 8571 2247 6686 1157 2897 7752 9710 1313 1952 198 8129 9928 8075 633 6841 5414 3474 8298 1399 4895 1422 5333 4542 6447 3567 4848 5748 7224 4441 1478 4224 9528 7419 758 7046 9753 7788 2564 8807 5436 9114 9542 4640 7008 7289 6549 3334 6067 8948 2465 3441 9845 9540 5037 3256 1536 2718 8259 4137 1780 4319 5681 5513 8840 3889 973 9400 2806 798 9113 4737 2764 9135 370 4008 2369 2483 9875 3585 1275 9495 8966 8899 7188 1580 3991 740 612 6006 6046 8113 3097 8080 4644 6214 4786 8048 989 6224 2801 6794 9740 5365 8197 6437 5552 6102 7004 8083 9052 1835 8412 8791 8612 9119 3546 4013 6380 1856 9247 8159 3973 4313 6872 4264 1588 2403 5741 3610 1316 6360 5826 1748 664 5691 3528 7586 2633 114 4789 2449 6617 9850 3544 4410 2628 6110 5416 3077 2043 7152 8726 6504 7263 1703 4593 1327 9180 6448 8372 6724 3621 4136 6982 2443 7808 8601 6299 2924 7396 320 3926 8639 8763 4163 6626 3060 414 5281 4857 8965 4094 5312 3707 7079 8206 9654 2422 6973 9233 931 7730 4070 69 8718 8092 2262 8712 9283 1013 1460 7797 5781 5677 6307 1336 2390 3318 9243 8953 6476 2814 9217 4107 7735 8081 9449 8090 2659 4960 3530 7189 6385 5867 8620 7531 8547 7011 1690 2170 6960 6810 6564 5360 4186 7064 6180 1528 4306 3258 1139 6470 4005 7968 6862 6249 2842 3659 6600 8221 1673 541 5089 2941 9025 2191 7795 6178 1925 554
5908 9554 6327 1435 1818 845 8856 4782 2904 5428 4764 6477 1681 3022 2019 5978 5666 7556 2650 5812 8596 6357 5487 8063 7084 6279 956 1833 2871 6975 2898 6619 3515 9232 195 7790 6236 4488 1221 4269 9668 3712 5152 9515 9065 8327 4715 1193 9827 7175 3226 1553 8416 2059 8045 650 2532 9221 7382 7168 9619 8435 3291 3661 265 3902 7465 5703 5215 2013 7169 4417 304 1164 573 2806 4867 1042 4776 4095 4179 7519 4991 6449 7239 529 1533 2379 4567 550 2368 1747 9935 5751 5694 1998 5143 6298 2188 7456 2486 8345 1142 4940 1562 1626 8936 8916 2879 5387 7899 9617 8832 9546 7915 6441 8827 5535 8542 7069 4253 2837 3717 9163 8888 8437 2894 7413 6018 7733 2540 7633 2376 159 4929 8749 1004 2312 2856 4949 4779 8503 9807 1138 5734 4065 127 1274 8759 9026 1058 1600 4090 168 8146 5619 1875 4541 5711 3627 7014 160 9734 618 8884 9231 5397 5914 8363 7576 8687 3304 6084 4639 6272 7349 8715 7753 8577 5125 9871 8448 5714 8035 2635 3786 470 8241 1772 9976 2616 2554 4854 8626 402 1725 4295 4507 2453 9892 9283 5082 3396 7836 7112 721 3449 2319 6470 8074 9904 6901 7580 7893 801 7583 2294 6429 1202 3037 4045 4097 3782 1264 737 273 2314 2459 8701 525 2327 4882 3068 2895 2211 7894 5606 9459 167 3341 3743 4002 7629 3170 2662 3430 1087 847 8459 8534 8657 9259 9846 8407 8849 1168 9786 303 6366 8704 4933 7955 8508 3811 511 5106 8639 2825 6099 6665 4391 5465 2423 5840 3038 8850 5973 1655 8183 3278 1238 5898 1532 7581 2691 2677 5456 9213 8970 2167 6621 3118 2977 5948 1614 1311 6418 8389 2415 7428 8044 5852 656 1341 463 4627 8654 4851 4218 4781 8106 3552 6891 9565 9147 2057 8442 6905 6786 5390 2300 5238 2451 282 5531 9336 9572 2754 5182 3560 5303 4559 2138 7374 8756 4618 5437 7981 3347 2552 5251 4874 4656 7901 9220 2577 5292 1739 1516 750 2696 6688 4829 8585 3537 4865 1439 1024 8349 348 2437 3061 9288 9093 2769 7208 1679 3419 8274 225 1835 2474 720 8651 443 8597 1155 7363 5936 3996 8820 1921 5417 1944 5855 5064 6969 4089 5370 6270 7746 4963 2000 4746 43 7941 1280 7568 268 8310
6377 6456 5785 3884 5970 2186 2785 8971 1904 8727 303 1298 8934 4245 9364 8953 5477 4980 8568 6847 3224 6889 4894 5625 5623 6020 2268 6522 2691 7616 5686 8525 372 2612 8287 7587 6439 4156 2013 2101 4647 9623 2573 1018 4472 9336 4504 2984 4494 4969 5748 6225 6607 829 6964 5017 6227 6210 4581 2710 8848 1302 8140 1742 856 6608 5634 8840 2890 3139 8751 5546 6294 7921 182 299 2092 1430 2746 1702 8796 1617 651 2269 1320 4567 5489 2598 1059 1337 6196 7360 6467 8605 4506 2587 8246 715 9579 1300 8537 7997 5110 2777 552 6910 5729 4993 984 1214 5594 6773 7906 8163 2180 3976 7722 4659 7241 5071 5515 7444 9807 6077 5964 3377 1536 1719 418 3488 4520 9815 4489 958 6375 6853 2033 8138 2139 7111 855 1803 3758 960 5978 598 7786 1962 7221 9041 8023 9956 1518 5292 6678 1746 62 4105 7133 6495 3047 6999 3073 1838 1814 6578 1582 2595 6658 5716 2570 6617 8851 5710 3761 5368 1599 4224 8529 9585 109 9786 5242 6596 8016 6342 8400 167 8280 3973 3314 9038 3615 4328 7899 4549 9062 8858 9324 6886 486 10004 1997 5277 4652 3627 1946 390 9046 2027 9329 890 9866 9376 6571 7975 9477 1533 7318 4797 9869 3777 2192 1594 213 9156 206 5542 7088 417 8690 2644 1935 7577 8424 5410 3269 2960 9258 9980 6761 281 5665 7690 1004 7251 3086 4261 6188 8948 1466 5607 9196 2273 526 2064 6988 253 1216 5197 518 3652 1987 7262 5906 4883 2805 5001 9403 6215 8592 2083 8220 5876 831 6567 8769 1973 34 9663 4640 6009 9455 5900 6074 1556 7756 7917 976 2802 593 3775 2589 7849 4467 5325 5131 3612 9927 2271 923 8319 1235 6429 6141 3267 3357 5506 4227 2930 5206 3735 522 2858 9491 8761 3561 5040 6665 9330 5695 1735 7249 3483 509 435 5117 6391 3677 2028 4127 2766 7739 6288 9112 8940 3054 606 6198 6963 212 4351 8337 7669 169 7883 7725 9067 2862 8697 6258 5060 2695 6822 3183 17 8034 2769 2140 1909 2731 9683 670 3501 6943 4182 6859 842 9387 9391 8597 6094 7593 5248 5405 9265 3587 9886 5406 4063 5463 7759 2318 6604 6428 1336 1391 5484 8594 1686 1965 1622 4662 1642 692 9141 8187 7423 8972 6709
7084 8507 1234 8920 4313 3162 6478 8714 5176 6979 4332 4394 2094 8329 6546 5223 2653 2441 4495 7063 7672 1866 3552 9119 9843 6227 3499 4629 478 8881 7051 47 9375 9062 6147 9372 4654 519 5746 3911 2903 2851 3166 5684 6211 6675 4634 4489 8254 6423 4621 2066 3880 4053 4737 9061 1342 7496 6781 3607 3205 2946 9326 3778 4286 3518 5861 6101 8496 8421 8298 7696 7109 8548 8106 5780 7169 6645 582 8251 2015 9000 8447 3137 6437 1842 8316 4123 849 283 2557 1483 4525 1108 3910 8105 975 5293 8772 3670 5710 1050 5416 9374 4257 4271 1492 7742 7985 4781 327 3830 3971 1000 5334 5637 530 8566 4533 9527 8911 1096 6292 5607 6485 2321 8301 2097 2730 2167 8849 3396 57 7390 7808 4891 8513 43 162 1558 4648 1710 4497 6666 1417 7619 7383 4194 1766 3388 1645 2389 4810 9581 8199 2330 1511 8974 3601 4396 1697 2074 2292 9054 7735 4371 1656 5209 5432 6198 4252 260 2119 8370 3411 2083 5509 5924 8606 6600 4511 3887 7667 7862 4179 9747 5269 3529 8681 6723 5113 4474 6228 8304 6505 8358 5793 9592 1012 2952 8135 5027 1531 5004 1093 1884 9986 2859 1578 678 9209 1985 4948 2202 6905 9014 5668 9387 6680 8645 3862 7626 990 7319 6891 1786 9425 9144 9884 3092 359 7485 3961 2985 6588 6893 1389 3170 4890 3708 8174 2289 4646 2107 745 913 7593 2537 5453 7033 3620 5628 7320 1689 3662 7298 6056 2418 4057 3943 6558 2841 5151 6938 7467 7534 9245 4846 2435 5686 5814 420 380 8320 3329 8353 1782 212 1640 8385 5437 202 3625 9639 6693 1061 8236 9996 874 324 9429 8350 7381 4591 8021 7642 7821 7314 2880 2413 46 4570 7186 8274 2453 2113 9561 2162 4838 4023 685 2816 5110 66 600 4678 5762 735 2898 8847 3793 6312 1637 3977 9816 6583 2882 2016 3798 316 1010 3349 4383 9281 7707 9929 9170 4723 1833 5099 7253 9985 8061 9709 2805 2290 9451 3983 8625 7832 127 3502 9037 6106 2500 7794 7670 2263 9807 3366 6012 1145 1569 7468 2332 1114 2719 9354 8227 6779 4004 9460 7200 5495 8703 2356 6357 7715 8341 4164 7721 7150 5413 4966 8636 645 749 119 5090 4036 3108 7190 7480 9957 3612 7216 2319 8698 8352 6984
9494 8761 9160 5011 3010 4932 3681 6833 1595 610 996 4431 8063 7615 6480 6620 8851 1302 3732 1713 7208 2210 3620 3931 7243 266 9238 9542 9240 9145 2985 4891 6816 9973 8746 7134 6892 4894 1217 5594 2365 7877 4508 7789 1962 2813 9012 4368 5558 9511 383 1024 8880 549 8101 72 7719 5850 1584 7797 374 7814 2003 9685 5872 7224 9041 3615 9927 7870 894 4664 6844 4415 1232 7620 484 5993 8223 5876 6430 6538 5114 7582 8027 4754 8993 3136 9942 9896 9020 2780 552 2502 5700 1338 6593 9207 685 1119 5033 8650 6176 6922 8946 7462 1826 9795 4051 3437 5232 4173 9241 3943 4861 2764 3728 2507 9711 711 5965 3774 3383 5944 2939 4015 576 7745 689 325 2530 142 3831 7079 2799 1784 8125 5315 2708 4837 7528 8739 3520 3767 9776 2819 7821 5617 2803 990 5622 6814 363 4994 1381 3061 9819 9294 8433 4219 110 176 7089 814 530 6869 4456 8104 4480 3340 9476 2327 5413 3269 8559 9229 6325 2363 8274 756 2036 8138 7738 7082 7207 7412 1744 6058 324 7732 8273 5958 160 258 819 4541 6242 3828 2671 7178 8165 7382 7699 9820 4092 302 2092 7029 2717 8054 4398 9610 5749 6622 8454 5054 9485 5544 2283 4140 781 2077 5003 4598 9938 683 1516 1281 2897 2345 1840 7016 294 3680 2028 9726 2737 4084 1890 7098 4031 7407 7740 6685 952 3158 5575 1133 2254 4893 6419 3718 4492 958 1967 6824 8385 3740 125 2202 5208 8937 4245 4956 8924 1822 582 6554 1938 7577 4016 5381 9621 8569 7244 5071 1107 7415 6152 1679 3950 8475 5889 8853 905 7484 7466 1032 7292 5550 1092 5389 8033 3563 235 381 1421 5128 4803 4270 4997 5789 8689 3438 30 6049 7114 855 7402 3729 7312 1580 8591 2877 6315 4348 9528 2012 2895 2742 8095 1263 6470 8605 98 2558 4591 6324 7565 6398 2883 5124 5597 6773 3498 8134 8532 9585 5708 9757 1587 2198 6002 1433 2746 7301 8767 7969 6260 255 6418 8920 2616 3085 5055 4283 7420 156 1052 3322 3042 8587 3671 8818 2849 1866 1855 9042 8420 1796 5743 7813 7205 7809 7999 305 6500 2650 6343 8797 2014 2498 6494 3841 5094 1545 528 7266 704 2351 649 8265 7546 5166 7267 5509 4227 8529 5177 80
5211 3767 198 3151 2390 8347 1705 9225 7548 5198 1344 5831 781 2506 5335 9174 2661 9592 9751 3207 1281 3326 2677 6416 9746 9203 1908 3954 8110 3718 4921 1290 6543 9554 7287 1968 2051 586 6189 9774 3645 4401 4440 1702 4817 1920 1572 601 8215 7893 1761 8116 2527 6170 8542 8029 4786 3070 3458 6496 3873 9178 1867 7089 1243 862 1438 7186 7006 2708 5266 7860 3308 6250 2669 8004 4745 6205 6598 3640 390 5067 2330 243 9229 6754 2695 2843 3486 938 6366 9664 5466 8188 8249 1144 5503 5847 7612 2501 1324 9801 3289 5018 7053 8389 3375 7961 8277 5593 7996 6333 1204 3600 8330 76 7354 3679 7659 8182 9440 9902 8258 4361 2373 6718 9841 5356 2 2029 4953 4945 6533 1532 8541 3224 2910 5197 6546 3955 2908 5594 2794 8209 9084 512 864 1041 931 2752 6539 341 9790 469 4396 429 2329 5445 7353 8881 5783 302 2521 7361 7293 777 3300 7838 7675 5006 9435 5891 8885 4989 7806 4020 5016 7450 4637 7629 4130 3195 3663 828 8187 3444 9275 7630 8935 5071 1536 7747 721 4409 2852 6703 7815 7237 1886 8321 6866 477 2808 5430 5327 755 7667 6594 4434 2893 3568 4675 86 5369 2425 6403 7323 4829 9545 4070 5098 1180 8364 3334 1089 1410 2737 4513 2222 1667 6761 6309 5968 8611 9343 4139 6412 533 1699 409 6299 7953 9865 592 4998 1016 890 5887 9679 7492 6307 6365 4859 3590 308 1330 8610 4538 2263 8539 3621 9165 9451 2715 8880 978 8433 4648 442 4752 9819 9723 8765 8795 2840 9085 5317 2740 8921 7850 5293 7504 3925 8863 9356 6562 779 2903 1583 3421 8837 4510 7821 6046 3135 5566 8352 5716 8598 6920 9772 4042 649 8694 7878 9742 9997 4411 2455 448 3561 1061 6968 244 4027 8630 568 9762 6027 1903 9950 8737 4346 347 8599 1718 1641 1915 7568 1228 8843 3319 9070 3291 4621 798 4135 7206 3036 200 2754 6142 4093 5536 4300 9478 2359 9497 3591 5113 3206 6483 1450 4804 9504 7205 8238 8331 4881 9230 1552 4571 716 398 3479 7331 3241 4539 7068 408 1494 6077 1985 3680 2457 51 7313 6814 792 5326 5957 5791 8721 7522 352 2603 1091 1013 6489 259 6053 6749 8691 3470 4114 6371 3668 4839 7560 2816
3534 3856 9988 3633 9222 5579 3207 3720 6963 8679 8291 5253 7876 2571 9882 4660 499 880 304 4563 4743 9041 6483 3889 8441 5499 9080 3745 7004 5544 5151 8109 1352 6682 9419 1499 2520 4995 9054 8906 8263 804 5383 2085 6283 3561 3500 598 6246 5902 4137 9248 418 1948 8460 6731 4696 3360 8374 3788 3472 6156 3753 5416 538 8149 3419 1666 4395 8070 4090 3567 2309 1847 3491 7388 9376 5031 1908 6393 1740 9720 6796 6804 5216 210 3208 8525 8839 6552 5203 7794 8841 6155 8955 3540 2665 1230 878 701 811 8997 5210 1401 1959 1273 7353 1313 9420 6304 4396 2868 5966 1440 9228 4388 4456 965 8449 3911 4074 6743 2314 5858 2864 6760 3943 7729 6733 4299 7112 4120 7619 8554 8086 914 3562 8305 2474 4119 2814 6678 206 4002 1021 7340 8897 5046 3934 4512 9863 3428 4883 1265 8941 6319 6422 987 4082 5155 7315 8856 8181 7074 1656 6380 9324 5346 4426 6920 2204 7679 6651 562 3385 8415 653 332 9012 7236 9527 75 4988 5440 5781 3138 2406 7610 5337 1209 43 1333 5450 3796 1884 1150 6751 726 852 5862 2070 4257 5442 5384 6890 8159 1434 412 3139 7211 9486 3210 8128 2584 2298 9034 2869 764 3316 7101 1300 6997 1930 2026 2984 2954 8909 2664 6432 9009 2828 3899 6456 4245 7824 2886 2393 5187 963 8846 159 8328 2912 7239 3928 5703 8614 6183 3397 6033 3151 4829 1977 7707 1093 3055 3871 2007 1752 7338 9294 1294 8188 681 4781 1498 7722 3119 1174 1987 5722 9846 1799 3012 7403 1395 3150 24 101 9834 4181 514 2906 8430 2679 8458 7128 944 7614 4543 8713 1542 8995 5607 7656 6213 7449 2271 9390 2252 8158 6636 8543 5266 292 6945 2245 4544 3511 3418 6868 2519 190 7178 1026 1344 8270 4418 8508 7210 4681 1334 248 5672 9764 8069 9292 1691 4436 4935 950 6423 5792 5958 3028 4227 1390 9146 651 729 5260 1483 5696 5000 3058 8279 7635 5378 8081 6910 4189 8933 7907 1421 7996 8772 4841 9602 198 5590 6027 4342 3580 4732 6221 5861 7272 2381 7569 8472 4349 7194 7857 1339 4259 5045 9136 2636 1983 6516 2342 300 5357 7246 7542 8828 3732 4581 1170 2781 8225 8347 4144 2855 3543 7073 6858 4504 1444 8434
3097 1003 6375 775 1598 3348 6218 6922 7276 7056 691 8265 5876 4760 6132 3979 6052 9852 6077 9893 2942 6753 5798 229 9909 9773 6748 1787 856 530 5199 4050 6969 2950 5165 792 3227 5219 80 4461 438 3447 1577 2513 6850 1554 2075 3730 440 3050 5329 8266 674 6636 4005 891 8593 810 9661 8966 1822 8919 6148 803 6047 5841 6704 514 8375 4055 973 2323 4537 5366 5925 37 7993 9833 4845 4270 3327 5383 7554 1908 1855 7372 8014 661 4213 9638 8528 8709 7805 7123 2402 3866 3465 8011 6260 8592 6012 7785 1086 4910 6378 5183 7226 6974 6961 4538 164 7801 7917 4905 2367 5810 7854 2400 4263 9720 2258 2429 3510 4082 617 2940 7150 2046 4483 6078 4691 4818 4626 2710 2770 867 3350 5821 667 3022 880 5773 188 3037 2906 3892 8311 6752 993 8360 2029 2854 4207 822 7279 1457 6319 1884 6619 2376 9027 4724 3271 6492 2568 936 4664 5174 4009 97 6090 2309 7316 9123 5682 3241 2440 6330 4704 7241 9000 5080 2654 3879 5888 2378 8630 8476 9024 316 7650 2866 1825 3320 1769 4429 6790 3457 9599 1259 5594 695 7471 3373 6259 3787 4136 9912 4174 2369 5413 1599 8153 8094 4795 4188 9597 1656 1842 4949 3640 8298 4329 6626 5990 2145 9849 1669 4265 9323 6010 8182 7341 9164 2547 101 5296 9813 8815 6778 5839 7101 6769 2622 224 5898 393 7376 7220 8165 5712 7293 8685 2562 2127 3415 7929 2523 4865 300 819 2871 5836 2693 1141 9003 9488 8282 7505 6631 10001 1518 9221 6243 6963 4141 3916 3547 1741 9987 4297 2971 6000 160 8595 413 3406 4712 5653 3994 8078 7971 4193 3601 1029 1214 9523 6338 3116 2235 1991 390 2968 1592 4539 4969 9677 5790 1817 4908 6775 1431 1473 3143 1879 2608 3003 9655 150 573 1667 4662 5571 257 4351 2259 7234 5386 1955 7536 5481 8115 5630 3556 4958 6857 5168 5200 8855 8845 823 2077 3333 4192 8803 9160 3341 2604 3797 2151 8658 2918 1510 802 1242 3965 8831 3602 5834 3090 7396 3250 5657 3200 5575 9470 1848 3758 4889 5543 5815 1858 1773 3635 4287 4956 7254 1416 9454 5024 3763 8900 4916 5187 6432 4471 8460 2193 321 1654 2239 1197 7894 4467 9254 4696 8829 3999 2082 7344
9010 7456 5708 2441 5489 881 4932 6372 728 278 9547 5935 2413 1040 8395 4446 2773 9636 3279 9265 1870 3752 434 8602 8388 832 9655 4511 4881 1485 5122 8685 6923 6435 3233 8389 5637 1524 2384 1793 4026 6087 2262 5996 5315 5399 8739 6211 7669 8459 1749 2753 3599 5787 1770 3588 2967 1148 6971 6914 3218 6363 7518 3408 8676 3706 9565 2362 6160 2782 2846 149 129 4099 6607 9119 830 45 759 9135 7661 40 6755 9762 8289 5473 4057 4937 376 101 9657 4114 8633 7238 8953 3760 8853 3596 1379 6149 9969 2224 3532 4076 6169 5999 9723 1020 2358 6954 5285 1347 2494 9979 239 2278 2820 5310 1388 9366 6839 3095 5761 6931 4847 8234 1380 947 1838 97 444 6617 7134 9583 8796 9907 4524 7304 5859 7492 8569 9935 8973 9797 6345 1084 9668 6934 9255 3855 5006 1690 9461 2992 1189 3836 3774 6074 9846 1622 2945 5515 5727 3673 1105 496 6302 4616 9056 8332 1941 4669 3539 7690 9294 1117 8121 8800 9113 2021 8803 3514 7649 2422 4257 5265 5317 5002 2484 1957 1493 3534 3679 9921 1745 3547 6102 4288 4115 3431 9114 6826 672 1387 4561 4963 5222 8849 4390 3882 4650 2307 2067 9679 9754 9877 472 1059 9627 62 2388 999 1523 7586 9924 6153 9175 9728 5031 1731 6326 9859 4045 7319 7885 5611 6685 3643 7060 4258 63 7193 2875 9403 4498 2458 7118 2752 8801 3911 3897 6676 426 183 3387 7841 4338 4197 7168 2834 2531 7638 9609 3635 8648 9264 7072 1876 2561 1683 5847 9874 6071 5438 6001 9326 4772 8111 778 360 3277 9662 8125 8006 6610 3520 6458 3671 1502 6751 549 785 3974 6402 4780 6523 5779 3358 8594 9976 5838 6657 9201 4567 3772 6471 6094 5876 9121 433 3797 6512 2959 2736 1970 3916 7908 6049 9805 4757 6085 2659 2244 9569 1568 3657 4281 501 306 3989 8428 2899 4639 9494 1445 3055 3694 1940 9871 1663 9817 2375 8583 7156 5216 33 3141 6637 3164 7075 6284 8189 5309 6590 7490 8966 6183 3220 5966 1263 9161 2500 8788 1488 9530 4306 542 7178 849 1277 6382 8750 9031 8291 5076 7809 683 4207 5183 1580 1275 6779 4998 3278 4460 10001 5879 3522 6061 7423 7255 575 5631 2715 1135 4548 2540 848 6479 4506
150 5235 1566 4355 6127 4630 6578 166 2059 1561 344 6754 5258 2004 7475 7241 3655 4979 2347 4435 254 4605 6537 3301 5199 8712 6868 2643 5721 5165 5454 3126 4912 636 8834 2665 1354 6409 8695 5239 772 1852 7626 2285 6735 4026 6388 7860 5871 5411 6658 4300 2034 1520 3479 9894 2402 8528 3364 7704 6816 2958 8239 5692 5918 1085 4767 4401 7003 863 8806 8223 8868 5923 5096 4140 3773 1570 3561 3624 6129 4233 323 5919 5890 6643 2274 3915 3404 9771 1800 7941 4803 7262 4490 4347 7715 9636 3580 4856 1745 3848 1693 4163 4211 4690 4675 2649 4530 6414 2699 4612 144 6426 317 7110 4641 9398 788 8683 7621 8281 7362 4654 1814 5162 1046 7505 1286 9900 1211 9777 609 9190 2048 8748 9729 130 9205 4074 6867 7845 3845 7292 8542 585 3947 7059 9761 3785 9195 6059 8121 9101 4704 1896 8899 4773 3210 8252 8115 285 3455 4651 7413 9541 7427 6762 3670 7005 466 2551 3969 2692 998 7026 1301 1919 9337 7893 4324 7277 6516 2466 5831 3344 1667 9324 5470 9957 4907 6632 9461 3293 6787 3711 3870 7333 5407 7452 6803 535 3865 3322 6034 8080 2229 7844 9047 5416 662 3673 1406 6094 6177 4712 308 3893 7771 8527 8566 5828 8943 6046 5698 4727 2334 2012 5887 2235 6653 289 2661 2148 8912 7196 7584 615 7999 3297 5993 1208 5369 4988 5564 1305 1125 6834 9392 1979 7434 369 6795 2123 8871 324 717 7766 4516 9193 6456 4369 3348 873 6821 6969 7612 5064 485 3783 9592 2307 2368 5270 9629 9973 1731 6627 5450 3920 7415 9144 1172 2508 7501 2080 2396 9719 2115 452 5330 7726 2449 4202 1473 7805 1778 2301 3559 4021 2377 8487 6499 837 3960 9482 4128 6155 9079 9071 652 5658 2660 7350 7036 9323 665 8081 7034 9720 6920 2328 3203 4638 4990 5167 5057 6878 658 4467 3909 4595 8522 4555 6455 9571 1472 3000 9909 4428 6647 1480 1412 4903 7426 1957 1794 9132 3554 10 3004 9115 1925 8146 9142 1569 8763 1748 8256 7321 7789 4954 2306 7570 3394 1749 3054 9197 5662 1866 4847 8535 6978 822 1934 1356 6012 2440 985 4603 6934 9556 9453 4881 1786 713 8560 7019 7694 8801 4212 9495 6551 522 1442 8955 3664 8196 9224 5306
3522 2335 2790 7539 517 3411 9358 4701 3468 3047 1556 2313 7157 6295 7283 1298 3491 3485 4676 3427 6182 4696 9464 3674 2184 7746 4459 1470 9377 5933 9091 2662 2926 557 5478 4342 9684 32 4617 128 5575 98 1523 3860 5291 6437 9117 7508 1667 5297 5246 359 4753 3153 529 1029 1849 9198 6440 3518 3129 5293 6040 2862 3254 5498 372 7176 7527 2899 913 4861 1729 2997 1474 8583 3430 583 317 3083 4417 9807 634 5204 8696 6017 2424 134 4384 1347 8775 5346 523 2220 600 1946 4954 8286 7346 3803 1595 9582 265 3398 6935 327 1098 3163 8551 9782 593 8339 1829 3161 8948 6030 4847 4508 6754 1231 1780 7884 7087 176 6054 83 9504 5741 7175 2722 1023 3040 7949 9195 2032 7897 9510 4550 8424 9974 2509 8279 3732 678 6477 1177 2492 6650 1861 6816 8938 8015 6101 5764 7613 5842 2137 2065 6350 1369 4408 6590 3764 4333 6467 3162 3746 7906 2720 1420 9295 2196 5364 6957 5967 2342 6404 657 5642 1809 7131 1449 8542 6565 3723 7468 9607 306 263 3795 3183 4581 7274 8088 6621 2614 2447 572 7504 2461 7800 3747 2704 4596 9300 6207 4737 6329 534 5040 1222 8570 1007 6216 7954 3199 1405 7269 4077 7248 3242 7880 7881 2679 4555 2428 9347 1881 2846 6430 5503 4383 6549 6899 7473 3611 9686 9642 8369 5881 9406 5180 3453 1021 3437 4197 3442 8208 2815 7580 7389 271 2207 8184 7579 2584 8402 4334 1265 5038 1619 4818 5261 2385 2872 1269 4244 9123 6317 2916 2542 6732 5598 536 4643 4974 4316 4838 1291 9884 360 9558 5029 8409 7948 4390 156 17 2591 2009 7459 6390 3436 9399 1566 328 5903 5039 6424 6694 3134 9304 5413 2234 7828 8196 5197 5082 2892 7306 1736 6611 4599 3701 1828 8363 7072 8157 7935 1967 5789 7654 2707 9004 4921 9833 5480 3945 3429 5785 8448 5210 7505 7266 9676 1620 9623 7137 258 9791 3810 5209 2700 5390 1796 4708 7082 6172 6681 711 4930 3043 2350 4816 5658 8640 7126 7445 9169 7193 9156 4770 4782 2400 4898 9395 2360 2831 4404 7384 6267 2834 8812 3005 9893 3577 6428 5900 631 796 3068 2391 1681 2518 1489 602 1549 8706 4032 1170 8885 3525 6743 8418 1158 1260 1027 2246 5446 687
5618 7821 5830 5767 3262 5158 9068 3472 3501 2748 7117 5476 5987 9627 7591 1450 4588 2129 4901 5044 1676 9762 5811 4535 7646 5543 7698 5228 5180 4701 4716 6742 4861 2977 6692 4779 9247 2965 9074 2281 4750 10000 8603 708 1770 1110 2029 4737 7577 4229 8345 1886 8105 9498 8180 9621 8782 201 7343 643 9669 9261 186 5317 2524 1546 5546 2099 849 8806 5444 2332 9637 5606 196 3332 1270 290 4687 7495 492 4618 6181 1139 1276 9106 5936 4740 1978 9857 1964 2629 5721 2386 8925 6840 5422 6699 8393 2365 8090 7472 54 1498 5067 2114 2875 6925 3560 6047 7724 67 3921 9441 4484 2759 9937 6098 2604 5680 5521 2058 3984 1939 2588 8856 5526 6069 3357 1311 7162 1547 344 3975 8729 5718 7985 3297 3214 4679 9083 5498 1620 864 825 3563 448 3345 3693 4664 7057 7379 3504 7156 2738 9102 6730 7243 479 2195 1807 8776 1392 6094 3398 8183 4022 4403 3827 8086 8266 2557 10006 7412 1957 9022 2596 7268 520 9067 8674 1625 4875 198 2935 5022 6043 8518 2570 2422 1779 4327 8906 5608 9806 7084 7023 4121 9769 9425 7660 2764 3941 5471 1976 247 8219 6883 1890 7311 6995 9679 7276 8939 4061 1665 6942 5189 7918 1586 7613 7090 5832 5370 7014 904 2892 8554 5431 9916 5263 3236 312 320 8739 3733 6731 2041 2355 68 8726 1310 2357 9678 2471 7063 6188 4753 4401 4224 4334 2513 8733 4924 5482 4796 869 4836 2936 9827 7919 6391 9489 4963 2744 7911 7979 4488 1965 7434 7597 259 5837 9381 6387 276 7466 1245 249 7822 628 7643 1135 2070 1602 4437 7085 1821 5997 7642 6337 194 3729 7525 4544 856 2413 8569 7457 8035 3379 6951 8406 4788 2457 9842 9945 4510 7605 8678 831 2372 1697 590 5179 9903 2840 8869 7949 436 5727 1195 167 4085 6908 1931 4176 3855 2528 752 3043 3598 8511 8963 9304 6661 5929 1126 8860 4732 3566 4856 8973 7319 5407 4673 267 4249 4375 9385 5593 7780 8965 8907 406 1675 4957 3935 6662 727 3002 6733 1644 6107 5821 2550 6392 4287 6839 617 4823 513 5453 5549 6507 6477 2425 6187 9955 2525 6351 7422 9979 7768 1340 6409 5916 8710 4486 2362 3682 1844 6435 755 7451 9226 2130 9706 6920 9556
8927 4441 4289 4440 9491 2564 1611 5652 9077 4687 5493 5614 6613 3448 6263 2874 118 6806 162 8079 2650 4554 6876 6281 9308 3865 8548 4620 3782 6 9024 197 6135 8268 158 8873 5153 3055 9221 6124 5448 9543 2249 9100 5125 8613 6728 5638 1849 8444 5250 8818 1060 9952 6122 5845 5791 6503 5269 43 6683 9567 7492 4089 4112 4550 7670 8784 7809 6210 8391 760 9460 3714 3497 1540 4735 5972 5599 4587 5329 8147 9166 2031 2338 6444 1970 9443 2085 1626 7678 7196 2803 9208 3701 1074 7173 2365 6088 2587 2049 8772 184 3712 3894 7795 8989 2141 517 2657 8168 10001 1399 7706 1638 5296 9694 7300 2173 4172 2647 146 1248 2655 8565 6249 5653 3875 6563 3366 2526 9154 4413 9847 1947 9005 8972 512 8653 8795 622 6832 5008 6820 7390 4322 2893 1350 2422 9784 9449 894 2875 4923 8682 8042 4991 5191 5519 453 5354 8188 6031 8898 5194 9927 6081 8980 8931 3647 1786 5939 7146 2721 5471 9981 5369 207 4150 7014 8909 8014 542 2698 5033 6861 4255 1182 5749 4833 6533 9321 6288 2915 6990 3666 3018 1555 6761 4091 3715 8302 3416 2608 2884 8140 5552 8913 7220 8046 4197 2688 7018 8115 5511 2041 353 5190 714 8584 7481 1269 3490 7933 1610 847 7201 6814 8581 3073 5648 9871 7190 3994 7959 6456 9595 1934 6582 4598 8149 8769 5783 8091 268 7052 1366 9253 9779 5438 1521 3503 349 5984 3217 7085 9826 1112 9637 3604 5318 5327 8544 5414 6285 8514 1362 40 2275 3939 3866 3346 6496 1655 6925 1558 1162 9719 7341 9045 1032 5503 3629 5359 2192 5404 8270 9768 2618 899 6886 4296 8054 2609 7689 9 3425 5825 9761 9011 7781 1761 5898 274 5861 2615 6498 1258 670 7311 4993 4794 9271 6206 9185 3263 7961 6059 3340 7687 406 9680 72 5930 3929 5851 4600 7752 2514 1529 1915 5350 8982 8534 7399 7539 9770 2221 4651 2632 8127 3129 4539 4850 8162 1185 150 454 152 57 3904 5810 7735 885 9665 8053 7811 5813 2136 6513 3284 8796 5427 8708 2881 3732 9931 5287 6477 423 1302 1943 9799 1468 9020 991 8638 6769 2503 8716 1293 8733 2922 597 6791 8143 9960 4534 839 8789 1813 5583 7763 5334 2151 8539 1403 6912 9142 6795
6746 690 1966 8862 958 8810 1273 1321 1800 1785 9766 1640 3524 9816 1722 7261 3536 7434 4220 1751 6508 7905 5793 4731 5391 4472 1764 8931 2272 8163 4615 8403 7010 8328 6887 7726 6300 9165 5858 6839 7247 6315 1184 3977 4955 955 4402 5652 7702 1057 4169 6871 895 6305 3169 5231 6211 1814 9013 6009 1883 320 5362 5225 7402 565 1761 4523 6651 4537 3872 780 4115 7583 9668 1079 9809 8115 4136 8418 9036 6447 5003 1434 4387 3626 9583 2941 454 8784 6434 2580 7067 2017 3742 6571 403 3897 821 980 4443 2517 4562 3913 7652 975 432 3144 5190 9346 4954 6157 2526 7779 783 8523 3204 3287 1822 7425 1003 4881 5637 5676 2938 6053 3156 2808 1837 9451 9129 2997 9352 3763 7406 9778 9265 6022 4306 4694 7732 5109 407 3103 8325 2479 2098 2674 8422 8242 3944 6502 9096 4544 7486 3905 9240 5981 7441 7834 4876 1626 6303 3566 1479 458 7990 3931 4079 4722 2174 7602 893 6702 9424 9485 2380 6739 7083 8848 3737 2560 1030 4525 6254 8289 9625 4611 9197 9513 6829 9232 7569 2440 4836 9566 1312 8590 4915 8895 9418 669 1131 9494 5597 3609 7954 1070 6592 1238 3265 6189 6181 7769 2768 9777 4460 4146 6433 7782 5191 4144 6830 4030 9445 313 1748 2100 2277 2167 3988 7775 1577 1019 1705 5632 1665 3565 6681 8589 110 7019 1538 3757 8597 8529 2013 4536 9074 8911 6242 664 7127 114 6225 9042 5256 6252 8686 5873 8865 5366 4431 4899 2064 9423 4680 504 8866 164 6307 2772 8983 1957 5645 4088 7939 9051 8473 3122 9557 8102 1713 4044 6666 6563 1991 8903 7830 5670 4129 4804 5911 1322 6605 3661 7639 8559 6065 774 5306 6334 2416 9600 4570 2325 2646 3973 5749 3458 2903 7997 7545 7204 9847 572 5375 7648 1769 2935 1645 7535 9189 1094 1828 6234 2252 2126 7123 908 8728 7543 7601 6095 4826 1544 2566 9846 5774 3499 9775 4857 394 680 3951 109 2214 9669 5884 1678 5988 1048 952 10001 24 4076 314 6553 3976 150 9086 6529 8740 5161 92 585 7798 2015 4139 2819 4657 66 5746 9057 7282 4371 6802 9588 6952 9834 8156 1001 5278 1885 9930 9114 971 1226 5647 3691 1684 4797 2297 8204 1480 5263 9866 1804 991 7263
2114 3997 5484 5521 3180 2543 3900 9728 3675 9359 1869 7598 6186 6272 9215 432 7643 2257 629 3563 1570 1904 5654 1797 1876 1205 9311 1390 7613 8212 4391 7331 4147 5730 6725 4354 9672 4784 4373 897 400 3988 2267 8651 2309 314 1045 1043 1440 7695 1942 8118 3036 1106 3945 5799 8039 3707 3007 1859 9583 7440 7528 67 5043 8000 6445 9899 4756 9931 8411 9921 389 1168 1645 2027 6256 2384 437 1647 1630 1 8137 4268 6729 3560 7169 6283 2028 1054 4260 8317 8566 4171 966 1714 3341 5609 5726 7519 6857 8173 7129 4216 7044 6078 7696 6747 9994 909 8025 6486 6764 1616 2780 1887 4025 9933 8014 3666 6142 4999 6727 3957 3417 530 8204 5979 2330 1149 413 6411 6641 1014 2193 3326 3583 7607 9403 3142 79 2661 491 935 2864 5227 1497 1384 8804 6963 7146 5845 8915 9947 5235 9916 6385 1795 2273 7460 3558 7566 2531 6282 7230 9185 6387 1398 6025 3206 7389 2641 4461 3443 5376 6945 712 2098 7173 5489 9532 2553 1915 8474 2419 8500 7265 7241 1998 7009 8022 2078 1136 7997 2037 4271 1130 9188 788 7026 9651 3949 5005 5536 5206 662 2016 3436 1762 3820 5594 3700 9400 8741 4458 9042 9755 3319 9976 4482 4278 4744 2306 5913 5424 7424 697 72 9054 7373 5817 4466 7454 4749 6317 5286 4796 1991 3395 4897 6960 2738 217 5289 9204 7619 7021 5640 4576 5633 962 2508 5844 4110 8071 7362 2997 3844 830 8696 8387 4678 5400 2181 5708 1085 3110 6431 2671 8513 9688 1608 4368 6893 1027 4616 7700 5953 7491 2408 5680 6643 617 5945 9079 7414 2682 1326 303 8232 421 4823 1635 4012 7510 3640 1296 6258 1987 4189 7400 5461 5083 60 1429 4875 1320 1494 6983 3176 3337 6403 8229 6020 9202 8016 3269 9894 745 551 9039 5347 7698 6350 3739 6662 1849 1561 8694 8784 926 9654 8357 626 9162 5949 8285 4911 4181 8988 460 2085 4750 1115 7162 2669 8910 5936 5862 537 1811 9104 7455 9554 8193 3159 1708 4532 4360 8481 6033 1618 2383 5639 9778 3757 3089 5596 3303 3145 4487 8289 4117 1678 480 8122 2242 8610 5444 3454 8196 7567 7336 8158 5103 6097 8928 2363 9609 2279 6269 4807 4811 4017 1514 3013 668 825 4685 9014
4541 3904 5261 1082 5036 713 3230 8959 7547 7633 569 1793 9004 3618 1990 4924 2931 3265 7015 3158 3237 2566 665 2751 8974 9573 5752 8692 5508 7091 8086 5715 1026 6145 5734 2258 1761 5349 3628 5 3670 1675 2406 2404 2801 9056 3303 9479 4397 2467 5306 7160 9400 5068 4368 3220 937 8801 8889 1428 6404 9361 7806 1253 6117 1285 9772 1275 1750 2529 3006 3388 7617 3745 1798 3008 2991 1362 9498 5629 8090 4921 8530 7644 3389 2415 5621 9678 9927 5532 2327 3075 4702 6970 7087 8880 8218 9534 8490 5577 8405 7439 9057 8108 1348 2270 9386 7847 8125 2977 4141 3248 5386 1287 9375 5027 7503 6360 8088 5318 4778 1891 9565 7340 3691 2510 1774 7772 8002 2375 3554 4687 4944 8968 757 4503 1440 4022 1852 2296 4225 6588 2858 2745 158 8324 8507 7206 269 1301 6596 1270 7746 3156 3634 8821 4919 8927 3892 7643 8591 539 7748 2759 7386 4567 8750 4002 5822 4804 6737 8306 2073 3459 8534 6850 886 3914 3276 9835 3780 9861 8626 8602 3359 8370 9383 3439 2497 9358 3398 5632 2491 542 2149 8387 1005 5310 6366 6897 6567 2023 3377 4797 3123 5181 6955 5061 754 95 5819 396 1109 4680 1330 5843 5639 6105 3667 7274 6785 8785 2058 1433 408 8734 7178 5827 8815 6110 7678 6647 6157 3352 4756 6258 8321 4099 1578 6650 558 8980 8382 7001 5937 6994 2323 3869 7205 5471 9432 8723 4358 5205 2191 50 9748 6039 6761 3542 7069 2446 4471 7792 4032 9874 1042 2969 5729 8254 2388 5977 9061 7314 8852 3769 7041 8004 1978 7306 433 8775 4043 2687 1664 9593 1782 6184 2996 5373 8871 5001 2657 7619 3348 5550 8761 6822 6444 1421 2790 6236 2681 2855 8344 4537 4698 7764 9590 7381 556 9377 4630 1248 2106 1912 393 6708 9059 7711 5100 8023 3210 2922 48 138 2287 1008 9718 1987 516 7310 9646 6272 5542 342 1821 3446 6111 2476 8523 4030 264 7297 7223 1898 3172 458 8816 908 9554 4520 3069 5893 5721 9842 7394 2979 3744 7000 1132 5118 4450 6957 4664 4506 5848 9650 5478 3039 1841 9483 3603 9971 6805 4815 9557 8928 8697 9519 6464 7458 282 3724 963 3640 7630 6168 6172 5378 2875 4374 2029 2186 6046 368 6667 2187 844 2244
2524 926 7912 2157 8730 9903 2220 1228 8007 8317 6824 7978 9070 2455 9619 8559 8822 1648 4693 5684 4107 1921 5541 7475 3842 9492 8751 731 1588 6596 3201 1636 7075 3186 9617 8956 5070 5902 862 602 2177 4760 7395 9715 9517 8792 7603 8455 9452 6684 5747 6612 25 1631 3064 3813 238 4382 2372 1077 2956 5237 7777 3937 5645 6845 8813 8438 7823 4813 1878 9073 6863 5240 2178 9565 9271 7588 6429 1326 8568 2032 8525 5564 7913 6962 599 7776 9139 3769 8972 1894 5897 6858 1229 2805 186 4697 4890 1604 3420 3196 7632 7702 3814 5043 6258 245 7996 5497 6202 1354 3010 4525 9011 9163 9012 3961 881 1834 7800 4375 8765 7959 7838 6839 10004 7189 571 3327 6646 3283 5373 795 8898 6576 7171 4144 9587 4904 8832 9670 3439 4428 3248 7317 5184 3287 4579 8299 390 4231 7328 8004 3909 1196 4352 8327 4839 6724 7814 1596 5008 8202 4634 2385 3500 7330 7607 7661 6949 8183 3402 6769 3885 5960 9363 9340 8902 5782 4668 5643 7242 5061 2685 3992 9738 9955 1905 8717 7480 7853 8865 8123 5305 4286 1414 1107 7008 1475 4009 1360 1819 5774 6256 642 4244 9751 2371 6279 1080 7364 858 1396 4680 3261 9740 9558 5657 4463 1304 2928 788 5284 3451 2046 5746 1807 8156 3758 6152 1272 9280 798 3299 2197 790 4887 7203 7799 9577 6889 79 919 4298 9039 3605 1498 4447 4480 2933 4799 4657 2823 6620 8444 6632 6062 9130 552 2095 1023 3668 4003 2551 570 8529 4770 5410 8461 8261 7933 2992 8098 5264 7421 4554 8258 3525 7371 4472 4521 9805 1659 7513 6306 724 7981 3471 8083 3238 9302 6438 4543 5438 2903 747 8419 6591 9197 2263 7703 8619 6919 4131 7164 530 6462 9786 427 1890 6691 9361 9737 5150 29 837 561 5312 7900 4539 6232 5406 9255 757 6434 5337 7941 1404 3092 8262 2731 4868 5971 2176 9962 5519 1835 2598 6251 6638 4871 372 7804 3581 6262 9458 5493 6996 3857 1511 6870 8854 5303 4683 7669 5361 3177 6400 2079 4199 3673 8014 1924 9949 3096 7468 228 6367 3626 2333 3815 9848 8134 8125 4908 8038 7167 4938 2083 3405 1170 9513 9586 99 6956 1790 6527 1887 2283 3733 6111 4407 2413 7949 9823 8093 1253 8048 5182
6802 7788 2200 641 4889 2249 5925 6750 8103 4718 1168 5353 208 5780 508 6272 2916 8620 7167 381 6464 4832 8560 9070 7905 3993 9986 6205 1205 3012 9578 7137 6336 219 8600 1130 2889 8976 6550 7775 9784 6274 2519 2365 2913 4212 1539 6762 5721 7216 5665 8325 679 7353 3488 5155 9490 4591 1360 7269 148 7683 8032 3801 8070 6265 9309 5495 2042 1983 8691 8084 3486 5552 5738 8845 7536 2187 8225 515 9886 6041 3738 5565 8161 3212 9906 2071 1230 3053 6443 3997 9192 3702 2704 667 9735 990 658 6518 4120 9794 4289 1265 1109 2054 9608 1182 2574 6458 6023 7311 1818 6419 8761 4196 4715 6767 9732 6589 5037 2892 3377 2171 1394 520 3890 5414 3110 132 852 8037 7812 7443 5637 3876 8193 6867 9896 4056 2484 4309 7302 8608 9549 7890 1967 1860 8089 7497 4925 5110 3412 227 7012 6131 5887 4286 6864 5488 8435 8865 3566 9686 5713 8804 664 5327 5369 7039 5775 6504 6899 3544 4046 4469 5563 8558 9467 4153 8247 6155 1123 9282 5851 1425 9377 2004 9526 7452 8854 746 9064 9096 2744 2734 4719 5973 7229 8088 2692 3049 7237 6500 7693 6047 2547 6814 5406 4698 5138 7861 2720 7498 9730 6986 1285 7146 9553 7096 9471 3359 5744 7654 8785 9439 9711 5754 5669 7531 8183 8852 1143 5312 3343 8920 7659 2789 8812 9083 321 8367 2349 6089 4217 5550 6135 5093 1783 8363 3143 8592 2718 7895 5978 1233 7461 2064 7623 9935 1318 5599 1412 6954 7637 7156 7568 5842 8215 2500 1133 7297 4597 169 8518 7400 9169 3264 9591 9560 703 2589 8484 4142 5427 5533 4506 3222 7921 817 9981 2194 1832 3640 5004 4439 1511 2313 3228 6730 2066 7226 3680 7071 9430 6494 8884 4798 5302 5328 167 8915 3648 3416 9440 4509 7630 3542 4443 717 9817 4727 4385 2223 1079 8009 3363 4950 5151 277 7094 9868 9614 9998 3823 3703 7509 2543 7608 7909 3199 7483 7704 8867 3169 3431 1459 2628 5746 7257 2530 5185 3535 829 7599 4692 6329 6612 5475 6012 4491 1196 9802 2701 6266 4107 7371 9922 8902 1225 9049 7070 4625 4618 1004 7886 2761 4363 6590 9842 4768 1250 9090 3935 1485 7474 4487 1990 2298 1202 8611 3950 3511 5593 2603 5705 385 5670 2329 52
3692 8872 1356 2239 2086 7439 607 5814 7949 9449 1902 3935 5668 6909 5742 2227 4468 4941 6117 2842 7478 7876 8929 5052 9101 931 1542 5346 777 2090 6645 8111 7313 5604 9606 5762 8264 1960 2429 4399 3627 6764 9507 396 2666 2386 7931 3015 8162 2193 1210 1199 8386 7764 1140 5087 7157 6549 7153 7343 9656 5844 1994 5687 8141 1358 1842 5838 3185 4438 889 9879 6610 48 1695 10000 7609 6890 4510 6611 4853 3571 7873 4521 9431 5475 188 3926 2451 32 4871 10005 1613 6263 3882 1178 7551 8396 5779 9893 3831 6298 1938 6796 3155 386 4651 3640 9187 3874 2766 2550 5398 462 9579 6118 7647 9354 5749 5841 7593 59 4515 615 4226 2943 2440 7219 4249 3381 5560 8333 3274 1782 7741 702 1967 6043 7524 8752 5162 7280 7151 7740 5904 91 8170 605 6211 4197 3696 8078 8860 3738 9748 7596 4467 136 4241 4969 559 5335 7964 1468 21 2051 9383 4996 203 5952 570 8155 8586 8092 6081 9988 9991 4392 13 3639 4382 1998 4893 5638 2857 9504 5995 7045 8767 7188 5399 5267 1448 3991 4559 1888 6714 9425 6666 8946 6681 965 4800 9088 8515 7175 2976 893 9085 4107 1547 9357 150 1462 1212 802 2131 3510 4971 162 9087 3710 5299 5103 3981 6544 3142 7970 277 1270 9303 862 228 5993 7442 5015 1435 1568 185 9525 6830 6413 4128 2382 8725 5518 6663 4538 1053 7346 4057 1465 5620 6430 5757 4253 2587 3057 9832 929 1939 1594 5031 8266 1563 6181 145 7458 1839 1430 7564 812 146 2256 3715 9310 4476 3353 1111 5840 2788 8190 6642 3703 1685 1978 8863 8146 5369 1215 5210 7759 7136 5714 7785 1975 4455 2518 1743 472 7594 4864 6391 8495 1138 5484 3405 796 3322 2261 7726 8683 3848 7927 3809 658 694 3555 1042 4526 3435 4848 9567 8500 5149 4857 2777 5370 6020 7086 5632 4048 8255 8750 5559 3528 1398 3909 822 8168 1002 2459 8451 9872 2996 6930 6577 1595 9836 135 9443 3093 2686 8423 5423 503 6444 2978 496 2830 9860 5378 4432 2080 8630 9365 8569 6463 4210 6119 2445 1223 3622 2753 127 1024 8099 9695 3106 5109 2790 7793 387 9456 5516 7060 786 5307 3515 8982 9542 8459 8284 7997 9928 1887 1909 7549 8793 2027
8264 7967 1876 5096 6374 2866 8721 2312 8613 3736 6145 3291 9418 9059 5268 2253 5314 3129 1547 5357 9604 2159 3959 6911 1345 5426 911 1512 7301 3986 6555 1962 8039 7598 70 3335 684 1540 1743 6479 7041 5561 9138 4597 352 7400 9352 2146 1536 2537 8982 5542 7906 8981 737 6030 1101 3825 3489 136 241 4416 1256 8082 4066 682 1937 7998 726 3210 479 7208 7436 2206 9640 5020 1446 388 254 6839 5630 445 3950 3694 4475 4555 8689 8664 8623 1751 4891 2035 8559 4448 4911 8072 6051 1936 3193 8857 5337 3567 4667 6471 8629 560 6140 9287 38 9687 694 9562 489 5223 6182 950 8781 409 1089 6207 991 5646 7276 3945 9690 5102 5183 4115 5966 3798 3845 9526 7635 7736 2698 2041 7368 5697 2156 9558 1283 7726 4683 3295 8624 6556 6767 9915 5471 6989 5876 1649 5124 816 5359 9207 5911 9712 735 6427 7356 8079 9665 5061 8318 7255 3110 315 9741 9989 789 5715 8590 3298 3025 2177 386 651 3087 9884 6621 8875 1764 7314 6409 922 4332 7923 603 2608 9899 8647 6994 9887 1022 4496 5390 8057 4025 3817 5077 5142 7250 9106 942 362 5415 8098 890 677 7933 8625 1354 8643 7788 2383 9530 6841 5233 4197 9703 7525 9557 6485 5850 6810 6383 6083 5591 3183 835 6591 4823 5526 1075 8986 4748 5403 473 8399 6187 4961 8154 9788 5663 8905 5816 3552 2641 8352 506 6852 8053 4819 6320 3578 7487 7093 5246 6620 4070 9895 9441 9497 8388 3367 4339 1530 3728 7733 8297 6420 3742 4954 4540 6663 538 500 8043 6804 7574 4834 8346 1697 5603 801 3333 1081 7795 5997 2648 1959 3631 1970 6451 2592 3068 8652 998 9260 394 9070 8088 2875 1931 9189 9484 5965 9000 1969 1646 716 5195 1733 8464 8295 6817 9997 9208 709 1581 8615 3339 9897 9044 3242 4134 7198 9421 3460 889 5879 6057 745 4442 6102 6823 8806 450 7961 3067 3847 9129 1380 3482 6529 7123 9298 2858 302 7318 5615 8426 5831 5578 760 6468 4221 4939 2514 8544 2422 6792 9956 2336 3849 8732 5132 9235 353 2198 1221 19 8455 5078 9947 9126 6979 7861 2903 6380 1675 9970 9564 92 8975 1928 4781 3856 2339 8257 4353 8758 9978 7976 5093 1966 7245 5095 1569
8435 2122 9381 4474 2831 3739 3627 5845 5880 3936 9554 5158 7155 6027 9781 5130 2706 3534 9295 1531 1607 6535 9013 7473 2946 5929 9220 1408 1005 5948 445 7031 620 7318 8696 5352 8674 9719 7430 6478 5317 611 4101 1819 4481 6445 6864 8752 4243 3653 684 4621 8676 9322 1175 2224 9148 5693 6031 8987 2627 4205 1189 9452 5391 5936 2827 4533 6130 4346 8225 3779 5694 829 856 500 1117 3730 410 8975 5009 1707 6699 6480 4920 4363 9854 5650 9563 8375 4025 6898 2003 7985 1384 5769 952 1458 1087 9685 4172 2736 7586 5533 7770 9037 2709 7942 4916 5157 2350 4151 1901 8218 165 2569 5711 2458 2727 4369 8663 6899 6808 9861 9264 2681 3493 2423 4671 8758 3052 4902 7936 6107 3908 5105 2665 6669 2428 8682 8131 2424 9476 627 925 1814 470 7072 7492 4178 1545 8835 2778 9256 4269 8499 9432 9361 8444 5339 6251 5345 5060 6594 2305 8080 7544 3863 9034 8308 2314 1290 4414 4734 1256 1156 992 3525 6078 4661 736 4306 6158 8795 711 4265 9293 1928 7862 782 5182 2391 1016 8768 1067 3648 6680 5248 9304 4748 8484 7406 1235 321 1624 8164 877 1335 485 9098 5611 2294 5260 6922 7246 2974 371 1706 1894 4604 7047 7451 7313 4685 5979 9302 5145 4732 1653 7411 5246 9701 996 2731 3575 6160 8398 4463 11 3117 7010 9792 7950 3328 151 5348 9468 2215 5931 8823 5160 6758 9779 5527 8961 7788 5464 6456 9684 9374 860 9713 8621 5229 8072 9132 8869 6036 2991 2000 3577 5763 2143 209 3842 8199 8940 6953 6096 1088 4483 6048 609 4498 8074 8735 2614 1782 6822 7082 5507 2924 289 7976 8174 8899 81 9236 8239 1000 1937 1072 7659 6053 4620 3871 7446 3302 5312 6607 4728 2447 9914 3747 2039 839 8878 9253 9868 2871 5806 8618 821 2444 5506 8126 8420 96 1255 6358 9123 5652 9166 2120 9778 722 7085 9915 8552 3915 8719 5790 1787 826 6455 4879 7498 2987 2794 6080 4264 4488 52 9989 3870 2641 1426 7439 9695 2187 1482 6330 4674 3159 8680 8528 8679 3723 6803 5850 9891 3309 8926 9732 9853 845 7687 495 7113 4357 1038 4401 2311 6889 8793 1108 513 3540 8104 2780 8859 8021 4245 3256 4436 367 2500 4397 3105 9392
30 32 9642 3387 9140 2964 8046 9976 7137 5283 3043 7375 8075 9223 1499 3642 3554 1008 6039 3082 4637 1183 6326 1151 2671 1161 686 9914 9437 9055 4826 8698 638 9435 9452 1074 2945 6814 4353 7522 3913 4799 9054 21 6822 2765 2516 6911 109 9368 7741 5473 5356 3563 4225 2909 3953 6866 4038 5004 3386 4335 1088 166 3057 4596 4318 9466 8302 9195 7057 1149 3068 7416 4940 6083 4355 7125 7665 545 2878 5103 8752 9933 662 4671 4441 61 8889 7756 7499 3475 1679 7940 996 8421 584 140 8218 5855 9585 9698 2278 4119 3936 5237 2167 1135 5847 1166 4697 9287 8809 3622 7524 3516 8551 4800 3852 1897 4695 9684 5057 7876 3693 8441 6621 7639 5706 4137 363 8984 3909 5593 1550 8529 9167 2608 8663 2582 3817 3841 9084 4073 3060 9004 9946 3085 9045 6811 9952 1894 287 4056 1431 7133 6077 5546 5876 413 9066 7646 9320 7262 5488 7382 1682 2341 6624 2040 1327 7763 1106 6600 6804 6338 8776 5169 5658 3658 378 1003 2028 3709 5265 6616 3628 6333 4765 5796 6286 9091 7687 6185 4122 8344 858 5793 1878 3463 4061 5442 6506 5449 113 8574 5238 6972 3011 3720 8085 7238 245 2386 2695 6404 5682 8901 5374 9997 7972 4651 8411 2569 1394 9474 6714 4189 48 6466 3382 5129 3591 8674 5402 4439 458 5137 2003 3668 8400 9756 772 2850 654 6259 9447 7070 3572 7442 9786 4824 9095 6893 3682 5621 5999 1015 9653 6207 9762 9588 4099 7906 7745 4679 2853 5062 1880 3066 7813 1188 330 524 2043 5735 3384 4732 7343 4420 9233 9521 2388 2298 149 1428 2725 449 1920 5133 2797 6171 6901 2094 615 8997 6332 9967 3920 8413 2172 5146 5220 538 9271 1978 3627 1528 2889 7923 9374 6550 6722 2601 5049 9464 8699 5443 1304 7325 7993 5486 7779 7937 6595 2793 6965 9404 595 2960 8840 2472 5638 7628 2886 3515 3746 2924 5979 4985 2154 8719 1473 8803 4813 6275 6271 7065 9568 8069 407 250 6397 2068 5776 249 1592 192 7903 3337 9058 9234 4319 4264 171 7068 3969 3690 4033 993 4013 4963 6521 7475 8239 6690 8953 5059 7479 7445 4187 445 2714 7636 1298 8516 6744 8241 6293 2698 805 1303 2520 6117 7613 860 5396 5630 9216 7892
8718 466 7347 7424 7150 1497 7837 222 5746 10002 5774 4444 8267 4930 1859 6029 8865 6311 2923 4972 3529 4765 9594 6706 9575 5474 3952 5859 2582 7615 4261 9568 1860 827 734 4184 9842 7513 4494 8349 8667 5586 1734 5824 4526 1997 8657 7571 2988 7080 5385 6608 9014 1752 2251 8273 3739 3108 3274 344 1543 8713 6462 7974 8052 2576 8806 3012 2316 374 5595 4951 2694 5397 4226 1505 6249 5223 8744 5312 6088 2157 6918 7521 2906 3343 1658 896 2048 3537 3177 4588 9704 4885 5788 1665 4510 5173 8662 1575 2361 6452 9959 9306 3832 9665 7623 2673 4562 4858 6144 1048 1897 8493 97 5541 5663 1460 171 859 4389 4174 1820 8767 5750 9208 3271 5943 5922 5087 5719 351 5157 1831 1580 6372 5825 9331 3873 6530 4483 5529 8045 8969 5681 7894 3918 2601 8847 9884 9183 3230 9078 9062 2231 2236 6247 5620 4992 9566 2257 7082 4988 353 4760 5583 7333 196 900 1254 1034 4676 2243 9861 8745 110 7964 30 3830 55 3871 6927 731 9783 4214 3887 3751 726 5772 4841 4515 9184 8035 947 6935 9150 4777 7212 9204 4065 8446 4423 7432 5562 6498 828 5539 6060 7715 4425 7035 9314 2244 4659 614 7990 4876 2571 4795 3639 2944 5807 2897 126 4788 25 9826 682 4499 2353 8040 4958 6308 8522 9351 9910 4022 1971 3811 8830 8255 7312 9368 1532 5893 5840 1350 1992 4646 8198 3616 2506 2687 1783 1101 6387 7851 7450 1989 238 2570 9997 1763 5071 8895 356 9168 1204 952 939 8523 4149 1779 1895 8890 6352 9795 1832 6385 8248 3698 6243 6414 7495 8067 4602 6925 1128 6031 8468 56 8676 8803 8611 6695 6755 4852 7335 9806 4652 7007 4865 9758 4173 7022 6891 7877 2289 730 4978 2338 6014 6839 8192 4807 1257 5442 297 5869 597 6361 3005 8709 7256 470 6553 4921 8649 9159 7994 4082 68 6294 1294 3101 9667 7226 6425 308 8689 1219 2978 9065 6639 7864 9873 6363 2608 2454 3002 4301 1628 6851 5810 7305 5754 8414 768 7442 3577 5244 9579 4680 1449 7358 237 7772 8121 3890 8159 6354 9398 5584 2131 2072 8780 8173 3575 5641 5827 8934 7625 2276 8314 604 9975 6130 3827 5654 8250 3301 9995 2160 1319 3142 6532 4086 9281 3791 2793
4788 7692 1647 5743 3254 1974 5879 6279 6935 6810 6605 2266 7959 3686 6285 5744 8059 3850 3752 3191 9476 7775 182 1339 6839 5852 6635 6318 4197 9925 3708 1918 6988 1293 5963 9619 4407 8268 7395 5563 8963 4532 8473 1727 9877 3229 1933 9014 9419 4079 3327 2494 2729 1113 1665 2170 7001 3716 330 1982 4291 1273 9933 2120 6919 9986 6610 6277 7332 3058 852 8442 2877 1756 9124 7598 292 9525 3052 2043 7193 5632 270 3885 1808 8809 5080 9772 9061 5093 2188 3428 7463 2072 6440 10001 8636 4396 5448 6773 8946 2903 6602 7865 2331 60 5542 8128 5164 3105 6533 6551 2978 6725 8467 2918 8628 5984 447 3775 3629 2589 8889 9214 9747 9020 8228 5328 572 3980 7968 6903 3155 6615 281 6705 2430 5426 1133 7702 9669 4489 1998 1115 1268 5922 2747 7547 5412 3912 1452 9426 7693 6452 7619 1127 8893 8420 7244 512 5883 5485 4432 8309 4260 2423 1812 8015 2577 1264 6716 5250 6048 7757 3755 7599 5097 1394 925 8962 9734 6597 3854 2958 688 968 5430 339 5199 1161 2144 2155 4975 5597 2214 8274 6204 6812 6208 6018 3705 7517 1360 7674 5220 1996 1512 7523 169 8923 2465 3482 6751 3306 1659 3361 5752 6471 8851 6750 8508 9790 5488 8840 3930 7886 3166 9435 903 3322 8490 3356 1741 7098 9479 2176 5810 4965 7582 3468 9530 7063 1416 6565 199 2968 8710 9721 4174 9487 588 804 7963 2892 3782 7243 5714 4007 7612 7520 5768 3295 8846 2739 9135 411 914 6142 9112 9980 7801 5028 80 1572 5620 2652 1387 7318 5837 4609 8199 6081 6210 5621 7457 3263 5191 2749 7150 9164 9665 5283 4501 9623 3613 5765 8894 3218 9120 8392 2795 8026 5397 1886 3333 1303 3978 8365 3151 7409 2784 5206 4775 5269 7280 3373 3370 8969 3341 9722 8979 1356 8468 7723 497 3857 7366 6316 4594 6173 7962 8094 1906 9370 8802 1466 6647 3936 6695 4415 6680 2389 8561 4273 4846 6186 378 2461 4276 9254 1807 4004 3204 1892 2142 2552 1223 9851 8390 3192 4274 9651 8062 8258 9380 6817 212 5391 3077 2084 4058 2492 3126 7368 5919 8346 1919 1786 3169 3836 6531 6948 9233 972 4636 7843 6698 8823 2301 6015 9304 1889 7741 6931 7604 9108 767 297 3529 2425
4838 9026 8289 9482 7836 4336 8603 7195 6487 6927 9650 4509 9287 1512 8775 3074 8935 1335 8885 1253 5148 7533 9443 567 1221 1493 7543 7458 9320 9972 634 2932 7101 5132 702 9448 4578 594 865 2110 149 4138 7878 6006 7339 7924 6882 3572 145 4932 374 4507 9684 7767 3022 9250 3853 9412 1717 3107 7388 3201 8743 9426 8945 9357 7631 10004 4289 2922 9086 6386 1958 300 9189 951 5053 1373 1342 2492 4378 266 5931 7216 7322 6295 5011 9710 2606 1763 3983 3621 5429 6793 6228 3300 4102 5017 8519 3855 9015 5469 8860 1212 8283 666 6587 7091 7117 1956 697 5437 5205 1222 6298 9419 5331 6232 2506 1599 6516 6174 4012 2868 9798 5152 6739 6940 2066 8883 1650 1396 1780 5612 5492 9298 4332 9397 9698 4988 9272 9493 649 4958 5220 3248 4417 7535 9046 4319 6974 5324 2618 9388 6481 8118 8401 7264 7801 6280 2985 1584 4490 8055 5896 9160 1704 684 3014 831 8859 6414 6407 2793 9675 4550 6152 8379 1624 6557 3039 872 5724 3274 9263 6276 3779 4087 2991 393 5739 5300 7382 4392 7494 2174 7459 4118 1841 8514 9851 9642 6097 4286 8521 3458 2760 1215 2684 6294 206 7834 4733 4851 1442 2656 1845 7720 7348 1134 3752 4443 2374 7787 9059 6742 1341 7694 2502 2393 9019 4675 6357 2711 5938 823 440 1413 3409 7483 9361 6837 7501 5788 577 9243 239 6287 6599 4709 9615 6453 3669 5908 6778 4202 5181 5986 1302 425 9394 5290 9367 5646 8750 3033 2063 4475 6029 7777 1037 7996 2597 8553 7113 2750 3200 3938 7550 1065 2438 5090 9039 705 3849 199 4220 1608 9733 3044 4883 5097 2646 3830 8974 8604 1993 8363 4800 6562 7050 245 5096 7848 1954 1094 1685 9459 7398 1216 7489 8170 8086 4746 7274 5816 5026 1729 725 9886 7698 1708 9897 511 2330 6514 6571 260 7122 5967 70 4809 9779 3920 1116 7325 696 632 3329 3349 9386 6878 4366 2648 3433 2719 4350 5824 3438 6730 3723 5196 8012 9428 8548 3102 3377 3828 9371 4852 6247 4532 9725 4632 9889 2099 7336 3516 1254 9953 9409 7316 7486 3762 2458 1120 6531 8200 2131 984 3506 3239 1200 658 8175 2090 4119 6646 383 7724 6554 8638 5251 2098 2531 1640 3381 3034 6868 6351
2673 7303 8892 8696 7574 130 6735 1556 3870 4863 2889 4455 3821 9586 1028 8608 5028 5161 3778 3111 416 10006 7721 5975 2311 9111 249 8131 4646 932 7650 5058 9213 16 9350 7846 6180 6650 3418 4522 5532 5187 8624 1852 5156 9774 3738 1044 5432 5023 1150 4405 3739 5849 7308 2896 8069 6946 4704 9433 6381 1776 228 7296 5278 5571 2449 1732 8962 4808 8803 1345 722 9307 1371 5568 8048 6111 5336 4065 1180 8457 9984 2081 4731 9077 6998 4389 6915 5854 1312 2269 7441 1513 7402 4251 4287 7148 4635 8119 7028 8441 3153 2086 8742 8450 6370 8963 9613 672 9225 7641 1841 2336 9152 7121 4991 7502 4415 1754 4595 6052 2037 3458 6589 516 163 5188 3422 3728 3029 6686 6279 2009 9016 4096 30 6571 4089 6423 3446 8971 8025 5673 2216 2951 2155 49 7803 9712 6038 4816 7215 6346 3720 4617 1685 3281 6699 8702 6383 1379 3980 3042 9109 646 4379 8900 7108 2568 3128 2045 1870 1583 3514 5480 5502 1135 2379 5620 7733 3593 4809 3601 3221 8602 6219 3912 6533 1625 5184 4216 6231 1530 9031 6122 8156 4687 7804 4510 7914 2689 4127 8887 4685 8201 758 2161 8865 9052 6957 7524 48 2998 7836 8165 7904 4674 5381 136 5544 2805 1115 6349 8128 238 5311 4024 4315 1590 7128 8605 620 9540 152 2368 2800 7111 6976 8756 5671 2613 9206 6409 6225 2721 7782 8877 6670 9455 2014 3020 3469 9409 1138 6787 1241 1352 4336 2425 6496 3966 5821 2859 403 7583 3347 3605 2427 6099 7718 1567 6690 5485 9513 508 1751 187 424 8418 2715 8973 7628 9425 7969 6782 7237 1979 4964 7858 3798 9148 7915 7494 6003 6760 1597 735 1723 5745 7938 7932 9123 7874 622 9143 3904 8121 6631 2186 8906 5917 3817 373 3531 7109 7373 5004 9925 8789 4124 4479 9064 4575 15 4545 5970 8307 9738 877 3557 1948 6114 9744 9693 4806 9200 7600 4976 5476 6296 3638 880 7965 7576 9740 480 7309 7701 9945 4819 1616 1967 7346 5360 9308 6176 7444 5921 3023 7877 5030 4764 7530 8864 4247 5081 9651 3136 457 6871 4581 8831 5794 3215 9793 4970 6667 5047 6393 9401 2726 1786 8250 6042 4022 4712 7845 1375 4774 5545 7610 2991 4222 5040 2779 6276 7608 3388 470
1351 4855 9801 8706 906 8128 5562 4556 4107 8174 6438 789 6335 6224 3240 5151 1080 3610 1755 4717 7173 10000 4229 3971 5149 1477 9865 6009 886 2091 8070 7068 5825 7389 7152 9165 4861 8610 9955 8158 9614 794 339 5597 2612 9725 3778 8435 9668 82 1573 816 5979 6841 5853 1831 9645 9651 8460 9709 6954 8440 3672 9462 945 5390 8677 1659 3759 7203 4045 467 203 2572 7658 8794 3452 3097 8519 3001 7561 3031 1606 9276 7845 6699 4019 5628 1462 7839 7890 2770 8383 9983 2600 2100 1280 3938 6696 9618 0 7843 7096 267 9882 7638 2757 5960 5609 230 2216 8275 1400 132 1655 4553 9706 2546 2812 46 8719 3329 2495 7932 4440 7119 705 2995 8752 1782 4361 7790 2606 909 2529 1183 8182 4850 5790 9333 1534 3554 2864 9738 6201 2802 2031 9973 4585 3354 2536 4797 1300 9975 4188 7106 8289 8628 6382 1898 1349 5252 6049 2953 7082 3046 3632 7395 5961 407 2106 89 5187 3941 1097 5239 3626 8586 4712 3162 620 4857 9404 2451 6659 1952 637 6486 1268 6320 4198 5121 7035 7372 5523 7294 992 1064 6786 1760 8728 6546 9372 8803 6669 9974 9390 5230 409 1709 3841 933 7772 6179 7169 787 6732 2472 7494 1320 6005 1680 4594 6571 9413 5668 3529 2823 2866 9341 9953 8555 5862 5048 6515 515 682 2557 5632 668 5336 9389 425 8540 3836 6929 8399 6807 2595 8096 1907 4566 2122 6920 5182 9937 1724 5867 9059 5888 9894 5256 5255 450 8581 701 3789 1248 283 6706 7633 8753 6587 6237 5663 9525 3450 3494 4767 7255 3730 7956 9683 2108 9699 8939 9694 4928 314 5556 5747 2858 922 4952 5557 545 4734 8802 1864 8098 1510 8318 7875 744 257 1860 8892 4013 6819 213 587 6404 7538 2593 8493 8162 8820 8298 1838 3252 2769 3578 8107 4727 5188 8746 2973 3112 538 1120 5677 6746 9700 3737 1563 2801 7233 8097 6712 6442 10002 3832 7723 895 5308 4940 7939 8054 237 5830 1393 6525 8537 9435 1301 4773 6064 4979 5201 1162 7347 5482 422 4132 8215 3303 7656 9191 9707 7351 4688 7926 5631 5870 3460 1509 3513 5999 2871 3345 9326 7927 429 7746 1333 8428 6054 6964 6455 2418 8206 86 779 8320 7478 4496 6010 5691 3967 5943
553 8782 1463 8273 7433 4054 9320 4747 6854 3905 3872 5419 3553 3695 5529 1732 9915 1720 2290 9229 7800 6257 7329 4684 4349 5801 7782 9830 3582 2942 9898 91 419 5360 254 3088 931 3798 94 4827 981 3880 3831 8554 6693 839 2046 7628 371 4881 269 5114 9057 1914 3809 2914 5449 7605 9940 1761 9162 6089 649 9740 1433 4221 1188 7822 1890 8573 7925 6462 1661 8998 8622 3202 8323 7515 7791 3040 452 3813 2120 2946 9104 7595 1918 3015 411 6948 5260 90 5621 3484 2381 6176 8397 2833 6517 5754 2101 1714 3481 7980 548 4771 2090 8901 2859 1356 4495 6841 1482 9505 3049 3669 683 2991 5175 1952 6273 4153 4679 338 6428 8410 5256 884 8124 1985 4726 6019 4537 8511 218 227 3444 314 1185 3414 6269 4947 7182 8846 8773 8253 1396 6562 1825 6465 6069 4619 2241 3945 5939 403 8536 259 7099 304 3170 4668 7525 5806 1786 9203 2954 7516 2589 4916 8332 725 4661 3911 2681 6668 798 5181 761 7522 1398 6165 5577 2211 9900 9701 4171 1106 4085 8170 2861 959 8247 2587 5313 4580 4979 830 8836 751 9507 2652 7421 6436 6822 250 3882 3434 2299 2439 4670 7128 9558 7539 3027 8036 9446 9757 3062 6092 5057 5361 5059 4964 8811 710 2635 5792 4565 2953 2711 713 7043 1413 8191 3696 327 3608 7788 8639 4831 187 1377 5330 6209 6850 4699 6375 3920 5898 3538 1669 7410 3616 6200 3633 7829 5504 1691 3043 4860 9441 5746 3689 6720 483 2663 234 7058 3439 6310 1812 4042 1695 2249 2357 933 3401 3846 573 4812 8962 5761 5715 4839 8606 6378 8328 1519 7164 2412 5026 6511 6945 852 4469 1995 2741 4765 3281 7652 5614 9877 9263 1051 9999 5060 9769 680 8590 9554 8333 5530 6537 1784 9600 9209 1763 8765 9841 6402 3564 6515 6151 8356 5968 9657 2898 8625 7610 3944 1134 8534 656 3347 4558 9346 9593 5595 8645 3640 1436 8629 6816 1441 2633 6189 813 7207 8887 5638 5113 4252 38 5936 6002 2908 6640 6356 2688 275 3923 299 9166 5295 8153 1232 9095 4378 5048 2144 8189 4093 6582 7862 3957 3557 2901 3026 3231 7570 1877 6150 3551 4092 1777 5986 6084 6645 360 2061 9654 8497 2997 3984 3201 3518 5639 9918 6128
3084 1857 245 3 8012 4335 8712 5483 988 7626 900 5080 5931 2123 7486 8676 2622 3501 4142 1991 3667 1212 3190 830 8968 4702 908 3492 925 5121 2796 8990 335 2152 6733 3038 981 4012 7782 9962 7533 4350 731 3602 9111 1334 8994 9548 9656 8232 693 1138 7872 2104 6254 3053 3007 2131 5898 3670 5620 8818 4456 9711 2318 3803 4237 8151 1761 9294 33 2057 573 4944 2906 7169 6555 8350 7291 2352 7061 7979 5882 6846 5625 2822 3829 9083 6892 6501 9062 6057 7133 3694 856 3807 3443 5648 3260 6949 190 5917 4902 1236 8433 5826 7955 639 1850 6638 6885 2887 5937 932 8735 5921 4108 8740 9932 3481 8112 4499 6179 2930 2405 1544 7337 3228 3294 200 3932 3648 9987 7574 1215 7598 6458 2587 5445 8531 6387 1670 2340 9443 5481 1385 3874 5154 1249 849 193 318 523 4862 9176 3442 843 1384 9076 3278 3376 3937 7659 9360 6946 5789 289 1276 493 810 2931 7210 3420 5210 140 5835 1165 7516 2721 8867 9740 1565 8172 2596 8662 5401 7258 3899 5195 8121 7716 3049 3801 4634 4399 6015 5463 4958 127 3412 6798 5146 2837 5855 7202 5008 209 7149 518 851 9803 4070 6276 8693 4251 5372 8011 9537 6836 7610 4076 5085 9942 1496 6858 3243 5320 8326 2048 7363 8074 2035 4940 3700 9672 5056 688 7134 8499 2732 1680 355 8189 4225 526 9270 4797 7068 1586 9007 1964 4023 595 577 4150 403 8668 4210 8507 1144 6681 3353 3499 4539 8246 7921 7388 8115 8907 1800 6556 3148 9167 225 3973 513 6847 423 4698 1702 5995 9433 7466 2639 5130 6013 5860 1206 4381 9588 1716 3216 5676 7709 9442 676 9516 6001 8242 8715 9891 6616 1245 1643 2696 8826 2868 4705 5316 9120 4551 5864 412 1878 1080 9378 3373 9536 2031 5734 6203 8173 7401 531 3274 4170 6440 6160 1698 6789 1929 5967 4984 4973 2153 1531 4914 8861 924 316 920 1110 3423 9618 5768 9461 1908 5132 5616 9612 6959 8212 4663 3646 377 3822 5469 3767 1376 657 8284 378 8627 7345 1640 8295 3198 9249 3962 7700 6225 3806 8645 3772 5387 30 7656 4952 1318 2163 9553 3660 7605 65 5712 563 6929 4160 8425 7414 2954 7648 6540 6324 9172 4236 3346 9892 1414 3121
2568 6503 948 7849 3956 1174 3016 7638 808 5618 1498 8751 5035 2143 5806 4208 1187 5439 2005 3178 5502 4510 1282 1592 99 1253 2345 5737 2894 1834 2097 4930 7975 8966 7389 5203 8823 750 7124 2767 2026 4013 4870 9878 6483 4918 350 6468 2892 2231 8352 9184 4144 3884 5459 8042 670 2990 2792 2067 878 1730 2727 9966 9029 9894 3307 4913 6346 7095 3520 7664 5654 4359 6238 8519 1052 7219 8927 120 2088 1713 1098 8095 5160 2348 138 8522 5460 2840 2546 863 9711 4608 1843 5314 1800 8846 1188 237 3881 1051 2414 7051 2247 5176 9179 133 4511 6087 3468 7979 8172 4886 6702 6478 907 977 7096 8325 9540 3527 1271 8779 9484 4636 6292 7807 2286 2438 2287 7243 4163 5116 1075 7657 2040 1234 1113 114 3279 464 3853 6609 9928 6565 8655 4077 2173 9858 446 7426 2862 8186 2107 2945 6721 7710 6530 592 8466 6569 7861 1574 3672 7513 603 1279 7191 4478 7634 1602 8121 10006 1089 4878 8290 1477 7916 5667 6782 605 882 936 224 1458 6684 44 7167 9242 2638 2615 2177 9064 7950 8925 517 8343 5967 7274 3013 3230 5187 1992 755 1128 2140 1398 8587 7568 4696 4389 283 4757 7291 4642 5101 9056 9538 3924 7526 3026 5653 9561 4362 639 4140 4678 7962 6543 3015 2833 8939 7745 4586 6210 4070 8566 6733 5328 9028 5089 1431 7040 9434 4554 2555 4080 6581 5479 4072 8169 478 1074 2852 164 3361 4201 7580 2314 6887 4780 7729 7762 6215 8081 7939 6105 9902 1719 9914 9344 2405 3834 5377 4305 6950 7285 5833 3852 1804 8052 8692 1736 1536 1208 6274 1373 8546 696 7836 1533 6807 646 7754 7803 3080 4941 788 9588 4006 1256 6753 1358 6520 2577 9720 7825 8720 6185 4029 1694 9873 2472 5545 978 1894 194 7413 439 3812 9744 3061 3709 5172 9973 2636 3012 8432 3311 4119 3843 8594 1175 7821 9514 8688 2530 4039 9716 8619 1216 4686 6374 1537 6013 8150 9253 5458 3237 8801 5117 5880 9533 9920 8153 3654 1079 6863 9544 2733 8775 271 7139 4793 145 2129 8585 7965 944 8643 6459 9682 5361 7481 6955 1289 5206 3224 6378 743 3510 9649 6908 5615 7097 3123 1409 1400 8190 1313 442 8220 5365 6687 4452 2788 2861 3381 231
894 9474 7534 2351 5459 8955 5482 9393 8602 500 7627 8908 9808 1277 8501 5538 8284 3581 1472 4818 1099 3806 1841 6624 2860 9496 3167 3595 8700 1061 1342 602 7394 120 3001 6525 7501 3898 3593 9097 7316 5596 6778 2312 8197 5840 8379 9741 9573 2893 7949 5033 3453 6866 4858 3166 8797 6824 3188 4430 8068 6429 6543 3928 7645 5335 3548 3019 2952 1241 5640 8051 4800 4672 59 99 2166 7157 2133 8704 267 8846 2101 5049 277 6861 847 3793 9425 2250 490 9612 155 1057 2136 3105 5895 2465 2844 2665 3172 7606 8073 433 5916 3300 2212 8033 8373 925 8324 5648 6463 9801 7670 5376 413 9886 5808 4724 9751 7588 1639 6693 4174 8849 6509 670 3903 7604 8470 6688 163 9476 7137 6103 1205 2779 557 1316 5763 8653 5387 3233 501 2425 777 7681 8196 1035 6503 1861 2654 352 6984 1449 4380 7986 2692 2816 8223 679 7120 4474 9341 8917 3018 8154 9372 7767 1132 2259 3707 6482 1026 3286 4991 1783 8130 4129 2771 2145 6322 2765 3336 5073 5520 1850 9841 9737 360 5396 6450 7378 3296 3006 529 6874 3270 8167 1788 2134 3502 2143 6719 9020 7590 1242 438 9927 2673 1584 2600 1064 5750 6230 1013 863 617 9420 8246 1117 233 5588 8366 7318 5199 523 8065 2021 915 302 6902 7719 653 2274 5733 4601 9149 7001 3078 6251 1848 231 5985 4614 1565 1368 5448 6135 4860 2769 2542 2570 7019 9512 9998 3590 4689 1688 1970 6035 4696 5302 5095 1153 3094 3075 1843 6227 6612 5242 6998 8677 623 8229 9495 8369 1719 820 4149 8808 9644 3810 1047 4121 4359 7151 3324 7455 3022 7360 6869 9266 8794 2416 7567 804 7325 8813 3648 3183 419 8695 7057 1969 1230 2820 7429 8183 8619 2129 9498 2770 7347 4446 4892 6424 2532 4555 8273 761 850 8201 5046 5876 1233 7228 3050 1802 9362 9752 2386 3515 4566 1086 1383 7474 4254 2976 6484 629 7038 737 5614 3205 6059 9939 291 4082 7097 4036 6221 7803 3993 9753 7191 5391 2439 8005 3924 8439 7838 2049 5364 2795 7388 1311 1752 9280 6015 8666 7810 7607 2871 2309 3789 212 4753 8998 1950 10005 7204 7814 6813 368 3808 1444 369 8613 3320 8249 5525 5861 9214 9109 4934 8094 1268 5284
7332 9920 6559 8252 7426 1268 2777 8454 7357 9961 3424 5112 275 4751 6888 7991 4196 1975 7539 3855 4618 8271 8658 6891 2392 9824 5601 8282 1471 7513 9016 5877 3531 8890 867 7323 6703 9689 7381 5197 8420 4099 6219 5693 27 3944 1962 5116 9488 2248 8387 5646 4353 5835 1861 147 138 6928 51 9187 6958 4103 5425 3190 1526 1599 2119 8976 3810 8547 3907 4303 5753 8131 6427 4433 9969 1836 106 3273 61 7202 5704 2847 4566 8586 1169 7418 2856 7783 5456 2040 9647 5711 6461 7691 3704 9574 5191 9611 2850 8974 4207 4795 8161 472 671 6201 9266 6287 2202 7511 9413 2125 7785 5059 5792 5393 9542 1536 9621 865 7720 2951 3936 3550 115 6490 6938 8073 7933 5702 3244 814 2833 7345 2336 926 615 7310 4280 5315 5011 5313 5408 1561 9662 7737 4580 5807 7419 7661 9659 3329 8959 2181 6676 38 6764 2584 1733 5541 178 8995 5042 4163 3522 5673 3997 6452 4474 6834 8703 2962 6756 4172 6739 2543 4868 8681 7329 5512 931 4626 6683 3652 9889 7709 131 3314 6933 4062 8560 6330 8677 8123 8015 9439 6971 6526 9799 5560 1410 4611 4657 5533 1766 3994 2044 8853 3208 7960 5346 3861 3427 9520 5903 8377 7631 5607 7091 2720 4758 495 1109 9321 373 5312 603 9692 1782 818 2039 4842 3835 8588 772 1163 8609 1607 531 3970 6808 3857 4221 2016 4404 715 7474 1747 2762 6428 9238 1838 9716 7025 5814 1026 779 4777 1727 6732 8936 1743 3556 8931 7739 4183 9559 3165 1485 4734 5259 6120 327 4436 4370 7464 3732 4016 7684 90 6449 66 1206 5077 2219 9140 1277 5994 5324 8228 2183 6279 3790 2510 6415 6815 7471 7346 7141 2802 8495 4222 6821 6280 8595 4386 4288 3727 5 8311 718 1875 7375 6388 7171 6854 4733 454 4244 2454 7524 1829 6499 148 4943 8804 7931 6099 9499 5068 9009 2263 406 3765 2469 9550 9955 4615 3863 3030 3265 1649 2201 2706 7537 4252 866 2518 4827 1809 462 2656 7455 515 7146 6813 7868 3594 1388 8978 3413 2292 9660 8134 828 54 3588 2579 7729 6168 806 4421 2344 9345 5616 301 9597 5629 2724 3964 7999 2608 6976 530 9172 4932 5984 7309 9482 3439 7138 8401 2867 596 6078 8664 5700 3641
757 4618 3745 1913 5313 882 4823 8084 6227 9586 8290 5364 5769 429 9684 8851 9086 7470 8022 8527 3351 66 6687 8339 641 7630 6283 8477 3269 6336 2960 2627 3682 9415 7209 4792 9234 8113 5474 3948 6649 5875 9409 8400 3543 1982 6627 235 8165 5159 1430 6122 5411 1443 8545 9785 3813 8429 2790 6351 4986 746 1798 3123 5296 9260 2952 4215 8688 6417 1892 4478 1514 9462 2883 2901 9335 3075 4817 9275 4978 2334 6804 125 9986 8946 5239 5564 6097 5370 4578 1678 6929 330 4318 3253 9512 2965 6638 3055 8787 1776 7490 4052 6019 839 8355 7472 7625 2272 9104 3897 1762 262 7809 5776 4043 2802 3969 7484 5243 4770 3594 6869 2233 1835 782 4659 610 8780 8169 4365 8934 7621 3066 1600 2398 4107 105 3949 1447 7751 7282 5312 6084 2947 204 9315 7045 7325 1780 6696 1549 7518 8501 8512 1325 1947 8571 4624 2554 3162 2558 2368 55 3867 7717 4024 1570 8353 7869 3873 6526 5273 8822 9839 3101 9663 8016 9718 2102 2821 5201 3100 4858 6140 1838 5190 280 4236 9523 5785 7260 9679 4840 9713 8098 3448 5829 8533 2160 1315 3932 9825 5880 3413 7773 2915 6556 9325 5060 6071 524 5837 6945 7161 4313 9249 132 3593 2064 357 3962 3870 2118 9652 5196 9096 5485 6768 7271 2492 5462 6330 4151 1378 6437 7929 1970 9009 7744 3668 2187 959 4549 2431 2560 1971 3807 9620 1541 9106 3500 5514 6015 1633 851 5973 9970 2115 5244 9575 5470 4742 9152 4376 1747 8243 9690 7660 328 4715 9508 3759 9141 1556 1125 1619 3630 9730 9727 5319 9698 6072 5329 7713 4818 4073 6854 207 3716 2666 944 2523 4312 4444 8263 5720 5152 7823 2997 286 3045 765 3030 8746 4911 623 1196 2536 6735 8818 626 5604 8164 354 9561 8249 8499 8909 7580 6201 4740 9549 624 6001 4412 4608 5730 3167 6569 1741 9434 8441 408 8849 9483 3718 2269 4696 8276 8143 9526 186 2881 3298 5583 7329 986 4193 3048 5173 8658 2365 5654 8246 4091 3281 3954 5458 7124 6654 9886 8782 7772 8117 4680 1445 8148 3530 9566 2253 7872 8281 2147 8899 9565 7455 5996 401 5235 6358 8600 3871 6923 1521 3069 6008 8026 7733 848 1565 4342 8496 4501 1952 2575 3997 1926 7736
255 6035 9510 5202 9745 3586 290 4091 5121 806 1735 2458 4044 9447 2697 1634 7496 4701 4120 4368 5175 94 2969 7684 7411 6563 4772 5037 7473 4263 1000 3254 6150 1693 788 5308 8718 2302 4989 6994 4278 3026 1373 4266 5408 8882 9776 2436 8411 8203 9463 9528 1629 3485 5328 4748 9801 2477 5276 5063 2312 3004 5740 3022 2167 6769 3909 1220 9619 8583 4082 1904 3936 864 229 1189 762 462 9977 7569 5221 970 9209 9912 5461 3365 9134 9789 4859 2778 566 9347 2533 4167 42 3284 195 7938 7027 2731 4892 1231 2432 9205 699 7964 1866 1472 9632 999 8456 4274 3820 3876 2767 7753 8725 5916 8114 2112 2676 799 8128 9340 8926 1042 4924 4886 2422 1183 1953 9220 2725 6083 9989 5187 7719 5467 2174 376 7034 6345 8017 6356 830 6978 7454 3031 5384 3639 4780 3449 2467 7261 6317 3568 3863 344 3379 6355 6032 5102 9581 6119 2843 2674 1196 4376 3587 5095 5967 2994 7725 4276 3423 7628 8520 1577 3800 7846 5275 258 436 5131 8828 481 1202 3185 4836 2340 7453 8233 3508 5766 7868 908 1502 3677 7244 4688 1697 10001 2805 210 9964 5146 847 8607 9325 6900 2923 6808 1171 4335 6722 8235 3111 9518 3614 4739 6584 5607 4405 2834 9464 4326 3505 1358 2240 7289 759 6061 4349 3943 4478 3354 6314 9167 8242 6725 2636 8739 3137 4357 2355 9479 6352 1624 9481 5955 5376 5227 9786 451 7157 6947 8604 4917 1272 9304 6065 3555 1440 5977 1009 6471 3020 2564 3017 8163 7396 4537 6653 6921 3758 6176 6539 9536 41 8486 8326 58 108 190 3927 7654 3359 318 8540 7614 1292 5334 3557 1043 9729 6762 295 8102 4494 178 6309 5156 8869 7353 8069 6041 8319 6451 6990 5072 5529 9881 6611 5251 5022 5447 6144 2884 9546 8063 7232 7070 9206 5504 9840 9746 8391 2166 1964 2033 3347 2700 6042 3117 8327 4863 1984 8070 839 188 4324 3902 7613 6494 3458 5684 4131 7188 5797 6718 9029 5614 8019 5959 4582 2724 1278 8113 7314 800 2926 1209 6799 7961 7465 5851 6006 256 833 1379 3075 6657 6127 1255 7675 4194 9693 3901 2808 4618 5585 8772 1590 6223 2213 7645 142 3448 7669 5385 8444 6656 1322 9386 9802 7282 7152 2936 9231 5545
3979 7723 5057 3887 5971 2584 9438 9871 8980 714 367 4201 3684 1235 2022 911 6294 3514 4959 3326 2249 883 1845 1021 4473 9734 1150 3884 1563 6963 5812 9128 1357 7826 9629 6982 7044 4744 972 9196 7873 5303 5091 7145 9713 315 4516 6202 1762 2486 8877 6149 7279 3128 1524 9701 2697 2018 1705 8797 2015 7304 3169 8396 6561 5553 5501 5816 8334 8861 9325 7284 7139 897 9073 7271 4716 6530 6703 7387 1704 3992 139 9431 6257 5855 5596 1969 6428 6936 6168 8511 8751 1139 1064 941 339 9759 1191 749 8430 9819 9295 3232 894 4665 1643 1090 5787 9087 4492 959 6773 3499 2933 5207 4133 7175 3758 6560 748 3625 7943 1415 6320 8360 3700 8066 2017 6907 6921 4142 385 628 7431 2977 6480 6621 3650 7984 8287 3180 1209 7183 2170 1554 3746 8942 8257 9135 4971 944 4747 5380 4817 1492 6046 2707 33 451 7541 1156 2693 2812 4208 7298 4360 7147 9316 4067 262 26 6844 4416 6038 4295 5039 7460 2224 842 4980 4161 1617 6251 7046 4347 4724 4942 1697 378 7021 4306 7859 8082 8848 6902 2910 4769 1013 6061 4733 8159 8574 1249 9250 7161 6537 310 505 6829 2390 7919 6179 1324 9373 7763 7124 8878 947 9155 1001 8443 2235 3662 5602 778 7677 4181 7654 3743 4534 2629 5509 4228 3328 1852 4635 7598 4852 9555 1657 8318 2030 9330 1288 6512 269 3640 9969 9541 4436 2068 1787 2527 5742 3009 128 6611 5635 9238 9543 4039 5820 7540 6358 817 4939 7296 4757 3395 3563 236 5187 8103 9683 6270 8278 9970 4339 6312 9948 8706 5068 6707 6593 9208 5491 7801 9588 110 177 1888 7496 5085 8336 8464 3070 3030 963 5979 996 4432 2862 4290 1028 8087 2852 6275 2282 9343 3711 879 2639 3524 2974 2072 993 24 7241 664 285 464 9964 5530 5063 2696 7220 9836 917 5103 4763 2204 4812 7488 6673 3335 5466 7760 2716 3250 7328 8412 3385 5548 1490 6443 8962 4287 6627 2459 9233 5532 4666 6448 2966 3660 5999 7033 1924 350 2572 1813 7373 4483 7749 9903 2628 704 2352 5455 4940 2094 6633 1268 475 2777 6152 1680 8756 5150 437 313 4913 2450 6016 8662 3795 4219 111 4982 3764 5369 1997 870 9429 6654 2103 9850 8145 1346
8846 6683 734 5788 3269 7944 5604 9772 2998 6699 7565 5783 9265 8571 6232 5198 300 1874 9659 411 4858 7748 4482 2328 9603 1520 9879 6776 7291 130 5598 956 1749 9454 6079 544 3475 7081 1787 1911 7318 9781 6215 3569 8436 8012 2113 7249 8467 6862 227 1354 2802 5577 121 2381 4086 878 7225 3224 1866 1240 5417 1860 2431 4168 4615 945 8936 8832 9462 4491 5545 6473 2391 2101 9631 5969 2365 7262 883 1229 2597 1238 5814 8115 6685 337 9540 9022 1768 679 1695 159 4845 5325 108 9965 9719 8515 7341 212 9335 4683 7461 6413 4294 9625 7160 1116 10 9404 5997 6814 9755 1369 4828 3696 8244 6096 2173 5346 943 9333 5080 3709 660 463 4543 5230 3955 1864 1637 1665 6114 8607 9093 2685 3784 783 1065 5130 3791 4397 4190 248 2189 2170 938 5322 5707 4337 6093 7772 9725 7324 8590 7464 814 9922 3244 7903 8739 2905 142 3216 3454 6246 2419 6550 2117 6455 5964 8361 7889 1511 6662 9906 6420 7908 2743 2278 9521 7790 6152 1064 325 1915 6524 7278 7714 1224 8593 1865 6442 3541 3987 5519 1627 3650 7368 9863 9952 7296 4141 4971 328 6323 2145 897 8457 8847 1481 2610 3661 181 478 6569 3349 2071 5579 9731 6133 9839 4709 2300 5154 9034 9393 3177 6192 3131 5316 6898 3088 8848 6286 4486 1534 7100 3019 7534 6933 1144 4459 1890 6483 406 847 8375 5110 7761 6905 6702 1966 1404 2884 9314 3848 8093 1045 9100 6299 6909 5908 9470 2903 539 9471 7708 2415 7344 4620 4956 8309 8204 4029 7189 363 4379 7763 6508 447 7719 5235 7966 1237 1009 6239 8812 3425 6999 8057 8191 1606 2815 8000 4495 4751 3970 3890 9763 9788 9829 6694 3554 6410 9893 3997 3534 373 2394 6509 5252 9595 3108 4878 3778 1974 9823 7885 2305 9165 8407 8765 7751 8890 7956 3222 2263 7495 9671 8036 7356 2238 7454 2799 1169 4500 8762 3343 3262 4330 2479 4647 4600 8926 810 709 5747 6404 1077 2748 6289 8894 7162 719 3762 5150 9828 1889 1678 8537 2974 1456 2569 6796 3321 7629 3086 9245 2534 8740 7710 2018 1089 366 8787 3384 127 1190 5335 8130 8711 8463 7656 2730 9862 5147 5420 6268 8059 7794 5358 8568 1824 9577 6681 1131 2036
1247 1680 789 2530 2183 6017 5500 3051 3838 2727 8110 5330 6775 5142 4065 2699 3661 2837 6289 1543 2966 5700 3379 8779 7628 937 3173 9642 1438 8798 8860 6560 2788 1005 9689 7119 6907 8961 1522 2131 6332 8018 3578 4302 686 7965 9095 4944 3340 1510 4513 3834 3521 606 3831 9120 4985 205 8377 7369 7317 7632 143 670 1134 9100 8955 2713 882 9087 6532 8346 8519 9203 3520 5808 1955 1240 8073 7671 7412 3785 8244 8752 7984 320 560 2955 2880 2757 2155 1568 3007 2565 239 1628 1104 5048 2710 6481 3459 2906 7603 896 6308 2775 8589 5315 4749 7023 5949 8991 5574 8376 2564 5441 9759 3231 8136 169 5516 9882 3833 8723 8737 5958 2201 2444 9247 4793 8296 8437 5466 9800 96 4996 3025 8999 3986 3370 5562 751 66 944 6787 2760 6563 7196 6633 3308 7862 4523 1849 2267 9357 2972 4509 4628 6024 9114 6176 8963 1125 5883 2078 1842 8660 6232 7854 6111 6855 9276 4040 2658 6796 5977 3433 8067 8862 6163 6540 6758 3513 2194 8837 6122 9675 9898 657 8718 4726 6585 2829 7877 6549 9975 383 3065 1059 8977 8353 2126 2321 8645 4206 9735 7995 3140 1182 9579 8940 687 2763 964 2817 252 4051 5478 7418 2594 9493 5997 9470 5559 6350 4445 7325 6044 5144 3668 6451 9414 6668 1364 3473 127 3846 1139 3104 8328 2085 5456 1778 1350 6252 3884 3603 4343 7558 4825 1944 8427 7451 1047 1352 5855 7636 9356 8174 2633 6755 9112 6573 5211 5379 2052 7003 9919 1492 8086 87 1779 6155 8128 1757 515 6884 8523 8409 1017 7307 9617 1397 1926 1993 3704 9312 6901 145 273 4886 4846 2779 7795 2812 6248 4678 6106 2844 9903 4668 8091 4098 1152 5527 2695 4455 5340 4790 3888 2809 1840 9057 2480 2101 2280 1773 7346 6879 4512 9036 1645 2733 6919 6579 4020 6628 9304 8489 5151 7282 9576 4532 5066 9144 221 5201 7364 3306 8259 771 6103 8443 4275 1042 7348 6482 8264 4782 5476 7815 8849 3740 2166 4388 3629 9189 6299 9565 1712 4444 2520 4168 7271 6756 3910 8449 3084 2291 4593 7968 3496 565 6966 2253 2129 6729 4266 7832 471 5611 6035 1927 6798 5580 7185 3813 2686 1238 8470 3919 1659 9961 3162 6822 816 2174 2800 8630 2180
9059 1158 3411 1502 5176 6398 3999 4868 7494 6597 9529 7933 4515 2512 4831 9835 7234 8172 2105 561 6835 2314 4106 8646 8086 9169 9344 9631 7700 5734 5712 72 8835 5594 3481 7621 6405 7613 7993 2612 4995 7302 4681 9589 6030 6998 4983 9684 2183 5092 3058 6527 3410 6704 3300 8525 7087 2327 6529 3013 449 9053 2349 2162 4257 3690 1159 8216 3378 3049 3310 6540 5833 1071 5670 8409 92 4865 3086 969 5903 7190 6899 9624 4086 2609 587 1674 1055 8846 8414 4103 4238 2458 5543 8601 2008 4805 4989 8493 3432 2337 4544 1759 9200 8194 7745 1805 69 4427 9973 9862 6878 8789 4718 7248 5393 8355 804 3631 7867 7609 8787 5115 3496 9647 4524 5729 1701 699 9463 1020 783 2796 8499 2241 3586 1789 3245 4432 3977 9235 6250 3356 7416 2066 3299 3720 5211 4454 9617 472 9491 5469 3276 3282 2091 3340 585 2071 7310 3093 4583 9028 2308 5297 7397 834 7683 4105 3841 6210 1289 2425 7090 6735 2150 6639 1192 6669 5244 2907 1476 330 7657 9266 5100 1470 1521 6408 2014 3614 6238 5738 4918 7576 327 3249 3638 1474 727 3905 3513 1269 6395 9598 9247 3868 5854 1906 5038 3770 5293 8191 3337 6184 6450 3684 2350 6967 6133 1563 8078 750 4343 6633 2383 5420 7999 1421 6244 4547 6167 4821 1813 8488 9428 2964 5172 7192 6502 3369 9839 6440 5669 3604 8223 6992 6174 8435 4938 3606 7826 737 1920 2259 13 5536 4987 8890 9687 6591 713 6684 7270 1026 9599 4045 5744 3727 8825 7579 4735 8877 7264 2217 8350 6800 4258 8495 3035 6089 290 5590 4275 117 4906 9958 7836 8759 666 1003 9161 925 4630 4702 417 5398 2359 177 3003 2434 300 3605 3021 8868 4047 5347 7479 4571 1403 9817 800 4425 363 6110 1125 4958 9643 5318 8232 202 3044 9306 7167 6461 6504 2972 3584 2186 9500 8686 146 4153 4320 6195 9270 4306 8974 3020 4063 2171 7474 560 2030 438 6233 1727 5545 8204 5760 551 8820 3568 5362 9505 2690 9526 3525 8894 8893 4088 2212 4339 7427 4886 3921 337 1264 2384 218 9875 9301 3156 7088 7132 8405 886 7368 1587 3314 5746 3330 2570 3325 8566 3952 9194 9385 6496 4560 8590 9195 4183 8372 2433 5502 1729 5148 1949
9036 5748 7961 3985 2668 8914 9951 9250 3297 9145 9129 2298 2303 6314 5687 5059 9633 2324 7149 5055 420 4827 5650 7400 263 967 1321 1101 4743 2310 9928 8812 177 8031 97 3897 122 3938 6994 798 9850 4281 3954 3818 793 5839 4908 4582 9251 8102 1014 7002 9217 4844 7279 9271 4132 8513 4490 7499 5629 6565 895 5606 6127 7782 4492 7102 9381 2311 4726 681 8057 4943 2638 4862 3706 3011 5874 2964 193 4855 92 9893 749 4566 2420 8107 5025 6375 8589 9418 9977 4089 2038 3878 8897 8322 7379 9435 1599 5960 5907 1417 2059 4713 8265 3683 2573 2754 1850 1168 6454 7918 7517 2056 305 2637 57 1830 5138 8962 423 9235 1271 1019 1006 8590 4216 1846 1962 8957 6419 9862 1899 6452 8315 3765 6310 6481 7562 8134 4669 6992 1195 6098 8535 123 8743 8870 8678 6762 6822 4919 7402 9873 4719 7074 4932 9825 4240 7089 6958 7944 2356 797 5045 2405 6081 6906 8259 4874 1324 5509 364 5936 664 6428 3072 8776 7323 537 6620 4988 8716 9226 8061 4149 135 6361 1361 3168 9734 7293 6492 375 8756 1286 3045 9132 6706 7931 9940 6430 2675 2521 3069 4368 1695 6918 5877 7372 5821 8481 835 7509 3644 5311 9646 4747 1516 7425 304 7839 8188 3957 8226 6421 9465 5651 2198 2139 8847 8240 3642 5708 5894 9001 7692 2343 8381 671 35 6197 3894 5721 8317 3368 55 2227 1386 3209 6599 4153 9348 3858 2860 823 9891 1146 814 6674 4276 9950 4445 1421 1265 2210 9764 1338 2730 6614 6179 7467 1974 6575 8917 4352 4871 6923 9888 6745 5193 3048 3533 2327 1550 676 4046 5570 3266 288 1008 8193 7968 7599 5793 4032 8349 7023 45 4212 2640 4465 7458 8764 9705 8046 2123 2016 8245 7653 5081 5266 3568 383 7168 6287 6043 4442 7020 5644 8591 9021 3722 9842 5869 8960 820 5483 5525 7195 5931 6660 7055 3700 4202 4625 5719 8714 9623 4309 8403 6311 1279 9438 6007 1581 9533 2160 9682 7608 9010 902 9220 9252 2900 2890 4875 6129 7385 8244 2848 3205 7393 6656 7849 6203 2703 6970 5562 4854 5294 8017 2876 7654 9886 7142 1441 7302 9709 7252 9627 3515 5900 7810 8941 9595 9867 5910 5825 7687 8339 9008 1299 5468 3499 9076 7815 2945
3027 7141 1079 3546 9193 4044 403 7641 1899 888 6435 1122 14 9805 2646 7717 6827 3366 4895 6602 2997 3089 4841 7314 1763 7870 1474 191 9695 4467 1497 629 2808 5581 522 9037 4989 7957 9222 3291 4772 6000 2410 4528 4399 4988 3152 7346 5418 7860 3459 1445 944 5326 6108 986 6996 4844 1715 7391 1489 2217 7814 2583 5212 8723 7276 9306 6631 2244 7458 3200 7825 5403 5834 5340 3329 7236 7239 1640 7268 887 1630 9253 2141 2886 105 6752 3243 4293 6015 4436 2647 2515 8703 1239 1807 9143 3962 6673 3914 6194 3929 8220 2048 6336 5763 4423 224 8148 6333 1355 8802 6605 7405 8717 8467 8057 9386 758 2219 7417 6335 958 2547 2351 1229 3792 390 5218 7532 8525 6551 8117 7483 3241 4690 2263 8690 8823 7440 6773 4078 3661 1376 9637 5973 2766 3911 1786 8308 4594 1305 8720 2868 3678 3005 1501 9842 305 7080 8184 9194 8849 2279 5514 8818 3429 7400 4706 9094 8685 4812 8067 7401 9511 963 6558 1724 601 8366 3088 36 5438 3890 951 8940 9233 6111 5394 2617 8470 2458 5007 4384 2962 5033 9230 1703 9773 8998 7727 4842 2112 3639 5743 8393 2732 653 8051 570 9516 4974 5931 1096 5175 1057 7913 7949 803 8297 1774 683 2096 6815 5748 2397 2105 25 2618 3268 4334 2880 1296 5503 5998 2807 776 8653 1157 8077 5416 8257 9714 5699 7120 244 4178 3825 8850 7084 7390 6691 341 9941 5671 2671 7758 3692 226 7751 78 7108 2626 1680 9335 5878 6613 5817 3711 1458 3367 9700 8478 870 1 7382 8279 5347 6943 354 2357 38 5041 7642 6704 2764 4308 8041 2555 763 6230 6790 5707 5532 5245 7176 9142 9164 4797 6041 9282 1388 7255 8471 7263 6883 2257 9881 7574 188 5287 8846 7878 9893 5192 2686 9784 1811 8349 1459 8172 1569 6351 7789 2542 8347 1856 4420 5823 2520 2707 612 1179 3710 6660 1491 1820 1559 8336 9043 3798 9206 6467 4777 4 1783 3900 8973 7686 7977 5252 783 2260 4282 3195 3814 6030 6462 766 631 2411 9333 6275 2861 64 9887 6383 1437 2532 325 3110 5676 6682 7131 3064 4800 442 4903 5014 7998 6087 151 7628 9483 6521 4065 1238 7009 7267 6089 9761 1373 5229 345 9147 3168 4170 5413 3849
2034 3864 861 1540 1853 4768 1543 6261 389 5169 7004 8012 8064 7749 5231 4704 4240 6281 6426 2661 4492 6294 8849 7035 6862 6178 1854 9573 3419 4134 7308 7710 7969 1589 7137 6629 7397 5054 4814 2419 2494 2617 3219 3806 2367 2809 5135 3746 4270 326 2664 8900 1915 2468 7778 4478 9073 2599 6792 59 625 8358 9432 6390 9807 7005 2810 9940 5622 2143 7245 5205 9865 5499 1541 6658 6644 9423 3173 2930 6134 581 7085 6944 9915 5581 5278 378 2349 6382 1388 2004 9819 4623 5308 4430 8594 2614 8818 8185 8748 2066 7519 851 3525 3107 6024 2402 865 746 9357 6267 9205 6418 4249 9498 3296 3532 6721 9149 7527 9270 8526 6105 1334 2716 8585 9404 1941 7314 6519 9218 8841 8623 1861 3180 6544 9259 5706 5483 4717 6663 648 8796 2545 7504 8832 5406 4991 2309 4315 6404 7028 3248 3053 6736 1168 5646 7386 2234 4192 5802 6441 4687 2611 4410 2557 5122 1323 9903 7963 2780 5888 9384 5911 9822 9031 929 8056 9337 230 1706 8930 5967 8713 4010 1901 5247 1528 4235 2270 7053 3289 9925 3596 4024 9129 1490 1771 1031 7823 549 3430 6954 7930 4327 4022 9526 7745 6025 7207 2741 8626 6269 8808 163 10002 3322 8378 5462 3882 7295 5287 3595 9226 7253 3617 4859 8497 6858 6972 4357 8074 5764 3977 3448 3381 1670 6069 8480 5229 5101 488 528 2595 7586 2562 9133 696 9275 2530 5478 706 7290 1276 4222 9854 2679 919 34 584 1486 2565 3534 6324 2894 3273 3094 3601 8035 8502 862 6345 3729 2641 8462 8802 1354 8753 6077 6892 223 8099 5805 842 308 6237 5153 173 8017 2068 7122 4603 9278 6938 1099 4332 8033 8899 7117 592 9905 7566 6532 1634 3208 986 1745 6192 9082 5816 3662 930 2854 1206 8110 8625 1464 6932 2290 3083 781 7413 1878 4809 8415 3121 3245 8652 1108 7549 4903 9770 9346 3447 8583 9801 8196 1561 2688 4136 6911 1455 3715 5420 2212 8559 4558 3200 2574 6751 3194 3765 5502 5949 2279 263 159 789 5825 6879 7807 3725 3435 958 7303 3699 8596 2217 2563 3931 2572 7148 9449 8019 1671 867 349 3102 2013 3029 1493 6179 6659 1442 1292 1046 9849 8675 1546 662 6017 8795 7747 5628 952 8494 2450 1344 731
8005 2658 8299 4341 9458 9444 2216 5973 5730 8934 3381 9885 9744 2708 8381 8078 3178 5149 9182 4188 4804 2612 7423 8108 7230 1387 5414 1611 978 1541 4866 312 3651 6325 5907 8824 5202 3665 3546 2150 9067 1998 9218 7049 2291 6096 6332 9521 1942 320 2063 1319 8905 4134 5516 1378 2197 4741 107 9319 2011 1634 1416 4661 5980 9344 2052 8506 8283 7517 9463 3448 1589 5345 297 1625 8206 7791 5109 7115 9204 9828 6048 5853 9536 3968 8446 179 5034 6992 8602 9241 7487 5411 7210 5357 7922 4123 2696 756 5580 8688 2177 8711 2615 1824 3729 849 2130 3030 4506 1723 8767 1506 6810 4701 8047 4328 7035 5070 9853 6089 2718 6396 6824 1922 4290 4571 3831 616 3349 6230 9754 723 7127 6822 2319 538 8825 0 5541 1419 9069 1601 2963 2795 6122 1171 8262 6682 88 8087 6395 2019 46 6417 7659 1290 9658 9772 7157 867 8564 6777 6248 6181 4470 8869 1273 8029 7901 3288 3328 5395 379 5362 1926 3496 2068 5330 8278 3506 83 4076 7022 2647 5479 3719 2834 3384 4286 5365 6334 9124 5694 6073 5894 6401 828 1295 3662 9145 6529 5441 1255 1595 4154 1546 8877 9692 3023 892 8605 3642 3108 9037 7953 2973 810 4868 9922 7403 2071 9738 3899 7132 826 1692 9917 3392 2698 359 9332 4434 6008 3786 4545 8992 1875 8616 6462 3730 5654 4006 903 1418 4264 9732 5090 5883 3581 206 4678 7609 1208 5921 6045 1445 3908 342 7703 2563 2139 6247 1376 2594 989 4361 5488 6936 9711 4255 6515 8220 5012 1352 7358 6000 5374 9551 5994 6565 8302 8749 5079 3063 2959 3589 8625 9679 600 6525 6235 3758 96 6499 1389 5017 5363 6731 5372 9948 2242 812 4471 3667 3149 5902 4813 5829 4293 8979 9459 4242 4092 3846 2642 1468 4346 3462 8817 1588 540 8428 3752 1287 5250 4144 3531 124 941 3882 5503 8962 7830 2371 223 6307 9480 5077 3460 9214 7843 4794 4597 8677 9364 8089 5998 5771 5799 241 2734 3220 6819 7918 4917 5199 9264 7925 8531 8324 4382 6323 6304 5072 9456 9841 8471 220 1899 3852 1451 2717 1591 4948 4049 7378 2030 2866 7039 4276 7350 7588 373 6553 677 6251 582 91 2488 2016 5645 789 4033 547 2035 6877 6412 3648
8642 840 8459 2141 5389 1109 94 6435 3625 1018 3147 5838 7049 1830 2077 8086 1129 6131 3927 1113 9307 3932 5124 8680 3304 9698 1371 8129 7604 6743 2529 8427 8493 5399 9131 8847 5179 2766 6414 2790 1650 7786 637 3723 1579 6869 7539 4635 673 6584 9073 346 6448 6048 5392 5517 5722 54 4368 8641 6042 6583 4268 8477 8575 9136 2851 4552 2138 981 5488 6475 5692 6009 8130 2402 8619 402 5339 1027 6364 2708 7920 4059 4932 6764 3364 7795 3854 593 2450 9098 387 3313 2908 8248 9000 9833 9598 1207 655 150 5326 8611 1990 338 8036 1047 2394 200 5408 2341 5717 6050 4995 9269 1468 3885 9450 564 3203 4729 2028 2802 9275 277 5134 6695 2050 8442 512 3518 7247 2555 3266 7234 132 8899 4864 248 5887 2326 3691 7931 6879 5554 3381 9424 5725 4462 9996 2260 6785 4199 7163 9222 5794 5776 9349 5602 3860 9409 3699 6343 1873 8552 8698 9738 3438 3113 2580 3307 4099 6999 1748 8347 4359 5424 9172 5712 2039 5622 9897 6901 1187 4625 2658 7838 322 1205 1052 6405 9580 4780 6915 8415 868 2901 4634 5875 4708 1193 3434 3907 5083 1808 6444 6842 7895 4018 8067 9904 508 4312 9750 1056 5611 7077 6279 4570 8572 4728 7230 926 1395 3365 2593 5730 8473 9369 1632 1352 6897 1981 7128 1159 176 165 7352 6730 106 4053 6123 5515 6119 6309 8622 4810 960 4653 7107 324 808 4804 2151 3404 9862 8845 5576 9021 661 8966 6575 5856 3476 5577 3819 2537 6839 3487 8397 4441 9161 2892 1417 9005 3837 8971 579 5229 2848 144 6517 7362 4745 8859 2797 5264 904 5762 2121 9359 3617 2606 8153 2840 1732 1516 4364 9435 8545 5084 6613 8320 4715 4807 6559 9032 3481 9588 3192 1909 1406 6185 3215 2347 4526 7299 2240 748 6707 9675 933 5009 6490 7718 4128 6246 6117 6706 4870 9064 7136 9578 5177 3163 2662 7044 7826 2704 8714 6562 3433 9109 3207 3935 9532 4301 6930 434 8994 1017 8349 3962 9176 4918 9543 7121 7552 7058 5047 8954 8957 3358 8986 2605 3348 964 3859 4604 1823 8470 4961 6011 7733 6154 4365 4233 414 2957 3525 854 5680 8391 5632 7912 5647 9938 3766 8054 7481 6141 1942 9866 8051 3073 513 8323 9123 428
4076 7509 1531 7338 450 6766 3915 4443 9712 9547 7275 7952 8662 7825 8854 9741 8794 1637 6311 9173 1458 6818 3600 1925 9185 9083 9316 8097 4897 9656 649 2289 6980 1464 5627 4849 9177 664 4315 5099 9587 9342 2936 3638 4389 417 8313 2049 4585 1539 5750 5451 9764 9232 4757 7425 8198 9866 8999 5976 618 3439 8866 7359 1285 6134 9283 9644 3031 9798 2483 8499 5156 3276 6197 1781 7748 9128 5387 2454 9252 787 4917 5686 8148 9784 5262 2249 4913 6480 644 8285 7607 2092 1053 2151 4352 2758 8950 692 8764 7592 66 2934 4035 637 4671 4482 6974 2655 4378 7604 7691 5432 8532 3609 5142 6055 9954 1538 945 3575 1884 2313 2216 6460 4614 786 112 3810 268 2865 2721 1284 1329 7407 1764 6119 7257 1518 4915 6083 4396 4031 1431 7174 2983 9319 2498 518 3275 1392 9912 9875 2209 2846 1489 5668 1714 6037 3520 7798 9210 9124 6181 4957 7753 3132 4760 1826 3819 3485 9742 3592 3513 4184 6085 3999 7783 7184 998 8065 1242 9666 8671 1035 5724 605 1016 4492 4989 1401 3122 6745 3080 5075 4344 4346 3949 7701 3447 7278 2353 4283 1444 9597 7357 1682 2382 3530 5813 7956 7868 5322 346 7396 8951 5497 633 5465 6985 5475 5000 4221 3744 3362 9140 3005 4952 3742 3759 5388 7259 1121 8667 1829 8227 9113 3361 4335 1129 7079 6830 1218 4423 3675 2048 9787 9670 7877 8539 7223 8267 1173 8352 9318 7700 8649 5402 4480 7371 8910 8632 3773 2609 3502 1364 5463 7382 1723 9254 390 8669 1432 1972 4859 7192 9417 3059 4240 4976 8985 8755 4375 3196 2063 1806 7789 5993 2247 5310 2728 4898 4454 2525 162 3892 4005 6592 8433 8250 9551 6481 5449 154 5480 9011 3594 3116 7936 1831 7830 2858 9114 8166 6211 9009 3991 9371 2183 8007 2748 928 1946 13 8451 4677 3291 8223 9907 5864 2836 3474 6922 2970 6896 8131 8155 3391 8387 7374 3311 4253 7399 3352 1118 4259 6208 4601 8370 5745 1440 384 9860 183 4727 3373 1953 3627 1569 9802 1689 5996 6655 931 6354 5641 2070 5420 907 1111 645 3083 9483 9972 7972 4692 5317 6342 8023 9579 923 7942 640 9079 103 593 3398 1994 492 8436 2651 5172 100 6192 7777 8375 9756 813 9763
7648 9945 9309 5464 3161 4988 7584 2635 9329 1494 653 2476 5866 3420 8615 3125 2127 90 9158 413 81 5941 3543 9217 3712 688 532 1477 9031 605 1997 5881 5446 6734 1241 5842 8184 3619 4138 6190 9155 6012 4460 2315 2800 1594 817 9950 3313 4837 2533 9562 275 7460 7235 6866 5060 3299 7616 6290 9319 3479 1907 3732 6725 8031 8972 7313 1390 1283 7512 6920 4348 4533 2835 9657 6435 5554 5310 3709 6287 4911 7858 8288 2989 9109 5136 8227 87 4750 4792 6462 5198 5927 6322 2967 3469 3892 4986 7981 8890 3576 7670 5578 546 8705 5274 848 8800 1427 8949 6875 8277 169 8487 8519 2167 2157 4142 5396 6652 7511 2115 2472 6660 5923 7116 5470 1970 6237 4829 4121 4561 7284 2143 6921 9153 6409 708 6569 8976 6519 8894 2782 5167 7077 8208 8862 9134 5177 5092 6954 7606 8275 566 4735 2766 8343 7082 2212 8235 8506 9751 7790 1772 5512 3640 4973 5558 4516 1206 7786 2566 8015 2141 7318 5401 656 6884 1487 7046 9358 741 5022 835 6377 7060 6579 6991 5265 7638 1923 556 6720 4020 9599 7941 6823 8592 2687 9014 8983 126 2012 7907 3565 4850 4956 3929 2645 7344 240 9404 1617 1255 3063 4427 3862 934 1736 2651 6153 1489 6649 3103 6494 8853 5917 8307 4221 4725 4751 9597 8338 3071 2839 8863 3932 7053 2965 3866 140 9240 4150 3808 1646 502 7432 2786 4373 4574 9707 6517 9291 9037 9421 3246 3126 6932 1966 7031 7332 2622 6906 7127 8290 2592 2854 882 2051 5169 6680 1953 4608 2958 252 7022 4115 5752 6035 4898 5435 3914 619 9225 2124 5689 3530 6794 9345 8325 648 8472 6493 4048 4041 427 7309 2184 3786 6013 9265 4191 673 8513 3358 908 6897 3910 1413 1721 625 8034 3373 2934 5016 2026 5128 9815 5093 1752 9482 6148 7485 7276 3731 1920 6155 1092 394 8856 318 3928 7847 5468 2367 2485 9083 290 9486 5354 4982 8775 1386 2077 8 5421 6693 4376 8982 5328 136 27 6653 2309 3991 345 3572 8464 8081 9054 1043 5117 6995 4471 5135 3422 8218 6877 7880 3921 4233 2343 7249 4087 1303 3542 4412 1836 2815 3620 8943 8066 7028 2924 7001 3280 6384 667 9704 2109 3663 5411 8678 5630 231 6187 4747 384 834
1084 8539 4754 548 4858 9925 9829 8871 8901 2946 9191 5423 2846 9027 7956 5399 7610 4031 8969 9462 6668 885 3009 1689 3527 8943 4616 7927 6152 3241 5672 8458 5822 8704 7026 9878 4148 755 8800 7984 9848 96 4517 2561 554 3667 1167 7074 350 4133 8736 674 9868 6133 2009 49 8843 4452 453 8705 1824 1747 2021 7674 1334 8949 3425 9176 3397 4727 904 4241 7312 3142 306 2860 6248 4199 5642 4406 9584 2465 9603 3697 5219 3312 6589 1556 4910 9610 7311 8344 8437 4987 9336 1658 4677 822 504 3585 7437 3347 4645 7174 514 1600 6183 2091 3786 2563 157 7419 6920 898 5432 6063 5897 8827 7628 458 2709 1197 1119 6595 365 6159 6855 8797 3576 4220 6477 3774 4945 7666 2922 3948 427 3859 3083 7014 2253 1650 6265 5828 7513 8275 7123 5634 5994 4583 9474 4286 3383 7506 4661 3998 509 7596 6810 2719 9219 9872 5339 9513 1548 6498 4609 4313 3027 8123 7274 678 9074 3630 3508 7711 9000 8312 4782 4997 7351 404 3421 9970 5900 3228 3249 4084 3452 8820 4014 7340 7591 2799 3346 9847 5298 2641 4688 3642 1126 202 3490 1277 5253 6570 324 9294 9995 5941 93 109 6940 6935 2924 3551 4179 9612 6914 2089 4183 8818 4411 3588 1838 8975 8271 7917 8137 4495 6928 9317 426 9061 1207 9141 5341 9116 5300 2244 8440 9395 4957 5284 5420 8445 3399 4330 4656 9994 1136 8224 2236 21 4394 1959 9974 5106 725 4748 1739 3609 2673 8343 3632 3111 1456 4746 2136 9864 6927 4512 8557 1181 4295 6600 4376 5532 6227 3364 6274 9045 4383 9146 9352 8489 4672 6818 1131 4213 2863 649 9827 9268 5149 7200 5360 341 916 1859 9810 7639 3278 3331 7821 7179 4525 973 5555 6665 6484 7388 8070 2784 1320 1721 7182 8933 6601 9181 7408 4100 276 8815 3 7967 8219 8232 648 5022 7392 7276 281 2819 9383 7339 2786 923 5473 2928 2757 1676 1104 4569 2246 8043 3140 703 9115 495 368 560 2476 2416 4319 1836 9372 4519 2164 4306 9420 4998 2149 2280 1294 6882 8441 4193 6833 3157 2332 979 4364 7914 3729 8874 3302 8574 2810 6166 462 1915 8701 2618 4250 522 12 1177 5089 9103 2877 7877 6070 9511 1945 2746 8863 482 7952 6193
9112 5374 6849 9268 4429 9302 7687 3037 5418 8122 1749 904 3521 9414 5469 3002 7362 2504 6145 8914 4649 5660 113 5426 6534 6750 3902 8838 9728 3182 1653 9953 3551 3459 1707 9241 4785 8685 5074 6357 6860 2081 5051 5919 3740 967 6026 7518 1559 8598 7333 3257 1776 548 4138 2020 2149 1560 3396 9209 1130 8695 3089 5103 5604 1222 440 5562 9559 1704 4833 9164 5059 4331 8741 3965 1336 7832 9279 7249 9924 4304 9097 3348 8730 1145 714 1208 3219 9319 9316 4908 9287 5661 4918 7302 4407 3662 6443 9803 3305 2255 533 2112 3901 4033 7852 5309 4741 7412 2586 9882 2634 354 2619 8335 4500 212 785 2125 6324 8407 215 5193 7753 9950 9150 7838 8088 8498 7169 5790 4329 9138 213 5590 4001 4197 5319 2756 6158 1330 9023 8030 10004 8438 9072 3307 1858 4285 7865 7732 9115 9782 2470 2887 5172 6918 575 3782 2637 4762 8247 1954 5243 7835 3680 2870 3543 5047 6713 6243 9475 8371 7361 7706 4269 1034 7737 3119 9155 1842 7461 7870 1736 8488 9154 7044 5585 9997 4824 5947 8189 3460 6512 1110 2658 5597 7615 7322 437 1154 3931 8085 4090 1541 2164 3586 1515 7325 4845 6782 7557 8828 1706 4436 2909 805 8162 3816 5895 8504 5978 7039 1574 617 5452 1373 5491 8642 8606 5745 8258 4774 5865 4452 9740 800 4151 4443 6523 3930 3280 2214 3668 5252 1045 550 3741 5772 7902 5391 8478 1132 8298 6841 849 9435 6304 2370 2723 7705 9471 9165 9864 6207 6614 877 3877 8797 2856 6322 8804 6470 9447 3922 4868 7220 670 9942 731 2837 5090 3181 6855 8077 5678 6547 9173 8276 1201 9612 6194 4191 6510 1507 8913 9851 3784 2240 8514 3993 5785 318 9765 841 1016 1303 9379 7413 7391 1751 507 7273 5160 9300 8084 9292 9672 4291 6674 8981 6360 1261 7709 8677 6662 1356 3862 6771 4737 8206 5089 8383 4979 197 8766 4006 8208 4692 2128 725 4028 3841 5936 5369 2838 9895 5057 4728 4989 8219 7512 2750 7349 81 1771 6544 4765 2648 7582 8869 8578 1296 5765 4288 2266 3353 2734 518 86 5782 5917 4137 7222 273 3687 6484 6668 165 5111 4016 6223 3438 872 9873 9424 3484 1748 6106 1645 1534 8557 461 6397 8927 7072 27 2483 5310
3739 7324 1195 1951 1990 9259 2367 9477 9129 8158 5765 5443 9318 5666 77 3720 6092 5579 2336 620 1008 4046 1423 6728 9424 4639 8800 8419 8995 4736 4556 258 2816 5410 858 3800 219 5554 2295 3755 4148 1190 7947 2617 9887 7800 6779 4304 245 393 1036 8495 3916 7214 3016 5738 5799 8701 3053 3397 5162 51 8881 7351 839 2568 4603 5939 925 5511 5827 3143 5546 3883 8761 1150 5880 7633 4904 1229 5209 5732 6990 7452 5808 1911 9930 4268 7391 2906 7559 9586 2503 2495 4083 9089 6091 774 460 2747 4096 1505 458 3144 344 5759 6634 8069 8421 8598 8488 302 4089 7898 7340 8026 1946 7986 9886 2995 4903 6431 3333 7859 71 4911 4843 8334 850 5388 5225 2556 6985 3441 6435 2539 5356 1570 2566 5000 2187 5179 1680 745 1213 8385 5737 994 6825 5180 6485 2621 9093 5297 8278 1959 402 4253 5365 4787 9443 5871 4416 8034 358 2980 2877 8312 5217 4144 1984 443 1118 2225 7643 2919 9982 3953 4873 2379 7095 1620 2648 8737 5914 884 8646 8967 287 2063 9779 9224 4311 3859 3518 6161 6893 1689 3962 8090 9256 7966 3849 5503 7415 8149 2548 8573 8447 3437 7229 5042 3857 3915 2409 1140 7865 8887 6160 2088 9820 6089 1171 6715 7001 265 6430 8535 5983 2198 7999 2302 7369 7273 6315 6345 390 6635 2867 290 6471 5400 2843 5054 1475 6413 6906 4112 8336 453 9140 971 6387 2060 5371 3596 685 3116 5902 3266 6148 4470 7322 1592 8206 6244 5428 7292 7547 1961 5 8005 1111 8618 4518 7801 1577 6180 8125 7312 3577 9460 7500 6287 1896 7904 6149 9275 9198 9472 5118 8785 6393 869 6620 841 2171 8355 1685 4756 586 7757 304 3692 1643 3086 1850 7028 9916 7047 1141 2663 756 4033 9007 2354 7054 4755 5788 5881 2431 6780 9109 2121 8273 7955 1029 4881 791 2089 4618 7965 9051 3627 9542 1230 7 7608 4863 4364 8349 2876 3507 3341 6271 5072 7909 153 8648 8570 4039 7816 3603 4299 6241 1020 1664 3921 1218 2389 5110 366 1392 7878 1303 527 4458 9704 9101 3709 3272 4957 5719 4567 3078 3438 2027 6918 1730 827 4950 2105 1442 7960 5040 4254 163 6663 7316 2783 6957 8999 3942 2053 1757 471 5567 4718 8129 6518
9231 2945 9848 5558 6528 4116 2562 814 7554 595 5994 38 1478 5841 5391 4653 1041 7526 6153 3501 9559 7886 4742 8392 4371 6983 8865 5547 3708 3494 5945 4761 9624 9994 6598 228 3791 2029 1541 8346 3495 743 6637 7497 6906 9139 1193 7375 1102 421 505 3845 1317 2775 3565 6862 7866 8712 893 6883 8701 8080 6261 2077 2020 8331 1469 2624 8521 3782 8819 4671 7475 1266 7895 7959 5262 5242 9212 1713 4225 5943 5158 5872 4241 2767 5153 1861 4868 3395 579 9170 43 5489 5214 4763 9227 3739 2344 4059 8873 3959 8709 6492 1255 5075 7337 8645 9189 1275 1105 4829 6133 7471 2060 391 6460 7607 5085 5352 7391 7933 416 6501 4472 1945 8208 867 2037 9960 3340 6493 6060 6951 5210 5557 1723 2240 4689 3902 5013 9637 2410 965 2598 3675 5041 4079 4903 1451 6197 4774 2040 4361 8968 112 6803 4567 8105 6302 8949 8887 1180 4952 6735 8058 621 833 8786 6218 5609 1408 9729 4162 3438 7054 9782 8652 2796 4400 6230 3227 3906 4219 7134 3909 8627 2755 7535 9370 371 423 108 7597 7070 6606 8647 8792 5027 6858 8660 1208 9401 9228 8544 4220 1932 5785 6500 9674 69 328 3955 9503 8995 9763 7420 7180 4785 4860 4983 5585 6172 4733 5175 7501 6112 6636 2692 5030 1259 4281 4834 137 6844 1432 4965 9158 2425 2991 717 1791 8756 2166 9371 5176 2299 7988 4509 9611 7571 2224 7865 3907 9024 9010 1782 5539 5296 8500 2947 9451 9310 2274 7947 7644 2744 4715 8748 3754 4370 2178 6989 7674 6796 953 4980 1177 544 1107 4432 9885 3217 5891 5473 8390 4768 3231 3112 1716 8633 1564 8784 6615 1857 5662 5898 9087 1508 9893 1629 885 8471 3700 5082 944 1763 4307 9680 8885 1577 1200 982 4227 5546 8910 1618 8072 7849 7083 9029 3014 1155 4911 9870 1191 7772 7357 4675 6681 8770 9394 5614 5419 9102 3534 8012 9752 4600 6558 8168 8807 7053 4977 6776 4923 7488 3689 2262 322 5146 8254 1743 8277 2181 1390 3295 415 1696 2596 4072 1289 8333 1072 6376 4267 7613 3894 6601 4636 9419 5655 2284 5962 6390 1488 3856 4137 3397 182 2915 5796 9320 289 6693 6388 1885 104 8391 9573 5107 985 8635 1167 2529 2361 5688 737 7828 6248
9594 1422 2430 2482 2167 9656 9129 8665 699 844 7086 8917 712 3267 1453 1280 596 6279 3991 7844 8559 1726 2128 2387 6014 1555 1047 1815 9479 9239 6844 6919 7042 7644 8231 6792 7234 9560 8171 8695 4751 7089 3318 6340 6893 2196 8903 3491 7024 1210 4484 5050 2776 3850 808 4225 1423 7235 4358 40 6568 1663 9630 4283 9924 5966 1076 1062 3841 7598 7355 552 5006 1503 1362 4333 10006 9703 4803 6774 800 5813 6429 4237 9048 9733 8855 3012 7039 3236 2603 3166 6491 1937 5276 7950 7532 442 6827 5290 5171 3775 685 3623 836 8674 3916 7721 7957 1139 3567 1945 3688 2944 523 5759 7141 3003 3822 6366 1732 937 3636 3259 3041 6286 7605 962 3677 124 9908 9142 1081 5073 3214 6970 1922 3250 9831 9416 6734 8740 822 1446 7673 7478 1154 5593 64 1804 6659 8617 220 859 9112 7036 8835 6982 9547 5748 4321 2381 7205 306 3802 329 4240 3449 5354 2474 3755 4655 6131 3348 385 3131 8435 6326 9672 5953 8660 6695 1471 7714 4343 8021 8449 3547 5915 6196 5456 2241 4974 7855 1372 2348 8752 8447 3944 2163 443 1625 7166 3044 687 3226 4588 4420 7747 2796 9887 8307 1713 9712 8020 3644 1671 8042 9284 2915 1276 1390 8782 2492 182 8402 7873 7806 6095 487 2898 9654 9526 4913 4953 7020 2004 6987 3551 5121 3693 6955 9903 5131 1708 5701 8647 4272 7104 5344 4459 5009 5911 6990 7959 742 7319 7698 7519 8026 2453 2920 5287 763 8154 7066 2880 3220 5779 3171 495 1310 4648 2517 223 5267 4733 655 9578 4598 2435 6493 1540 9028 3696 1356 5524 8757 2451 3317 1535 5017 4323 1984 950 6059 7633 5411 6170 610 3500 234 8087 5355 7279 5631 2528 3043 5889 1350 6715 7508 5206 1831 6303 9234 2833 7546 7670 3070 5533 1967 9328 4188 3764 7872 3001 4219 2614 5986 7113 8561 1329 5880 8140 9845 6637 2977 8983 7625 6999 1169 7619 8190 9927 367 6704 4688 4584 5214 243 1297 2225 8150 7860 5383 1721 8124 3014 6642 6988 8356 6997 1566 3867 2437 6096 5292 4774 7527 6438 7454 5918 597 1077 5867 5717 5471 4267 3093 5971 5087 435 3213 2165 46 5377 2912 6875 5769 5156 1749 2566 5507 7128 580 9455 3996 1848 7932
881 321 1404 1579 1866 9942 7976 7954 2314 1070 7836 5723 9863 8647 9855 228 4854 7237 9544 6923 1824 8272 9240 7225 1919 4425 7334 5300 8769 5652 8946 5542 760 9329 4569 8771 5255 2691 1288 4591 4404 6499 5932 3401 451 5620 5291 5552 8782 8075 3313 7912 644 2334 7107 5328 3211 8145 9432 9141 1859 6328 4851 2829 3916 3297 1081 649 6345 6480 4700 7785 836 4250 7047 7231 728 5674 4579 6786 4001 1435 429 9987 4047 2311 6669 2208 2097 9120 1024 6960 9490 7635 590 3046 5873 102 9851 1022 7357 5738 1882 6766 7971 3943 2941 1698 3262 3025 5038 734 4483 5828 4031 5487 6674 6219 1470 8492 5598 9658 4308 5541 5962 7453 6696 1852 2714 1726 7711 5518 5524 4333 5582 2827 4313 9552 5335 6825 1263 4550 7539 9639 3076 9925 6347 6083 8452 3531 4667 9332 8977 4392 8881 3434 8911 7486 5149 3718 2572 9899 1501 7342 3712 3763 8650 4256 5856 8480 7980 7160 9818 2569 5491 5880 3716 2969 6147 5755 3511 8637 1833 1482 6110 8096 4148 7280 6012 7535 426 5579 8426 8692 5926 4592 9209 8375 3805 313 2992 6585 8875 4625 7662 234 3663 8486 6789 8409 7063 4055 723 1663 5206 7414 9434 8744 5611 2074 8682 7911 5846 458 9234 8416 670 7180 5848 61 2979 4162 4501 2255 7778 7229 1125 1922 8833 2955 8926 9512 3268 1834 6287 7986 5969 1060 9821 6977 1112 9506 4459 585 9042 6500 730 5277 8331 2532 7832 6517 2359 7148 2193 71 994 2908 3245 1396 3167 6872 6944 2659 7640 4601 2419 5245 4676 2542 5847 5263 1103 6289 7589 9721 6813 3645 2052 3042 6667 2605 8352 3367 7200 1878 7560 467 2444 5286 1541 9409 8703 8746 5214 5826 4428 1735 921 2388 6395 6562 8437 1505 6548 1209 5262 6305 4413 9716 2802 4272 2680 8475 3969 7787 439 8002 2793 1055 5810 7604 1740 4932 1761 5767 1129 1128 6330 4454 6581 9669 7128 6163 2579 3506 4626 2460 2110 1536 5398 9330 9374 640 3128 9610 3829 5556 7988 5572 4812 5567 801 6194 1429 1620 8738 6802 825 1430 6425 607 4675 7744 3971 7390 4191 3748 6624 6137 7740 4765 9893 2692 6093 6467 2277 3411 8473 4366 4035 4693 4171 7718 9132 8649 9458 3980 600 1061
890 8967 1799 3653 5893 1561 861 9720 7437 5294 5382 7928 2897 5854 4299 7753 2610 7785 6265 7775 8250 9029 9506 9888 4110 238 8298 9508 9491 7862 5991 2122 4583 1414 5023 4137 9889 8915 2114 6171 6420 2025 8827 9575 1195 3463 3580 5373 4711 6027 4983 2070 4898 3932 5550 4601 7848 8770 5879 4340 4618 9477 634 9748 1879 7787 5868 1520 3996 2853 4581 1811 1271 8391 6058 3833 184 9010 8274 4265 4495 8875 47 1180 1437 5461 7257 996 7940 515 8352 8796 718 3081 9358 9245 6658 4817 5000 3699 6769 7801 3089 7770 4239 9656 127 5314 1412 5420 385 4136 5084 7039 4241 9259 3879 1060 5243 495 2315 1297 3230 4799 8573 9959 5027 3343 7386 407 9776 6328 273 6354 5119 5095 9859 4863 5876 9939 8997 5851 9898 2125 8991 7042 8649 4880 7505 1803 2859 3390 3060 8523 9877 1290 9623 1674 3448 1554 7254 6595 2312 6896 7609 1173 7830 2336 2132 2598 160 3767 3278 5278 8558 7933 6908 5227 3671 2320 5308 2603 4171 3140 2650 9852 1249 2751 4814 592 8078 3143 7058 5473 4875 3494 2430 3487 8823 362 3698 1964 5925 5216 851 1698 8691 6550 6241 2532 3254 35 3562 8946 964 4285 525 6367 7542 9469 2222 4747 8888 2470 5554 3807 5345 262 3534 4497 8478 3799 6933 5268 536 9187 8164 6086 8282 2677 9496 1866 5364 1494 9157 4112 9848 2043 5254 3315 2937 7921 9290 2729 9181 9355 4837 1030 1191 4257 6083 3874 7056 5870 1123 7748 8606 8412 6893 3201 5552 4204 1593 4516 9710 9422 6548 6638 8787 7508 6211 8487 7016 3803 6139 2765 2035 6842 8321 9946 2604 8976 5016 523 6764 3790 3716 8398 9672 6958 5309 7408 6047 1013 9569 2386 2214 6335 3887 9479 237 3493 7632 1611 943 3450 1157 999 2341 6143 1971 9539 8341 5976 96 6464 3298 1308 6050 5421 5190 6012 2957 3951 6782 217 7463 133 4123 2661 2665 1871 9375 867 8529 8686 2539 6868 3160 8687 7344 8744 1033 5599 9885 9709 4617 4672 8765 1868 4967 5246 4903 7943 4923 3973 2415 1461 697 2246 9990 3877 1457 1491 4749 8491 6222 1300 7638 420 2192 695 2643 6238 8131 7633 6416 2819 1323 8076 3540 3306 9727 1044 8419 500 6326 670 2602 9373
1501 8857 9713 9916 4645 5207 3727 7304 2763 8525 5566 7518 312 9709 703 7148 3708 6072 7147 8910 4196 9274 1991 1655 8309 8414 2582 9429 6248 2232 8855 103 6164 8899 1376 8652 5374 5602 372 7806 3186 9619 8561 8427 5005 3796 8618 2116 1860 2641 2721 6855 6830 6789 9924 3057 201 6725 2614 3077 6238 4217 102 1359 7023 3503 1733 2833 4637 6795 8733 4306 7453 8211 7853 8867 7728 8662 3389 4348 9123 6947 8582 9262 4373 9164 3812 5442 2111 7856 3268 3349 2281 4132 1964 2011 7692 5801 5902 864 207 5534 3863 322 7724 9456 5892 2849 1461 6790 4722 4933 8081 3637 5155 4042 9822 3290 8989 3525 7373 4077 7878 8908 4593 5522 6245 7831 3227 6484 5421 1276 8488 7907 8155 8962 3881 6756 1464 1191 343 8559 8824 1253 8050 4787 7041 9937 5480 4575 9095 2498 6089 8776 774 8065 6813 5160 8053 9195 2662 3556 6223 2191 1983 3243 3308 5416 7272 9115 8535 3581 6264 9063 8850 6099 6791 9527 6809 5954 549 7696 5007 3399 2363 7869 5691 7723 4651 4016 4976 4549 4249 3757 1349 9008 4757 2989 3692 9248 7152 2914 3569 8646 6565 4353 3127 6320 7954 3829 7071 3982 1718 807 6518 8679 5018 6219 2985 4486 1744 5653 5259 3412 4786 2236 8061 7607 7663 6554 1533 2505 9703 1894 5899 6463 4586 1908 3120 2706 4829 8711 8673 6209 4970 5740 3000 6512 9870 3769 8974 1499 9254 5961 4163 814 125 1797 136 4617 758 1234 6818 9171 7426 8567 7236 6254 1041 97 7355 7650 4131 7166 135 9819 8889 3361 9906 6630 6461 4983 8163 7374 8882 9754 6781 1505 8063 7210 1408 2300 5364 7587 1626 9062 4045 4223 8918 2608 4268 4989 6972 8623 6127 1233 2013 7295 9553 1648 4695 5289 7464 1024 8475 5484 3781 6592 3997 3744 8933 4634 2387 3105 680 6710 588 4958 8122 502 2015 6898 3298 7401 8526 364 9394 8192 6621 3244 8113 7292 5145 6027 1069 4546 9848 8136 7730 8265 7141 94 2947 2022 505 6423 2519 6924 8144 6142 3259 132 5411 3261 9742 9163 9014 3566 4238 937 727 2384 8704 5059 3084 9852 7342 5227 9764 4796 251 6807 6351 6804 1943 1176 8324 433 701 7545 9963 319 3316 3828 2266 2106 3845 3895 3977 7714
4065 3613 3272 5915 6647 1443 3716 7844 9010 7720 3603 5257 7169 7903 2302 8327 8201 3191 6983 4796 3611 3669 2163 894 7619 8641 5914 1842 9574 5843 925 6469 6755 19 6184 8289 5737 1952 7753 2056 7123 7027 6069 6099 144 6389 2621 44 6225 5154 2597 4808 1229 6167 6660 3866 8090 207 8894 725 6141 1814 5125 3350 439 2870 5656 3020 5902 4224 7076 1346 7960 5998 5182 7046 7301 1715 9766 7759 865 8372 4272 7555 1331 5934 7879 7066 3331 9214 7254 6041 1650 7658 5903 9029 8952 9226 4872 8539 6147 623 6374 595 1925 8109 1439 4510 340 7511 58 3446 1397 2840 1604 6782 9670 6801 895 2417 510 3787 8761 2108 6808 4509 5542 5635 2185 6534 8863 1875 8027 7709 783 4635 545 1843 4372 7719 8805 3381 9296 984 9768 7362 4617 4118 8103 2630 3261 3095 6025 4826 7663 9914 8402 8324 3793 7570 3357 4053 5995 774 1418 3675 972 2143 4864 120 1146 7632 1057 281 4212 9458 8855 3463 3026 4711 5473 4321 2832 3192 1781 6672 1484 581 4704 1859 1196 7714 4794 4008 9924 6417 7070 2537 6711 8753 3696 1807 1511 225 5321 4472 7883 6272 828 706 4909 6198 5510 1980 2195 4549 7609 619 7168 3098 426 447 1282 650 6018 1212 4538 4789 10004 544 7045 2496 9846 1886 840 8331 7407 688 8482 2451 3768 7529 6492 7193 3139 7298 7314 4138 4133 122 749 1377 6810 4112 9294 1381 6016 1609 786 9043 6173 5469 5115 5335 1693 4126 6515 7631 6259 8412 6339 2539 6314 2498 9449 5638 6593 2155 2482 2618 5643 597 1528 1854 7192 8341 5422 9441 7226 1592 9164 7172 2304 7930 1946 8944 807 9878 5541 830 309 8661 1944 9341 7062 4125 1710 5755 8386 1493 3798 1574 2730 3425 562 3472 6243 1581 6344 6550 5687 1870 4016 8336 1411 61 7854 7025 6466 2347 4398 2558 7546 8121 9064 7008 4837 476 529 5019 4377 1723 8178 2753 3863 3682 4586 5268 9989 8525 8926 4380 6131 3799 6379 4606 1298 7481 6013 7208 5165 5417 5430 7853 2220 4590 4474 7486 17 6581 4537 9991 8128 2671 126 9962 8881 8309 1767 9451 5241 338 7908 6313 7700 7573 7765 9681 9621 1517 9041 6570 1717 9369 1504 6618 2196 9354 9485 8499
9125 4520 2972 33 8022 8315 5193 4476 1699 7552 1540 4089 3466 2044 4115 8312 785 8855 8080 6809 3924 1194 2721 4825 7475 1814 9742 7133 9659 8598 4056 5013 178 4257 139 6995 7031 9892 7379 856 9772 1178 5897 4830 1479 1187 9114 1700 2350 3416 1962 378 4585 5080 1889 9865 7735 239 7159 4498 7339 8796 4781 6202 9333 3260 2907 7932 6166 6472 5773 9430 9023 4753 1753 6840 2774 9315 6833 9167 6190 1708 762 8417 4960 5695 4899 2793 540 2449 8782 7560 9959 9090 6464 7361 4429 6025 9443 1439 9127 4123 6724 5786 1846 3390 7123 1637 9852 5312 5872 4789 4614 4327 6258 8224 8246 3879 5123 8364 470 6337 7553 6345 5965 1339 8963 6656 9277 4369 7928 6960 8975 4274 1768 8866 893 7431 541 7254 651 5433 6871 1624 7429 938 3502 4905 1602 1789 9701 261 2792 5742 573 902 641 7418 8125 2880 8288 5549 3859 9093 865 2982 8055 6768 7059 4334 9872 1342 3364 2277 2896 5112 5544 9855 9720 1493 8415 5357 1943 9153 8969 5465 519 1614 9414 2192 4758 5764 6213 2146 3882 9531 3985 4096 7080 5169 9240 6710 8565 5603 3147 320 6091 6349 5171 8843 455 4311 9434 8229 2250 3252 4495 2931 3168 1155 5459 1710 365 2162 706 9526 9981 4723 7708 595 6542 1885 652 231 8747 9504 4341 3479 4467 8489 675 669 1860 611 3366 1880 6648 858 9375 4930 1643 8661 6561 3117 6275 9853 110 7748 2662 1526 6868 7223 1801 7319 2759 7289 8714 1044 2475 3621 6301 4692 8858 2481 2430 7550 1937 337 7720 8220 9040 6382 3624 702 313 2477 3224 46 438 2682 7563 4360 4711 83 8104 2045 8920 181 8665 5767 614 7774 7508 267 1601 6991 7825 2388 5880 3201 9615 7325 1568 8538 5959 2530 7714 9411 7791 9137 2138 5470 4530 987 8786 6766 7456 582 4119 7518 8289 347 5735 6966 7784 5523 9020 345 6132 3214 2031 1692 3938 8422 8971 5068 4271 7367 3238 7274 6688 2925 4359 9913 8214 224 5133 6379 9223 5081 6694 1734 5608 7158 9700 5463 916 7869 3661 8368 9683 3834 9052 4000 6122 5199 3285 2948 4797 3026 9328 9256 3534 8560 1592 3774 948 1517 3651 346 930 5090 9911 8611 6479 9387 2548 4141 3151 9533
174 8277 5955 6550 3523 8966 4283 8211 9049 2818 3807 2627 6696 4563 2666 3958 7678 9776 3610 6707 7383 3288 575 3731 7706 4218 6103 7193 975 4387 7581 4013 1764 2879 6709 6986 7040 6328 7562 2781 6148 3264 5339 8742 8719 8281 5161 4047 5022 6621 4440 2064 3371 9117 9334 1284 8096 6859 7232 8244 7502 4684 3665 793 486 6387 854 3388 739 1198 5153 5635 21 3623 9130 1750 5658 459 6743 237 775 4059 2640 9119 8937 5036 3842 683 2307 167 4663 2830 1425 5125 1186 7535 3137 5531 651 8659 177 2678 1576 169 4266 6582 7178 8956 6268 9465 298 3677 8418 2984 877 3826 3859 2312 4178 4036 2202 5999 7823 6011 5441 8509 9938 1474 402 3047 3382 1930 9956 7908 4149 4789 7840 7640 7312 2371 7477 4643 6800 3933 7637 2904 6750 3851 3900 9184 1038 6892 5685 103 7360 2850 7462 2617 8681 5817 3922 4817 2282 126 7798 5970 8576 1642 7082 7998 6298 3510 6543 9916 5841 9165 9813 1269 6070 8740 9116 4529 9415 216 9947 4691 7279 3918 5611 4785 8634 136 5813 4716 7320 783 2471 7641 2110 4247 5350 1555 9341 4898 1214 1977 5630 6017 4250 9758 7183 2960 5641 8837 4872 6375 3236 890 6249 8233 4682 4062 7048 4740 2556 5779 1458 3578 3052 7393 1303 9328 2475 6847 9614 5746 3005 1712 3194 9227 7513 7504 4287 7417 6546 4317 1462 2784 549 8892 8965 9485 6335 1169 5906 1266 1662 3112 5490 3786 1792 7328 9202 7472 632 7427 4561 3063 206 1925 5945 8535 4777 215 5142 2815 9406 7006 3070 3820 5050 1063 6933 2550 6970 209 6333 1566 2154 5520 7838 8037 3560 6625 3646 9568 4870 6772 9491 5144 2418 3151 2752 6901 8902 6980 8231 5079 310 1295 909 7481 3849 4297 5432 5292 3061 603 8180 192 4704 9702 8292 7981 4669 1639 2674 2370 2672 2767 8927 7021 5096 1939 3166 4778 5020 7018 688 6318 9547 4035 7404 4123 9950 9099 2900 7544 6354 2401 1522 881 3032 1356 3811 1833 4193 6062 321 4115 1531 4098 9909 2227 6040 4688 2871 8297 1985 4042 1011 7248 5068 7497 673 4292 1421 5919 3689 6036 5482 5374 6798 4330 3885 7158 2919 8776 1970 2016 2892 9132 1353 9410 6212 567 5319 2705 1220 786
8487 8713 3880 7562 7196 9798 3658 1594 1011 1656 8718 7891 6935 6568 4365 6356 6419 8924 7028 3118 8714 8685 9438 5069 6710 6199 2559 4595 729 7598 50 7285 7142 503 2424 6375 7651 4540 6643 4488 6958 7006 7485 7470 5444 7325 9209 5494 7407 2939 9221 3112 9905 7436 2186 3583 1471 409 1069 150 7449 4609 7957 3841 293 4081 2688 4006 2565 3404 1978 4843 1536 2517 2925 1993 6869 9662 633 6640 80 1330 3380 6742 9854 2549 6580 1983 8854 909 1889 7499 4691 1687 7568 6005 1040 903 3080 6250 7446 201 2329 215 9557 6465 9800 3261 5346 6764 5487 3793 9821 4096 4714 2125 681 7119 65 9311 5261 8626 6139 4462 2112 8265 2745 7702 9427 2249 6088 9582 6506 6665 121 8202 240 9598 3330 6660 6117 8829 868 5024 632 1835 8211 3457 6468 4201 8889 8972 7507 3103 6688 559 1315 1354 8623 1731 8841 8493 7522 5129 4807 8682 5030 9448 3084 5456 4943 1700 9991 372 3410 787 6092 8788 4003 8164 7783 8359 4100 3920 9629 2180 4774 222 3164 9590 4918 1659 3119 3512 554 7311 1981 9251 7164 6143 3668 9616 9764 400 7859 3280 6578 2380 5102 5163 8065 2417 2761 4526 9422 8245 6715 203 1932 3967 5303 289 4875 5191 2507 4910 3247 8125 514 5244 6997 4268 593 4573 5096 6354 6816 5172 1275 9294 3632 6755 2270 6923 8950 1867 1859 3447 8453 5455 138 9831 2111 3460 869 9829 2508 9715 5123 5998 7433 7785 7962 7852 9673 3453 7262 6704 7390 1310 7350 9250 2359 4267 5795 2697 7223 9442 4275 4207 7698 214 4752 4589 1920 6349 2805 5799 1903 4720 934 1930 4364 1551 4543 1044 109 577 7749 5101 358 6189 4544 5849 1985 8457 4661 7642 1323 9773 3617 4729 4151 8807 5235 3780 7398 9729 2344 2241 7676 4581 3508 1348 9814 482 1589 7007 2283 9346 3317 4237 1743 6459 984 2012 8101 5278 248 8010 8331 9658 1427 9143 8588 3675 3223 2882 5525 6257 1053 3326 7454 8620 7330 3213 4867 6779 7513 1912 7937 7811 2801 6593 4406 3221 3279 1773 504 7229 8251 5524 1452 9184 5453 535 6079 6365 9636 5794 7899 5347 1562 7363 1666 6733 6637 5679 5709 9761 5999 2231 9661 5835 4764 2207 4418 839 5777 6270
5784 3844 8668 1769 5265 1792 5703 4912 6817 3937 5218 6118 7594 4811 1848 4594 9898 7789 1128 7416 116 8158 2934 9177 5806 9484 9912 5010 7378 7659 6919 3704 6437 9318 2835 3811 208 9910 5407 3626 1906 3088 8629 4507 2150 4689 6051 5883 9210 4259 1343 9770 3176 1168 9483 5107 3134 9505 740 4378 2739 2853 238 3955 1645 9865 9336 9269 7558 1950 4361 1110 982 6376 6416 8483 3467 8450 5014 6584 5156 8418 1359 6594 3171 7164 103 5735 8567 6807 5922 6472 7374 8453 9422 2205 8782 9161 8982 9489 3916 4383 6750 2226 9617 8529 4343 4683 7242 4634 1958 2773 6111 3980 1686 6730 6196 2118 1034 6061 3898 7956 3003 484 5159 2819 6987 213 3914 4780 2998 6480 5786 3447 2413 7522 9096 6874 7633 2073 4963 1697 9550 6818 8742 7094 3991 4506 7352 2813 8178 8971 6669 3294 7766 690 4296 9009 9133 4533 6996 3430 784 5651 5227 9335 4464 5682 4077 7449 8576 17 2792 7343 9603 1301 8100 4440 439 9088 8462 2632 9082 9653 1383 1830 8167 6151 6047 6677 1706 2760 3688 9613 9323 6846 3184 9587 4477 8105 8451 9819 8460 3029 5330 3900 7559 6755 6237 8990 7901 8917 7381 2060 2540 7330 7180 6934 5730 4556 7434 6550 1898 4676 3628 1509 6840 4375 8338 7232 6619 3212 4029 6970 8591 2043 911 5459 3311 9395 2561 8165 6548 2295 924 7882 7685 1758 2445 1170 9086 8859 8887 3329 5822 6308 9907 999 8005 8287 2345 1006 1612 1405 7470 9411 9392 8160 2537 2922 1552 3308 4987 6940 4539 5805 4679 8036 7137 459 5118 5954 120 7364 431 669 3461 9641 3765 9339 3670 3179 5576 5104 8733 3877 7121 3635 5123 9965 9500 6736 5005 3367 8286 7547 9137 3739 4493 4929 8446 5808 9087 3657 756 1202 2734 8849 865 4583 7078 7167 4511 1356 2186 7550 3538 9367 8119 5672 6062 8703 9832 876 7403 7700 3784 564 9293 2794 6946 3348 7054 1924 9522 2369 6249 6608 392 3407 346 2531 4113 303 6063 3501 1701 8756 4315 234 4749 4148 8366 1674 9112 3698 7628 8069 5590 2325 4976 4120 3917 9188 8626 99 6529 1063 5308 8267 6315 3514 4124 3123 6685 118 7761 6686 4923 9637 4559 1835 2171 5524 5419 1244 4404 7585 1594 4978
5742 3524 3489 5433 9822 4211 2214 3342 9595 4239 6663 5835 74 7838 7762 2834 356 1896 6423 3440 149 7961 8364 3421 8924 2338 8749 2051 673 4017 695 9657 1939 2891 4052 8758 5268 7550 4888 2924 2505 617 5126 5716 8685 4748 693 47 8194 7145 221 3676 3338 382 6742 5164 8180 9924 3978 3433 6542 4836 3239 5023 1144 5590 3675 8540 8513 8869 8252 5639 8959 394 4360 7662 2670 2889 4449 5006 9522 3719 9813 994 5344 2471 7366 1384 7985 3600 8417 7911 8282 9691 5197 6633 1783 3836 1599 332 6660 1427 4453 4212 7019 5218 7468 1151 9204 6800 3658 6911 6642 5000 706 2470 2561 9515 105 6688 5876 6946 4698 611 6317 4467 1433 3262 5461 4264 6704 2700 6941 687 1238 6945 9900 8742 8444 7555 8899 2297 1877 5191 7824 534 6591 113 5100 870 9944 8 925 4030 3118 4024 4309 2775 7064 1289 1825 5506 335 1061 7055 8079 4955 4635 8113 8213 8377 5844 3291 4708 8633 5063 3211 574 8658 5104 76 7441 1507 8587 4187 6978 8353 601 8302 5721 2689 4121 65 4621 885 1963 8134 9048 7745 1205 8492 8034 8884 271 3758 7075 4109 2447 2123 6395 8998 7663 7475 4765 2322 1918 2056 4684 3390 67 4224 4637 7716 1958 4123 9675 8373 6638 5794 3209 971 4906 9358 6252 2359 9584 1419 6041 9218 4021 9908 7154 3438 546 4209 2611 9597 3842 408 1581 3905 2913 9692 10002 8509 9663 748 4140 1297 237 500 3333 6378 7369 5792 3606 7226 9160 5527 1170 429 2416 3273 8281 4886 3321 8760 4871 1295 634 6755 7587 2547 2287 3862 6445 9080 1393 1195 470 9288 133 1130 8369 7432 8297 1710 3316 4749 5498 1923 6067 4057 2762 4641 6922 9462 5622 7330 8530 491 116 9508 6498 3563 751 8548 6925 3863 1243 949 9273 8114 3011 246 3717 203 7249 9598 8647 2284 9461 817 5454 650 3579 7582 8543 2914 4490 1871 6382 6575 3289 5105 4881 9317 9387 5499 6728 7943 1930 9681 7182 7887 3039 4695 6210 689 841 690 5646 2566 3519 9485 6060 443 9644 9523 8524 1682 8874 2256 5012 8331 4968 7058 2480 576 8261 8856 5829 1265 6589 510 1348 5124 6113 4933 9002 6869 4972 6264 9984 2075 5916 9013 9689 5594 2881
9562 7373 6585 2891 5639 539 2182 1274 1386 9175 9140 1077 5466 9862 7865 8993 5239 9890 2307 1479 5725 3482 3406 8485 6007 7547 2067 9091 5800 3605 4008 9072 4568 7989 4393 7702 6324 9668 6346 5301 7590 8542 9703 4402 912 3194 532 8575 8156 6268 770 1360 4329 392 6344 5698 3838 2789 5872 9327 8989 6033 2386 808 3824 5568 9629 9084 2186 480 8890 667 6795 1234 9326 4184 4157 4513 3896 1283 4603 6045 4 3306 8321 8540 93 650 5166 9370 5457 6645 988 8122 3010 7035 3629 9251 4061 3555 3926 5335 841 2277 7434 9487 7250 5983 2304 7078 97 9863 2663 862 3112 6802 4848 2444 9309 2555 2286 644 6357 8121 8212 5159 5756 2332 1520 2590 342 6262 1961 111 7084 8913 1105 9915 2348 8351 2585 6338 6889 2589 5544 4386 4088 3199 4543 7948 7528 835 3468 6185 2235 5764 744 6521 5588 5659 6576 9681 8769 9675 9960 8426 2708 6940 7476 1150 5986 6712 2699 3723 599 279 3757 3857 4021 1488 8942 352 4277 707 8862 6225 4302 748 5727 3085 7158 4231 9838 2622 3997 6252 3946 1365 8340 9772 5716 265 6536 7614 3778 4692 3389 6856 4136 3678 4528 5922 9409 2719 9760 8098 7774 2039 4642 3307 3119 409 7973 7569 7707 328 9041 5718 9875 281 3360 7609 9774 5319 4017 2282 1438 8860 6622 550 5002 1896 8010 5228 7070 1685 4862 9672 5552 2798 9089 6197 9860 8262 5241 9493 6059 7232 9556 8564 5336 5646 4153 5307 6399 9791 6948 5888 6151 8984 2022 3013 1436 9257 2870 4804 1171 6821 6080 8067 8924 3925 530 8972 4404 515 6946 6285 2399 3231 8198 7938 9513 2089 4724 7044 6846 6121 4932 5784 6781 4013 3076 3941 7361 8967 393 1142 7574 1711 9708 8413 285 2566 5106 1266 2974 4174 6142 5767 5152 2142 9214 6402 4192 2569 9514 6894 6600 4917 3758 8662 5897 9368 5854 2893 5242 4291 7935 5105 6468 1098 6301 9230 3226 4187 8565 134 7522 2026 2219 8940 749 525 4961 5031 1143 2372 3587 7581 5325 2826 3531 8690 339 1854 6340 6492 6341 1290 8217 9170 5129 1704 6094 5288 5167 4168 7333 4518 7907 656 3975 612 2702 8131 6227 3905 4500 1473 6916 2233 6161 6999 768 1757 577 4646 2513 616
4268 1824 6622 4884 9639 1426 5569 8761 5590 9596 4958 4957 152 8283 403 3491 950 9992 6408 7335 8455 6289 5939 5365 9227 3152 3196 4469 6957 3432 7658 9385 1810 9401 8641 9396 4630 16 5258 5449 2560 624 4654 5259 247 4436 8504 1566 7800 1212 8020 7577 446 9966 1562 8594 3715 6521 9922 289 6106 7240 2295 8195 7864 8522 8000 1540 2954 2471 3280 7809 4429 4890 8448 2675 2814 240 822 5379 6448 9402 3439 1265 2503 6935 7799 6414 6144 9704 3534 7425 597 5010 4642 7641 7756 9946 5532 1095 6227 8239 9137 1003 4475 5766 4681 4903 864 7049 5184 124 3834 7917 3005 7358 8893 9409 7053 4390 7628 5333 5572 3162 1211 3215 5701 2573 3047 9028 7629 131 7448 1035 8130 5756 6666 6157 2120 7908 9795 481 8022 7180 4198 5712 5393 3669 5645 3682 8068 8056 431 7940 3443 471 0 8434 5454 6571 10004 4026 9833 2945 9261 6410 6938 2200 2035 9770 440 1150 313 1342 2229 1282 4132 8806 1661 3953 9313 6095 4420 1673 1571 1804 585 7392 2144 3144 4784 9475 3959 8122 7344 1665 3159 6810 7594 2075 1830 5431 6133 6884 2912 801 4544 7080 4034 8245 7946 2252 1720 7252 9920 686 2354 1487 8471 3113 5934 1354 9854 3780 8629 1771 2132 5526 2286 4978 987 7651 5771 8692 4276 236 1616 7882 4949 1740 3282 7412 8181 636 2272 7757 4744 7408 8975 3139 773 95 4587 3548 4646 6847 5253 1438 3187 1252 80 2561 5429 6530 3132 7166 6977 9469 5150 6873 92 179 7927 1020 6104 7637 8550 2442 4033 3440 6070 4379 4808 4711 8955 7109 3281 2607 6305 2763 5360 5216 3779 3824 9902 4259 8614 9752 4013 7410 8578 6891 6526 3926 9669 5478 1807 4993 3013 5770 3887 2400 2363 4704 5341 3984 8163 4209 8532 6015 286 1698 1612 8676 7452 241 5627 7255 4321 6314 5980 2230 6087 6008 6679 8580 6494 271 9679 3493 553 3737 2154 1159 3530 8219 3100 3511 6987 7484 3896 5617 9240 5575 7570 6839 6841 6444 189 5942 9773 4848 6778 3939 2085 9852 4177 4877 6025 8308 444 356 7817 2841 9891 1439 7992 3128 7960 9480 7970 7495 6716 6239 5857 1628 5500 7447 6237 6254 7883 9754 3616 1155 4324 715 1601 5856 6830 3624
7340 927 8022 5648 6558 6049 2012 7800 9687 373 7914 7072 4090 5604 5285 3561 5537 3574 7960 7948 323 7832 3335 363 9899 8326 5346 6463 9896 3918 9725 2837 9153 6302 6830 2092 1927 9662 332 1042 205 1234 2121 1174 4024 8698 1553 3845 9205 5987 4312 1565 1463 1696 477 7284 2036 3036 4676 9367 3851 8014 7236 1557 3051 6702 7486 1967 1722 5323 6025 6776 2804 693 4436 6972 3926 8137 7838 2144 1612 7144 9812 578 2246 1379 8363 3005 5826 1246 9746 3672 8521 1663 2024 5418 2178 4870 879 7543 5663 8584 4168 128 1508 7774 4841 1632 3174 7304 8073 528 2164 7649 4636 7300 8867 3031 665 9994 4479 3440 4538 6739 5145 1330 3079 1144 9979 2453 5321 6422 3024 7058 6869 9361 5042 6765 9991 71 7819 912 5996 7529 8442 2334 3925 3332 5962 4271 4700 4603 8847 7001 3173 2499 6197 2655 5252 5108 3671 3716 9794 4151 8506 9644 3905 7302 8470 6783 6418 3818 9561 5370 1699 4885 2905 5662 3779 2292 2255 4596 5233 3876 8055 4101 8424 5907 178 1590 1504 8568 7344 133 5519 7147 4213 6206 5872 2122 5979 5900 6571 8472 6386 163 9571 3385 445 3629 2046 1051 3422 8111 2992 3403 6879 7376 3788 5509 9132 5467 7462 6731 6733 6336 81 5834 9665 4740 6670 3831 1977 9744 4069 4769 5917 8200 336 248 7709 2733 9783 1331 7884 3020 7852 9372 7862 7387 6608 6131 5749 1520 5392 7339 6129 6146 7775 9646 3508 1047 4216 607 1493 5748 6722 3516 9466 9217 3605 6810 6062 4435 2167 2050 257 919 9610 647 3560 732 1698 80 1029 7789 6867 9758 1290 1012 6160 4996 5889 3751 7850 9769 4110 1634 2777 1049 3819 4359 7246 9579 1797 5446 6627 7363 1365 1135 6762 5583 4450 4193 169 8380 4634 7697 5115 7285 6841 4912 2549 6279 6392 8979 813 630 1931 8868 7836 2541 7867 1391 5981 5503 316 4218 210 5245 1494 546 8598 1389 6378 1751 4570 387 5135 3315 4333 2400 831 7064 5678 603 2287 8251 5223 5861 9309 5357 9283 511 535 5778 767 9761 5698 6640 9786 5739 3505 6646 8595 6988 750 8132 3827 2771 2240 2570 7114 5760 4340 6014 3956 2182 4076 8383 9042 3318 8741 8028 4457 7807 3294 3498 3032 5470
2412 6744 7444 8592 868 3011 2923 377 5408 2451 4006 552 5695 520 2040 530 55 9283 8806 8424 4195 8067 7 8804 8821 443 2314 6183 3722 6891 3282 4168 8423 9397 6191 2134 1885 6280 9485 8737 7110 4842 4725 2932 3594 2278 3322 6235 3407 4373 2755 3704 457 9542 2426 3965 3687 8835 7671 8564 6426 518 2437 6785 4309 5452 3724 6494 7034 9921 2247 4472 8121 9302 31 4040 3810 9437 8258 7125 6868 2844 1048 7309 365 7790 9960 9516 7587 5224 8954 9067 1647 3488 3305 4606 1536 504 5216 535 4066 8656 8178 2991 6893 2885 7920 4169 3221 1266 4064 9053 4426 7245 3062 7810 5990 7008 5075 3506 9739 8353 3278 4962 919 7898 8536 1977 8032 1951 3186 3210 8453 3442 2429 8373 9315 2454 8414 6180 9321 1263 9663 3425 800 6502 5446 4915 5245 9789 8435 7015 8689 6631 4857 6751 1051 1710 5993 1409 696 7132 475 5969 6173 5707 8145 4538 5027 3027 9754 372 1397 3078 4634 5985 2997 5702 4134 5165 5655 8460 7056 5554 3491 7713 227 5162 1247 2832 3430 4811 5875 4818 9489 7943 4607 6341 2380 3089 7454 6607 9621 1755 2064 5773 5051 8270 4743 9366 7341 4020 7780 1938 763 8843 6083 3558 9424 5835 2751 4498 2960 8043 4771 3808 9834 4506 1372 3037 7769 9125 141 2219 23 5628 8816 6439 2941 6811 9155 4193 8464 6262 3051 4990 5368 384 9022 5576 9131 8957 3468 7275 7114 4048 2222 4431 1249 2435 7182 557 9706 9900 1412 5104 2753 4101 6712 3789 8602 8890 1757 1667 9525 797 2094 9825 1289 4502 2166 5540 6270 1463 9991 8366 5701 9336 3289 7782 1541 4515 4589 9914 8640 1347 2996 897 2258 7292 8743 5919 6091 1970 4418 8833 8068 4812 673 6694 7362 4855 7148 7306 5964 2162 6334 8773 9971 2329 8209 1841 5007 6997 2255 2884 3115 2293 5348 4354 1523 8088 842 8172 4182 5644 5640 6434 8937 7438 9783 9626 5766 1437 5145 9625 961 9568 7272 2706 8427 8603 3688 3633 9547 6437 3338 3059 3402 362 3382 4332 5890 6844 7608 6059 8322 4428 6848 6814 3556 9821 2083 7005 667 7885 6113 7610 5662 2067 174 672 1889 5486 6982 229 4765 4999 8585 7261 9893 7805 1979 7635 5703 8939 7041 3528 5372 9597
3646 8045 449 7205 7077 2464 2504 4571 9562 4538 1102 2672 1244 4506 7454 2682 9266 3252 6198 1823 4655 2895 2010 2560 3462 4541 5510 8300 4870 5249 5070 5577 4 471 2838 8321 5705 4617 431 771 3330 722 8053 8868 2199 68 7781 2818 2284 8213 7129 2149 9993 4044 9098 6579 1247 8914 3075 6308 2 868 9093 2568 1874 9542 8508 3610 5184 2962 3721 8168 1051 7792 5638 2906 4830 3182 79 594 3440 8908 4266 5059 2757 9389 3854 6785 384 5097 5221 621 3084 9525 6879 1739 1315 5423 552 1770 165 3537 4664 6112 8887 3431 5691 7396 4188 528 6534 5176 4550 8727 5170 5741 7478 7925 4255 2239 2135 2765 7801 8855 9783 5701 5411 2934 9279 5675 565 4193 4539 5907 4548 9124 1418 9995 3647 2843 2325 5078 3989 5005 3469 8155 8635 3418 3268 3022 1818 644 3522 2638 7993 764 9723 7604 2928 463 4426 3320 2707 9307 117 3058 4679 8138 7006 1547 9406 5483 8656 4253 2636 8390 7019 3970 3773 7853 8540 7265 5174 4947 4975 9424 1910 2396 5995 7094 4093 4375 8440 7101 7707 7500 3558 5499 5480 4248 8632 9017 7647 9403 1075 3028 627 1893 767 4124 3225 6554 1206 2042 6215 3452 6526 6764 9556 5729 9860 5427 9765 9274 1664 1192 4821 9972 3209 9730 1211 6053 5588 2824 1093 9462 4374 3635 5225 9834 581 1017 4534 1896 5175 9752 6851 7297 8829 4937 6960 671 3166 3255 599 7451 8281 3638 9633 5455 4207 1760 2150 4791 5920 6971 3491 3788 9879 6659 5381 8889 3034 9443 3142 8019 5610 8464 2337 2696 6487 9502 6441 8626 201 6398 2151 9596 7796 4844 403 6329 837 236 4454 7769 5200 9793 3716 4157 1678 8420 1064 208 5 5276 4714 6194 2617 7158 1396 4355 2403 9609 212 9218 2773 6213 3849 2774 1011 5725 647 7930 8266 1612 1507 7339 492 3673 7689 1066 9818 3757 1022 8545 1269 4547 4319 9549 2115 6735 302 1360 1494 4916 6125 1303 7805 8061 7280 7200 3066 3091 3132 10004 6864 9720 3196 7307 6844 3683 5704 9819 8562 2898 6418 8188 7088 5284 3126 1188 5615 2468 1710 2068 1054 2193 1259 6532 5573 798 2974 1339 659 5548 757 6109 4479 7810 2065 6653 6572 7640 5789 7957 7910 2229 4120 4019
6253 746 8126 4218 9417 3133 9639 9101 5817 7236 757 939 4840 6034 9193 7569 9709 5213 7046 8451 4751 8690 2341 6739 4345 9225 1217 9699 7198 8300 9707 5610 3294 2698 920 3608 411 9578 6199 1458 6892 8999 6050 6017 7564 5698 5840 7674 3877 2053 3865 4435 1367 9945 8402 9474 6829 6494 7946 9927 1968 5727 5087 2036 2236 2564 7505 2399 5233 3076 5943 2239 6972 3126 6025 5976 692 8838 2984 4191 9773 2516 7026 2414 7259 1195 4059 5954 5059 7594 9750 2078 3906 1300 8234 2794 1878 3578 6366 3333 9967 4035 711 63 8607 3806 1136 760 5347 461 9660 9936 5185 2597 5958 4265 5091 1242 9740 4063 5160 2556 9093 7405 2235 7766 5629 4526 8321 535 4978 8662 7899 4246 3859 5626 118 2693 6916 4235 1039 5004 3501 6640 8986 3627 1643 5194 5814 2828 5136 7320 4097 8418 6298 6824 2483 8573 548 7401 3029 262 4130 6871 8164 6682 649 2363 2372 5589 2459 3330 5559 8414 7092 9327 984 911 391 3541 8707 3970 8610 8214 6764 4386 6090 8084 2548 674 2404 9244 2449 5315 6813 9670 7951 3931 1341 5099 9661 4734 7061 470 2870 6806 6056 4826 8813 2943 7326 2906 9667 3543 8310 7722 4356 2038 1839 6316 3251 6230 308 5006 3104 385 4732 7458 6725 7124 2975 974 2896 1645 4797 9566 8581 8967 2395 6027 5579 4444 4584 6815 9273 1696 9684 5172 174 1584 1895 5207 8237 7202 7506 7204 7109 949 2855 4780 7937 6710 5098 4856 2858 9188 3558 329 5841 2472 5753 9933 777 6976 2332 3522 7475 8354 8995 6844 8520 6065 8043 5683 3814 9555 5761 8345 5778 9974 7649 3836 5188 7005 1579 7891 5834 8865 2628 4808 2379 9203 5584 8455 3957 6187 3840 4394 4502 3078 5546 5991 2718 6957 1100 7906 7860 6984 744 8523 466 3664 9309 4557 7171 8656 9090 2997 6614 4140 4886 6910 5426 9797 7759 2015 1401 3196 2137 7205 1907 2825 728 1692 471 7675 8682 3929 1738 1347 3908 903 1979 8547 5709 8660 8296 494 8113 1795 5043 763 9755 6089 3279 672 2801 5492 6703 1484 1731 7740 783 5785 3581 767 8961 3586 4778 8334 2958 9352 1025 7783 7258 6397 2183 8081 8147 5053 8785 8501 4833 2420 6068 2444 1304 7440 291 3377
6449 5575 8945 462 8165 5187 5907 3085 2860 2491 685 8931 3241 1915 4944 9111 7539 9364 2350 3656 4597 2938 7022 6915 3137 2545 9980 158 8467 5282 2060 1179 935 9341 1912 536 3483 3913 8621 4734 761 3852 5719 375 417 2087 823 1552 1947 8599 9101 9524 611 3606 4515 9208 3295 1203 6178 4330 899 6480 4425 7059 4574 2500 3902 5801 4112 4144 7799 7789 9774 1021 2277 3136 7747 8104 2285 1548 2741 1095 7602 1862 454 9753 186 2909 7775 2546 4778 2034 6340 2194 4601 2144 4519 8414 792 2702 3833 4487 4759 802 717 2579 3231 3900 6198 360 8398 3968 2707 7844 3860 4131 5376 3415 7404 1137 9272 598 1183 141 6838 3411 8198 3640 7773 2943 1026 6288 2509 7119 2671 4983 6373 647 6467 2002 2685 2204 2616 890 3263 7555 6188 2345 9652 5224 3566 2448 4217 8319 4639 4608 5758 7644 3532 9197 475 581 9561 8277 2969 5872 5029 7249 6887 8695 52 9494 6566 7368 8283 1778 7121 2274 8735 2119 4478 1542 3932 9853 350 376 5222 3963 8703 8471 4488 9564 2678 8597 9498 5772 4865 9782 9440 7278 6134 3057 8418 10005 199 5332 2142 4916 4662 5046 8878 8758 2557 7598 2656 2957 8254 2531 2752 3915 8224 8486 6514 7683 794 2305 7585 233 8590 5884 2647 9747 1377 1660 523 1060 9546 6251 4850 7756 1314 9162 2419 4970 3950 6280 4097 2118 9680 9673 6059 2934 7816 9418 1638 4890 9823 6305 4138 8990 6540 2522 9542 7045 7353 6257 3659 9005 8566 641 7658 753 5440 718 7384 5107 1773 3110 2901 9363 7552 1780 6724 6026 4481 5950 9560 3472 1093 7999 8117 4708 5922 5111 979 607 4400 7018 7709 5640 1046 2318 1 4607 953 5768 5659 2278 7941 9623 5977 9204 4089 3706 4679 6675 742 2620 96 760 9054 3843 2502 3505 9553 9865 7975 2874 9719 6935 9174 37 7468 8447 9252 4568 3691 2653 8556 2626 8912 2009 6299 5329 7741 9295 1036 4303 1255 5863 1812 372 6016 6466 7204 809 4331 5704 8356 2298 3971 7115 3465 7486 4874 2992 6310 8149 8363 5912 7096 2233 1863 5259 1622 8066 9828 309 3511 8362 1107 5220 4360 4951 2718 657 4482 748 1429 1345 8012 533 9082 8292 4995 3991 3145 957 4974 3156
1965 7627 4504 8989 4336 2309 9392 9400 7812 2806 5804 1114 1428 9148 7799 383 1430 8751 1544 6136 5261 3826 3474 3297 3407 1586 7806 3997 4555 3869 9949 3909 2009 8900 6992 5464 8562 4036 1817 6984 7052 3561 1038 6507 6670 9339 4910 8454 5460 9356 6539 318 9329 6895 9708 6716 208 1143 675 3510 6158 894 5070 6715 5410 9274 2802 6598 3617 9936 1486 7642 6530 7108 2452 6024 7479 3861 1530 8915 9018 3583 6678 7751 9911 1445 770 9670 4252 8976 1913 7942 7022 9516 4800 268 9247 3158 5981 1004 3249 2928 1601 9832 2116 2671 7584 8036 8377 5734 5002 199 7933 3805 2639 3929 8046 6392 4480 3746 9347 3322 3448 8458 4666 6853 8038 7980 9486 748 4030 3008 5735 9807 2075 5806 717 5180 4894 1623 5465 3360 5912 9697 3896 9593 4526 4622 5580 5550 1498 5260 9028 1598 5424 6495 9052 6841 413 5482 4989 7783 3559 1435 2755 917 5508 9835 6524 8299 1203 8779 5993 8629 5747 7425 4573 296 3689 5651 6467 4603 4348 9934 1883 3890 777 3277 7377 4094 311 5715 3770 4583 8318 2435 4395 5608 9999 3991 5746 2620 2697 2423 6777 3110 5502 1019 5275 1047 9724 3540 203 7139 1302 4138 1584 8203 245 8809 38 4867 1979 4848 747 9232 1132 7862 2888 9541 4841 7140 6107 6014 9464 5115 2786 9774 3622 3940 859 7014 1097 9806 7277 3930 2844 8268 2353 658 1881 4287 7032 7531 3546 9019 8388 8554 5624 6823 3986 1735 3247 3325 7856 4079 8292 7596 5654 868 224 7974 670 9506 6785 1522 496 4017 585 1361 7437 2191 2794 8186 8623 6938 6176 7328 8817 8457 9868 4977 158 1061 6945 9790 446 3935 6855 7641 1725 5232 4579 9112 4938 2896 7953 9842 131 1417 6328 7177 3766 5377 814 936 6740 5451 6139 9669 9454 7100 4040 1023 4481 8551 1216 1195 360 992 5631 430 7111 6860 1645 1098 4604 9153 1803 9763 802 3318 4242 954 3167 9198 7881 4120 5157 4456 8510 4351 4335 7511 7516 1520 893 265 4839 7537 2355 261 5633 33 856 2606 5476 6180 6534 6314 9956 7523 5134 4018 5390 3237 5310 9110 5335 9151 2200 6011 5056 9494 9167 9031 6006 1045 114 9795 4457 3308 6227 2208 4423 50 2485 4477 9345 3719
9992 6837 7667 3024 9019 4841 3593 1146 1536 4177 5306 6357 2877 3174 9265 6045 4767 8275 2420 8829 2528 7405 4996 7850 1723 2082 5873 8888 5827 8012 9594 5784 1537 8982 7182 4230 9796 5715 223 9629 3840 7155 4586 9179 3102 3543 1064 7806 450 9601 9398 4662 4100 5580 2003 6544 782 3741 1789 8995 9605 8604 2159 5599 3235 2160 397 5111 33 7316 7652 998 893 6725 9885 3059 7075 452 9204 3143 408 7931 655 3933 3705 8935 1501 6121 9695 746 880 4302 5511 689 7191 7447 6666 6586 2452 2477 2518 9390 6250 9106 2582 6693 6230 3069 5090 9205 7948 2284 5804 7574 6474 4670 2512 574 5001 1854 1096 1454 440 1579 645 5918 4959 184 2360 725 45 4934 143 5495 3865 7196 1451 6039 5958 7026 5175 7343 7296 1615 3506 3405 8443 9100 3773 5444 8985 1583 9858 3415 6458 7846 2517 4585 4374 1226 5670 4152 5265 9492 6017 318 5782 1934 5230 1429 399 4714 3785 3062 1476 6080 2823 3886 8031 819 1400 1152 345 5426 2551 7843 8116 8964 748 483 8054 1257 4520 2266 9377 3827 4732 212 6809 3218 531 8533 1242 2494 4147 1254 112 6645 5751 3084 7116 7324 6064 5999 3891 2035 192 772 5726 3043 244 457 3208 2516 9787 2498 3353 8758 1611 4300 5908 6944 1438 3616 1584 4656 5291 4331 4758 5058 5550 7958 299 4550 6318 5615 59 2155 6393 5738 661 2742 4954 6180 2987 1353 5478 2236 5325 7589 8500 2789 628 4289 3088 6322 4821 7563 3654 4048 5895 4521 7071 1246 1700 1644 2753 7774 6802 9611 7413 3408 2844 4721 7399 6187 6601 4478 596 634 3098 4337 3567 6307 2795 9444 5538 333 7808 53 3346 5144 8493 9182 7510 9171 4690 8549 8073 2489 136 1881 740 2071 3053 8266 9210 1952 1657 5176 2141 9172 9495 418 5946 9408 2677 2846 4324 1144 1933 425 9560 2526 7802 1244 2097 7899 7007 3943 1720 7681 245 5262 5084 389 6699 5039 4318 2335 684 3180 8074 7294 2012 9761 7659 4612 4018 1843 8283 832 3823 5526 2715 5310 5563 374 4673 6920 6202 8627 2597 8719 4349 1185 8805 7292 2409 6009 1906 781 8943 9920 1115 2686 6063 1194 2015 4162 3280 8238 4761 9466 1171 1577 1042 2166 9213 6360
5663 1016 7805 6130 3383 3281 3514 2295 9102 3854 4854 6494 1178 5669 9832 9054 3375 4869 8520 9304 3785 3540 7141 7843 8594 4622 2511 6254 8790 5744 9955 9656 3962 3430 8962 1623 2396 4064 3197 174 4823 7644 3064 1557 5490 332 3481 3842 7236 3996 6688 2697 9361 7481 395 5986 1946 3326 9592 6659 3450 4992 9122 9891 2346 3982 9467 6454 9118 678 4849 2483 1805 6297 5258 6356 8557 6963 3148 4897 2962 1790 4271 7139 8240 4842 8876 8687 1172 6860 8583 1802 1889 9637 2730 7814 9347 253 4152 5743 5150 7780 6089 6518 6421 658 8819 4991 4317 8015 4473 7070 6926 5489 5534 1605 5969 317 1455 5723 9120 281 8601 8236 5636 1372 7188 3517 6703 4723 7480 5597 4110 4073 6414 7051 5694 9873 5919 235 7725 1996 3408 3322 379 9162 1951 7337 8965 6031 8024 7690 3940 7797 7718 8389 283 8204 1981 1382 5203 2263 5447 3864 2869 5240 9929 4810 5221 8697 9194 5606 7327 943 7285 9280 8549 8551 8154 1899 7652 1476 6558 8488 5649 3795 1555 5887 6587 7735 11 2154 2066 9527 4551 1594 3149 9702 4838 9670 1183 9680 9205 8426 7949 7567 3338 7210 9157 7947 7964 9593 1457 5326 2865 6034 2425 3311 7566 8540 5334 1277 1028 5423 8628 7880 6253 3985 3868 2075 2737 1421 2465 5378 2550 3516 1898 2847 9607 8685 1569 3108 2830 7978 6814 7707 5569 9668 1580 5928 3452 4595 2867 5637 6177 9064 1390 3615 7264 8445 9181 3183 2953 8580 7401 6268 6011 1987 191 6452 9515 6933 9103 8659 6730 4367 8097 8210 790 2631 2448 3749 679 9654 4359 9685 3209 7799 7321 2134 6036 2028 7063 3312 2364 409 3207 8196 3569 6388 2205 6953 5133 6151 4218 2649 8882 7496 2421 4105 62 7041 7679 1120 7175 1094 2329 2353 7596 2585 1572 7516 8458 1597 7557 5323 8464 406 8806 2568 9950 5645 4589 4058 4388 8932 7578 6158 7832 5774 4000 5894 194 853 5136 552 9846 6275 9625 5112 5316 4850 7288 3681 4170 2170 8897 9522 540 2221 3777 5128 2140 4845 3277 4308 4798 7603 6199 4697 2634 6856 9377 4305 390 1975 2573 3954 5018 3961 8632 7086 3750 5484 1523 2232 6597 5750 8764 898 1207 4916 4194 7413 3886 8509 6484 3163 6923 1081
1975 3891 3831 5734 3251 780 5934 3579 5721 828 6413 3564 3695 2709 8297 9856 5608 8248 4572 3747 2394 5779 9329 5144 282 4717 9989 4225 7581 1877 3330 109 4033 5665 1937 1427 2592 6504 511 4292 9292 7485 919 3360 4161 271 1897 9367 7608 1521 3947 2722 713 4223 7978 8132 7584 6285 8958 3735 4776 3281 4832 2172 9818 3144 7009 5342 1007 5906 9137 3228 342 2814 2465 6696 2427 4232 1188 5002 8455 8514 1806 2413 7011 4945 4759 1652 2961 8310 2272 9982 611 4456 6759 4932 2336 7285 591 8426 9267 7444 4054 6500 1305 6795 7793 9830 762 9507 9839 3979 6377 703 6208 9232 9388 8443 889 9315 7923 4039 4474 3186 8679 4078 1736 6301 5782 3730 765 3908 5460 7605 7120 8326 9103 9977 6607 5083 7387 358 9645 2460 2685 3054 4860 6621 2304 3630 601 6441 8013 6188 3195 1889 948 2607 8530 8637 2408 3000 5572 5387 7085 263 3485 4366 4610 6211 3633 5009 2062 1632 6931 811 4784 1693 9833 5170 5128 3458 4722 3993 3598 6953 6451 6028 4934 1939 1030 6344 2250 4342 9374 1215 4646 9072 1120 8493 971 3045 1643 9751 1433 1401 7753 7763 5778 4524 3268 2409 7805 7448 3260 3997 2804 4450 7950 3683 5091 5799 5359 2636 7777 2999 767 3511 9212 3351 944 3401 1026 7138 4753 2843 1712 1058 786 4743 4828 2966 2314 1645 9354 5185 7154 1577 2838 7708 1685 1414 169 2130 8148 4408 6280 4947 4362 5404 8714 2134 7354 1905 7779 2602 4519 9264 3036 8433 2874 562 9179 4898 9085 3543 2860 3341 2929 4655 2282 7997 9364 3200 5900 321 1979 3097 1328 7233 906 937 9794 7908 2013 6355 5070 4964 5991 7275 2576 9680 516 8303 8665 6857 5493 6058 8986 8184 7269 3767 8431 3271 6817 3426 1067 4003 1613 5699 5195 5169 323 1582 6849 7081 1057 5988 2867 6955 6054 9780 680 5770 6112 8274 9418 2488 7134 5547 5346 213 3403 629 883 499 6674 6794 2988 7954 2889 2588 7298 3014 2793 1630 7328 7066 9038 7869 4751 3240 7967 5312 6962 9668 2898 5805 4168 3885 5022 4485 6006 9301 695 7796 4231 6390 3126 575 1595 9272 1448 3427 5872 5879 9493 2611 7736 6134 3907 655 5729 9247 1407 6562 9012 3023 6010 8507
9559 4491 9789 8871 961 10004 1218 4021 3014 7767 9958 342 7788 786 9717 3149 5987 3036 3400 1195 3583 9901 6653 926 1941 5607 8417 1017 8895 6204 4993 205 9965 3956 906 5911 8115 922 2735 8110 6918 3362 8738 2344 664 3913 4438 5299 9513 3615 3549 6643 2911 3195 6863 9276 5628 9252 385 4256 1398 8319 456 5173 4503 7407 1362 5458 2969 1689 5594 5994 6650 6525 6320 1981 7674 3401 6000 5459 7774 3565 3467 2906 9191 7490 9904 1054 6554 5567 6350 6033 3912 9640 3423 1633 6703 1008 5678 9334 4122 7983 7110 5278 8678 4247 8188 1442 9592 2944 1648 8729 9134 3794 3042 2209 2444 828 1380 1885 6716 3431 45 1697 4006 988 9648 1835 6634 9701 6325 5992 7047 2773 567 8157 2592 1471 8839 7313 7 9240 2767 1758 6908 5347 9992 3600 1523 8524 4795 9487 8776 4808 1903 3143 7178 1787 6155 9716 8351 4111 5163 6488 8661 2618 6317 7580 2046 9782 5257 7843 4879 2820 6248 6266 2693 6440 8182 2633 8343 5699 162 3490 3344 2304 8604 8929 9462 8735 7943 5043 287 3695 7683 6618 2870 6330 10003 6420 2145 5141 848 7417 9384 4204 1713 830 983 5637 2462 7262 5127 3627 1167 9141 7408 6167 7334 842 8608 8135 6959 227 5598 5200 4147 8024 3975 2138 1527 7730 2292 979 6431 4965 5763 7472 3470 7314 4812 1109 640 8677 9449 6312 3569 2673 403 683 5145 54 4914 876 1859 1870 4690 5312 1929 7989 5919 6527 5923 5733 3420 7232 1075 7389 4935 1711 1227 7238 9891 8638 2180 3197 6466 3021 1374 3076 5467 6186 8566 6465 8223 9505 5203 8555 3645 7601 2881 9150 618 3037 8205 3071 1456 6813 9194 1891 5525 4680 7297 3183 9245 6778 1131 6280 9921 2683 8425 9436 3889 9202 303 519 7678 2607 3497 6958 5429 3722 7327 7235 5483 3010 8561 2454 8850 126 629 5857 8827 9695 7516 4743 9802 1287 5335 2367 1102 7033 5552 4324 7914 5796 5925 5336 7172 2978 4906 2464 6865 8879 9380 4998 4216 9338 3328 5480 8609 2933 8835 8107 2510 7741 5112 1601 3048 1018 3693 8080 2866 7124 2499 4921 4490 4984 6995 3088 3085 8684 3056 9437 8694 1071 8183 7438 212 3572 7081 6031 4309 5888 7677 7809 1621 9085 8517 1181
7400 8532 3984 6132 48 6882 1278 2895 7148 8519 1561 1758 7685 6998 8273 357 584 556 6114 3621 3135 9543 8444 1438 1156 7098 8437 7831 8038 1973 32 51 1283 6906 6521 7891 6135 4456 2503 4904 3638 4764 1407 2306 8984 4325 3489 9323 2079 9012 8774 5982 9809 5678 104 5773 6264 3867 4339 710 5566 2322 5808 4320 9485 9950 2707 4438 6076 1157 1896 306 5704 4950 4514 997 3635 356 5786 8687 8241 6709 594 8578 4860 2365 2276 4932 8087 7257 1893 5905 76 1324 3771 3381 740 9618 8567 2040 1743 5659 8879 150 6649 2497 6095 2389 7519 9928 7074 3194 2835 9051 6036 9097 6912 5330 9140 3380 5942 7742 687 5128 9209 4694 5295 1077 7769 331 5745 1815 1374 3853 7118 4467 5323 5526 255 817 9344 2914 8380 4135 1176 3128 5929 5319 6320 2758 9325 1682 2757 4520 9813 4884 7608 7272 3919 4024 8199 5039 1858 7849 4465 5720 1774 4509 6993 4262 984 1212 5989 3416 8803 5229 4171 4037 615 9413 4228 7733 7477 8258 8338 2465 2440 2399 5534 8674 5818 2335 8231 8694 1848 9834 5719 6976 2633 9120 7350 8450 247 2405 4343 9923 3063 3821 3463 4477 3338 4272 9006 9965 4733 2557 4192 4872 9990 4774 9429 1052 7728 3466 8885 8966 7898 9749 7581 7628 3302 1411 1512 6481 5824 1144 9480 5939 3334 5066 1502 8466 7078 2400 332 543 3691 9254 765 9659 5432 8907 4599 9142 2983 9694 3488 4518 203 1132 1855 3441 8844 2094 1031 6893 4098 3517 3765 4572 9498 2366 7081 6808 5960 4169 4434 6870 3660 397 2651 5547 1090 185 4705 8115 1699 4386 6391 3675 2423 770 3663 4805 8279 9173 1833 7808 7600 8860 8925 1026 2882 4725 4145 9198 1874 4673 4460 1709 2401 5137 2419 1564 6166 3306 617 9016 7980 3479 1301 3333 261 9633 586 159 9866 9374 6966 4618 367 8606 9309 4858 2762 8531 9186 4256 2175 9970 8744 1930 3564 9446 2681 9599 7335 6424 2128 4289 628 1829 8602 96 7361 1263 869 9029 396 7853 3671 3217 3273 2164 7150 8122 5313 7511 1509 2073 196 7525 8737 8323 439 4321 4283 1819 580 1350 8617 2122 5480 9386 4584 7116 4864 1571 9780 6431 5742 7414 5753 227 6375 6851 2428 4781 3036 4177
9821 2675 162 3646 2555 3968 8687 7620 4269 3977 1897 4490 5140 6206 4752 3168 7375 7870 4679 2648 518 3029 9949 7288 122 1579 7571 8992 2116 6050 5697 715 8956 9262 8563 2213 1806 7543 4543 9630 5564 2098 9623 1950 8980 4498 3552 1200 7750 8485 7689 5583 3330 5239 1565 343 2742 1873 9254 144 7219 8815 2226 4229 1910 6913 9514 8576 4636 6180 9913 4427 2635 8102 8662 7579 7404 7117 9048 1007 1029 6669 7913 1147 3260 9127 336 9135 8755 4129 1746 9446 2060 7159 711 9750 1758 7064 4558 1649 3683 214 3331 37 3441 8223 9661 4414 212 3728 6292 7695 4392 4579 2484 3051 5582 8532 3363 3692 3431 201 908 5670 1071 8339 6649 1876 3655 5772 838 9558 9849 7124 2655 4132 6154 5067 5686 7902 8334 2638 2503 4283 1198 8147 4733 1936 1752 8255 3309 4404 2197 4982 7548 8554 9003 4936 6672 2314 6775 6886 9870 7959 2023 9500 1348 8393 5937 3110 8881 9139 7961 1626 3245 7101 2217 1012 5040 6042 7285 5721 5958 3945 8249 4500 3155 4952 3496 2309 2764 7513 491 3385 9332 4675 3442 3021 1530 2287 7131 6269 7257 1272 3465 3459 4650 3401 6156 4670 9438 3648 2158 7720 4433 1444 9351 5907 9065 2636 2900 531 5452 4316 9658 6 4591 102 5549 72 1497 3834 5265 6411 9091 7482 1641 5271 5220 333 4727 3127 503 1003 1823 9172 6414 3492 3103 5267 6014 2836 3228 5472 346 7150 7501 2873 887 4835 1703 2971 1448 8557 3404 557 291 3057 4391 9781 608 5178 8670 5991 2398 108 4358 1321 8749 5320 497 2194 574 1920 4928 8260 7320 3777 1569 9556 239 3372 6909 301 1072 3137 8525 9756 567 8313 1803 3135 8922 6004 4821 4482 6728 1205 1754 7858 7061 150 6028 57 9478 5715 7149 2696 997 3014 7923 9169 2006 7871 9484 4524 8398 9948 2483 8253 3706 652 6451 1151 2466 6624 1835 6790 8912 7989 6075 5738 7587 5816 2111 2039 6324 1343 4382 6564 3738 4307 6441 3136 3720 7880 2694 1394 9269 2170 5338 6931 5941 2316 6378 631 5616 1783 7105 1423 8516 6539 3697 7442 9581 280 237 3769 3157 4555 7248 8062 6595 2588 2421 546 7478 2435 7774 3721 2678 4570 9274 6181 4711 6303 508 5014 1196 8544
4061 3106 7544 7217 7081 4056 9102 8171 7845 2507 1358 4277 258 2473 8107 535 2527 7395 1769 7753 755 8892 9828 4158 8869 9390 1038 7755 358 2637 5574 7989 3944 1313 8206 5901 8125 6969 6274 9137 6227 3456 8118 3355 3149 4012 7829 5683 1363 8288 9638 1845 2674 3233 7352 5301 7141 2153 1578 635 2691 4862 9223 9170 4680 5322 7976 1521 6946 5836 6017 5113 4431 9717 1174 773 5319 3568 5900 3320 5093 8401 2218 3686 2491 4534 4282 4269 1846 7479 5109 5225 2213 9682 3118 5162 9715 1571 7028 9573 9744 818 1390 7932 248 4458 9361 1791 3386 1999 2126 1934 18 78 8182 658 3129 7982 330 8195 3081 7503 345 214 1200 5619 4060 8308 5668 9344 162 1515 8137 4587 8772 3627 9199 3927 9691 6335 2032 579 3800 9883 8251 1972 2482 1317 7412 3398 9624 4624 6431 2990 549 9755 3638 2012 4549 6308 2388 9969 1187 3196 9693 5938 5784 6332 7631 4958 174 9140 628 9084 1737 4098 765 6907 8574 2902 8010 4779 681 3567 1095 1444 7220 1482 9684 2721 8914 5461 5402 2103 1496 6905 8971 9157 2257 948 5606 1637 3934 3298 9460 7157 8984 1573 6631 3318 5490 4649 6472 9862 7416 2604 7121 6123 4086 3147 4409 4077 9937 7539 3206 7708 4684 4528 5473 3020 4601 5993 9877 9442 723 5237 9838 2173 7615 8134 179 3144 1 8456 6311 6796 5590 4813 3939 7309 8833 6529 3551 4271 1449 1224 855 9056 7295 1605 279 3308 7475 5903 7728 714 2020 2961 1302 5386 5279 1501 909 8344 8529 6831 3646 424 9550 9306 7705 276 8907 1847 2277 6985 3098 9132 2216 4083 8746 8788 451 9194 9923 311 6963 7465 7888 8982 1970 2879 7572 1659 9574 4542 2694 9270 4844 2789 5423 2938 864 2266 4165 2476 2508 6163 6153 8138 9392 641 1500 6111 6468 649 9919 1105 9466 5966 226 8825 8117 8557 1273 6139 910 3142 398 4704 558 2965 508 2883 6778 9163 1066 2197 2851 3123 9173 9088 943 1595 2264 4562 8731 6762 2332 1071 6208 2224 2495 3740 1779 5768 9508 7636 8969 9554 8512 5202 1775 6562 2004 6137 1307 9397 4652 873 5483 1035 3347 4737 9018 4831 366 1049 568 980 9261 1627 5919 4552 709 8016 3588 1930 812 2581
3294 3457 6126 1697 5241 2247 6143 3326 7112 6116 3682 6495 3503 7002 7937 7469 297 2945 7688 1857 3502 2197 6061 9596 3385 404 6723 8280 4429 3317 3895 9246 2811 4266 648 8324 5702 5805 370 3465 4538 6698 8239 7564 6457 1039 5763 8707 4729 3809 6303 1587 7062 6034 9952 2768 7798 36 9722 8395 6619 8910 9465 4371 4823 5164 2521 1789 6993 4720 592 9433 716 4833 3179 1267 533 6134 109 235 5245 1453 3640 4825 4767 6273 7542 817 9802 2522 6594 8869 2593 7511 1967 1681 8417 2252 147 2699 6484 683 6380 1313 1409 2367 2337 8292 2047 5815 8392 2211 3282 5839 3628 7207 2269 1776 4570 346 8229 9549 7711 2295 6622 3311 5086 7997 5566 2780 5416 2534 4212 1360 7090 476 2438 3254 1390 1135 6721 8677 677 7571 64 4164 881 7105 2502 557 1370 5105 9229 1182 2395 6786 778 2533 9414 9491 9217 3564 9904 2289 7813 2062 7841 6511 327 6997 3926 8096 925 8378 4990 7039 5596 6832 1654 8773 1635 7541 6019 7926 4649 9682 6328 1628 3927 2894 2801 6251 1902 9580 6561 409 727 7653 3801 7891 6593 4064 717 9638 5055 9147 7452 8675 1074 3819 4318 333 5806 5175 5341 2411 3610 773 8529 34 112 4643 866 5079 4383 2441 7662 7018 4761 7464 6293 3572 8316 7290 804 7379 8155 4224 8985 9588 4973 5410 3725 2963 4115 5604 5244 6655 1764 6952 7855 3732 6577 7240 722 3642 4428 8519 2019 1366 5899 1725 9690 4740 6629 6925 8211 3115 3964 553 2164 7608 7730 3527 2238 2926 6456 6241 3887 827 7817 1268 5338 8010 7989 7154 7786 2418 7224 3898 3647 8439 7892 1391 5940 8597 6550 7596 105 1029 7748 9961 5985 4668 907 1944 1243 5297 1138 1122 4298 4303 8314 7687 7059 1626 4324 9149 7055 2420 6827 7650 9400 2263 2967 3321 3101 6743 4310 1921 805 2177 24 2097 5897 2122 5938 8994 2798 1843 6281 5954 5818 2793 7839 6908 6582 1244 95 3014 9002 1210 6844 9279 1264 6132 506 6490 9499 7629 8565 2895 7606 8127 9782 6492 9102 1374 4311 6726 2681 50 6943 4638 6862 5706 5011 7874 4964 2193 6855 2092 1886 2749 6566 4420 100 7025 8375 582 1411 1970 6089 4038 5878 890 315 9379 1428 3599
3482 7272 5482 545 4857 9527 3176 7971 1825 952 9127 2520 8096 2030 5291 3434 6793 5497 2571 2976 7643 6891 6058 6293 4677 5229 5734 558 7280 3894 5546 7855 4837 3490 5684 476 3543 167 9841 889 6622 4416 1999 6441 5320 2681 1155 3856 3082 6616 5607 750 9196 3834 7449 5372 2366 8644 3329 2618 8657 5752 6992 1020 5636 10004 3558 2193 7960 9012 330 2503 6467 159 1422 5895 3624 9106 1685 8728 6669 90 108 6542 282 2024 6482 2185 9548 4011 7339 7193 6153 2446 2771 3304 2577 1785 8892 4136 7544 1525 460 6719 172 3845 262 5994 8990 4697 1259 3226 8053 5562 4679 4832 9486 6311 1104 8976 7476 5016 2983 1250 9 1176 4691 2450 1977 801 4076 9447 9049 7996 1866 7824 5987 5376 1572 6141 4828 273 8814 9612 1314 7319 1156 8661 4958 4489 2519 3291 154 7418 6522 4252 4532 8994 3903 8763 4725 5708 5719 8539 9161 5778 1831 9768 369 9772 9582 7269 1074 4924 1231 8784 5560 5076 1080 3733 2480 6029 7046 308 6870 5223 6925 9316 28 2408 307 2065 3347 9052 2397 7494 1443 6730 2992 4467 6886 2047 6920 5305 655 3036 5740 9374 8529 1139 7032 3087 620 4980 122 3763 6532 2267 3278 7738 3044 4152 4368 1520 6456 7346 800 9278 7571 1169 1077 9332 6859 2403 6303 2692 3975 4478 9706 2669 3537 1358 8592 3644 5136 9184 6216 4951 875 9401 8173 1756 9645 9774 9185 1014 6827 8755 6313 707 2721 3222 8847 8065 3180 7177 9329 2451 6782 2677 1949 6359 1583 8961 5450 6897 4867 7542 1922 6715 966 6348 8770 8339 8833 837 6937 6934 2526 6905 3279 2536 4920 2025 1280 4061 7421 923 9880 8158 9737 1519 1651 5470 2927 2359 5030 204 7500 252 7979 237 5953 2118 7837 8410 9750 3942 6025 7840 2811 5371 7568 6768 5456 5706 6116 4787 3408 1947 6756 7838 3208 1619 1815 2937 374 3776 8955 6641 5648 7622 6056 6690 925 9483 1903 5483 5350 6733 7400 88 505 2790 4536 8200 1400 255 2380 5865 9579 2861 5453 1298 488 1161 2665 4331 3861 7093 5989 4979 5324 1887 8659 5355 737 6773 9467 5079 5488 9361 6106 6772 4662 3203 7615 2442 3565 5807 1078 4130 8735 276 3215 5233 4940 8062 8779 1549
7350 7198 7349 2393 5473 4520 8561 1979 7596 8402 8523 9522 6357 9172 5783 3027 9715 3071 981 5559 7463 9785 9190 2210 6774 1450 7529 6691 2915 1926 3106 9044 1170 3067 1775 8062 5964 2123 9033 8357 2445 5158 2002 8034 1515 9637 8547 4758 1346 8159 1720 3969 2854 9031 8754 8700 9412 8178 2952 9592 2469 394 6998 7021 7459 572 1686 711 9119 1293 3669 2362 6623 6406 4449 7644 8881 8508 7496 8238 1049 2068 4940 5247 9353 4879 2345 4994 4535 580 98 5712 2110 6610 3983 75 5274 8997 5496 4958 1674 3093 6621 6803 697 1891 5050 3426 5566 1070 2903 4308 608 4547 8205 2596 202 5082 7081 5556 3055 4157 5564 1467 9158 8562 6784 9472 6275 5435 2056 7322 2749 4856 1907 1874 3421 1555 1697 3531 9741 7917 9729 292 7231 5802 4259 5331 2686 2351 3803 5784 7832 1584 944 7900 8100 8428 3362 8263 1090 8940 1800 8103 2829 8990 1882 1833 6556 4695 8848 48 5630 8380 2883 8278 3116 7059 9923 1811 916 3451 5607 7942 9770 7164 4091 8658 7742 9442 2223 9197 5824 9899 6575 5927 4464 9670 7000 6624 1204 6325 5517 5793 1042 8461 1815 122 948 7106 5597 9927 1017 8420 4950 3262 8099 3623 1486 383 4178 6399 835 4519 3756 103 9723 1483 5982 8557 2773 92 6903 861 9365 2497 4843 9491 7507 1051 1671 8692 993 3177 9961 4275 2155 2681 8347 4430 6412 3258 8893 6126 9994 2728 4021 2539 6513 8227 8236 1446 8323 9194 1416 4271 2949 5184 6848 6775 6255 9405 4564 9834 4467 4071 2621 243 1947 3941 8412 6538 8268 5101 8313 1172 2670 5527 3808 9795 7205 956 5518 591 2918 6334 8734 2663 1913 683 4670 8807 3183 8770 5524 9407 4167 3579 213 7902 7703 2173 9115 2087 6172 863 8968 6249 589 3315 2582 2981 8839 6838 8760 7509 654 5423 4438 4824 8259 1884 1436 301 441 2672 5130 7560 5541 1029 6038 7448 7759 1064 4094 3059 3363 3061 2966 6813 8719 637 3794 2567 955 713 8722 5045 9422 6193 1698 8336 1610 5790 6641 2833 8196 9386 3332 4211 4852 2701 4377 1922 3900 1540 9678 5412 1618 4202 1635 5831 3506 9700 1045 2862 7443 3748 1691 4722 8492 665 8243 5060 1441 4312 9821 2044 9704 251
1979 4398 9566 4432 2817 8174 548 3252 6886 6041 8658 4544 599 8139 2492 7641 1275 4044 9786 790 5250 556 1664 1880 9039 3968 4858 8319 6790 5083 8688 8596 6844 4371 9922 3815 204 1487 1990 7218 181 1049 8877 6104 1156 2648 6696 3728 2463 8394 6913 5685 9275 7157 7286 6697 8533 4339 6267 3825 8226 233 734 6359 5577 692 4689 6841 9970 4294 189 9468 3871 9102 6473 2962 4409 2379 5054 9441 4227 8485 3860 6282 5851 6345 8356 4449 4446 38 4417 791 48 2432 9544 8799 1573 4933 8442 7392 5670 7249 9038 9170 2982 439 9878 2542 7723 5012 7771 5491 7756 3465 9637 5349 5922 7262 1454 3537 5352 323 2883 5080 4280 2968 3218 3628 2299 920 9466 4268 5350 720 9138 9334 449 7893 1288 6467 4153 3160 5134 3568 4202 8444 6995 9422 2995 2862 4245 4912 7607 8024 302 2048 5712 8919 7774 9899 3377 7091 373 2965 8817 8007 8680 177 1843 1373 4605 3501 2491 2836 9406 6171 2867 8256 4285 6979 2591 3000 6873 3618 4284 2174 715 5127 9961 1077 3319 8597 1642 6247 7795 727 2745 2452 5574 6291 9068 3215 9227 6678 7301 8723 6652 2455 9982 1912 2687 3958 6843 9573 8046 5942 3292 8953 1025 3634 1108 2169 6711 5754 582 6510 621 3772 3736 875 3388 9911 995 9589 4870 5937 9288 9580 1653 9067 8417 7351 8805 382 6182 5687 8878 902 3032 521 3608 6269 3428 1971 5986 4565 1434 7507 7860 2835 4601 4295 4994 1337 1744 6014 9014 3927 7993 1452 3934 1600 4577 9059 10005 2350 5807 5072 5868 7974 220 8318 1985 3207 808 1677 4303 3406 6338 4742 1324 9328 1640 6644 4043 4981 8921 7377 3644 9130 915 5455 4895 5978 6153 6440 4509 2543 2521 6888 5644 2403 290 4430 3214 4422 4802 9428 1804 4111 1490 6398 2839 3807 1792 6493 8999 1901 9874 3336 219 3513 109 5334 3896 9143 3338 9829 7265 5862 9165 8978 1066 499 7975 5025 187 9865 119 3349 2642 7887 2479 5218 6908 1674 9902 7785 2712 3999 3708 6433 895 9425 7403 8490 7871 5655 5223 912 1047 9274 2352 5410 8824 1614 1798 5302 241 9153 1353 8575 6009 5003 4554 8621 6885 1236 6782 6671 3687 5598 1527 4057 2202 5164 7620 440 4676 4418
5383 5554 6635 7207 3742 6065 268 5171 7608 9203 7816 7943 7751 5835 5895 3992 6475 8946 3792 6147 4005 8898 3313 6162 6031 7017 1429 9877 4118 1478 5154 5979 7332 3947 397 4582 9444 5009 9744 5501 2145 7849 6396 9617 5693 4061 7789 8299 7134 3222 9215 5434 434 2241 8807 6366 5565 9455 7829 359 2118 8205 5779 7004 9013 5503 1748 1594 2142 3441 768 5991 4950 6445 4894 7554 9915 6582 2717 4384 8719 3820 589 6498 9384 6912 7261 3030 7299 5494 8538 4724 1271 1212 7920 7313 2715 4781 4967 8074 6765 1416 7454 9751 9115 5270 2967 4794 7390 2441 9135 1300 459 2282 5672 3226 8421 2931 1933 9903 8964 219 9894 5747 3349 9023 3518 494 338 1283 8837 411 1803 5687 5252 6540 1047 5648 7990 3425 3944 5996 8961 5818 4266 2121 2606 1400 623 9756 3119 4643 2339 9368 81 7266 7041 6672 4866 3105 7422 6096 9125 3285 1713 3538 6531 7837 8778 7119 1196 1089 7318 6726 4154 4339 2641 9463 6241 5360 5116 3515 6093 4717 7664 8094 2795 8915 4942 8033 9900 4556 4598 6268 5004 5733 6128 2773 3275 3698 4792 7787 8696 3382 7476 5384 352 8511 5080 654 8606 1233 8755 6681 8083 9982 8293 8325 1973 1963 3948 5202 6458 7317 1921 2278 6466 5729 6922 5276 1776 6043 4635 3927 4367 7090 1949 6727 8959 6215 514 6375 8782 6325 8700 2588 4973 6883 8014 8668 8940 4983 4898 6760 7412 8081 372 4541 2572 8149 6888 2018 8041 8312 9557 7596 1578 5318 3446 4779 5364 4322 1012 7592 2372 7821 1947 7124 5207 462 6690 1293 6852 9164 547 4828 641 6183 6866 6385 6797 5071 7444 1729 362 6526 3826 9405 7747 6629 8398 2493 8820 8789 9939 1818 7713 3371 4656 4762 3735 2451 7150 46 9210 1423 1061 2869 4233 3668 740 1542 2457 5959 1295 6455 2909 6300 8659 5723 8113 4027 4531 4557 9403 8144 2877 2645 8669 3738 6859 2771 3672 9953 9046 3956 3614 1452 308 7238 2592 4179 4380 9513 6323 9097 8843 9227 3052 2932 6738 1772 6837 7138 2428 6712 6933 8096 2398 2660 688 1857 4975 6486 1759 4414 2764 58 6828 3921 5558 5841 4704 5241 3720 425 9031 1930 5495 3336 6600 9151 8131 454 8278 6299 3854 3847 233 7115
4092 9537 4457 2130 8721 6321 2385 3135 4365 378 6248 1865 6285 9531 5648 881 1469 4835 7153 7352 2875 5940 2961 8883 4185 6087 8806 4459 1733 2466 2067 6216 8217 6295 7546 4394 9632 610 224 6796 3164 3612 4747 4607 2376 9925 7495 9514 4019 9017 7607 7296 3984 954 1989 1685 1987 2082 8242 6336 4411 1254 2481 4093 4335 6333 3 5633 8862 3350 6719 3438 9265 8414 2215 6859 5669 1716 837 196 2347 671 3126 1148 3508 5377 9643 3430 846 3413 9224 1542 5355 4003 2186 7612 1300 3357 326 6563 4383 6812 9995 3607 736 5234 3004 5351 4797 4689 6113 3645 3200 6473 2234 8091 1285 1331 2207 8447 668 8725 5527 9889 4634 2020 535 101 6194 2577 5051 4305 2281 3765 9401 1432 7176 7790 5995 7054 1986 7284 6366 8463 7499 8720 1516 509 5262 7453 7844 5283 8288 7212 644 3482 531 895 8697 1078 7396 4148 8428 9443 3102 5912 8519 6390 3699 2488 7707 7460 1451 8408 3406 5610 8424 230 5605 4413 857 6233 9846 8166 1408 1933 2794 7008 1110 1044 4138 406 690 4358 6771 3123 6747 7887 1751 8900 5814 7958 2668 1998 4902 8864 2953 464 9191 3089 3489 4145 4020 3815 9483 5169 896 3495 2954 5269 1060 962 401 6686 4985 7399 8556 4049 3062 3845 3528 1407 7135 918 9135 4198 8510 3173 6829 1617 5478 4605 2773 6173 1742 5683 8944 7087 439 9150 6224 6629 1289 537 9711 9946 8330 8882 9387 4211 926 7547 9199 1501 8490 7143 9337 4129 7196 3820 3487 4542 268 8069 5652 87 8973 6334 4808 7509 6735 262 9260 4403 2842 7487 1095 9025 6019 2290 6982 6271 2303 9405 638 4673 9289 3650 7211 5846 1606 2658 3983 6156 113 3812 5075 9548 7277 2752 5338 2374 315 3743 3761 188 3935 5677 128 5838 3194 7664 985 839 9806 6099 6424 6957 6230 5438 2538 7789 1190 5178 4113 365 3825 7498 3915 9647 2636 8350 4912 6879 1699 9215 8332 8485 3132 9964 4757 2622 1122 8669 6636 4903 3662 4829 8344 6103 5630 4454 7729 3093 2695 1642 5519 1470 9640 9029 5225 9794 8481 3926 2460 3258 4967 965 4809 2307 8611 8142 6172 6944 3807 1064 168 7905 8185 2640 7556 2409 8378 9361 9372 2185 2807 9431 5484 3414
951 4190 6700 8815 4278 9246 3784 7235 7691 7238 2092 2859 5718 3602 3334 6497 4079 3716 719 207 1769 1929 190 140 58 6328 2601 6896 9937 1715 2641 8963 4921 6698 9212 526 3493 9960 2153 5761 70 3946 5099 1386 2902 2186 4214 1936 3804 3265 5183 4726 374 3644 5004 5233 4808 4111 7371 709 2192 3023 3185 1049 4751 415 509 1864 8089 8291 8222 6908 7555 4213 7138 1928 5392 8271 2185 9416 60 5931 6353 2642 3761 6797 4571 6124 3067 4458 3537 1226 4641 2236 4296 5673 7531 8977 2142 2941 9455 7329 9046 3456 2294 2790 4404 4249 9999 9422 8876 7180 3598 4128 9000 2580 6061 562 6354 7447 5637 4670 1483 8665 4032 8042 2610 106 6807 2586 4870 1811 3599 8933 869 453 2973 3103 7319 1024 4710 3550 3649 9015 4606 4180 8685 62 5534 98 8395 7592 1872 6501 3285 1213 2218 7869 1926 5789 4519 6439 5585 4985 4001 9192 4496 6001 2465 3871 4976 784 2315 3625 3772 9617 5193 2741 9127 2388 4145 622 4451 9930 8108 9523 3838 6523 8925 2457 5459 9982 7793 7005 3311 6059 959 2602 1694 1806 9595 9560 1497 5886 275 8285 9413 5659 303 2727 1899 6145 3902 3826 8905 6427 7967 2487 9511 6220 4025 4428 9492 4988 8409 4813 8122 6744 81 6766 5721 8010 8962 116 4822 1332 3614 952 8995 8576 6688 1190 1780 4749 812 6764 6118 4258 3209 6292 9747 9409 6453 2806 1228 4244 5988 42 9504 2606 900 9310 1087 7215 1654 9746 4604 4577 4933 4316 1703 5023 6465 424 3726 8741 8960 513 1070 5586 9790 5877 7065 1408 8542 3430 7455 4049 9671 4481 3975 4346 5755 1261 2697 7854 9907 7670 6403 2724 7498 517 276 3083 1282 3532 7222 5268 2864 9729 2975 2706 1064 6777 8541 8632 5579 6176 2752 1940 3010 762 6682 2381 531 7504 9333 1525 328 2768 8771 3005 6758 7309 3009 5964 4806 4508 3619 4963 8368 7948 1255 3888 6605 2655 6184 1164 6941 6008 6079 6996 94 9189 88 373 8846 3128 7360 7896 1570 6406 7132 3119 4143 1019 699 4177 4277 4441 1908 9362 772 4697 1127 9282 6645 4722 1168 6147 3505 7578 4651 251 3042 4417 6672 4366 1785 8760 185 6136 685 6956 8034 4198 5112 3809 7276 4556
7866 2552 6646 4554 9529 7681 4250 9831 7776 403 7925 5851 7253 9152 7463 7495 1143 1133 3118 4372 5628 6487 1091 1448 5636 4899 6092 4446 946 5213 3805 3097 3537 6260 1119 5897 8129 5385 9691 5545 7952 5495 7870 1758 4143 6053 7184 7838 8110 4153 4068 5930 6582 7251 9549 3711 1742 7319 6058 1188 7211 7482 8727 6766 748 4488 2616 3949 4534 3492 182 6762 1542 6991 1117 6294 4377 9639 5860 463 6022 8334 9724 3998 9818 5353 6036 5555 5967 4241 6614 899 9539 5696 2996 8575 6917 5799 7568 1663 7990 7959 9109 988 6883 2541 3826 3932 2905 1621 6320 9223 8380 593 231 2039 3403 2838 9917 712 1627 5129 465 5625 2079 5470 7829 4893 7283 3197 3701 3727 8573 7314 2047 1815 7839 2908 6029 1941 2842 9123 8216 3126 2784 622 9485 6408 1762 3349 3550 8683 5493 8267 8013 8397 2222 2102 5908 942 6007 6308 1598 5882 6103 7266 1568 1830 9865 1027 4145 5656 929 3584 1934 9235 5998 3091 4728 5011 3874 4411 2890 9602 8201 1100 4665 2506 5770 8321 7301 9631 7448 5469 3024 3017 9410 6285 1160 2762 4989 8241 3167 9656 7489 2334 9891 5873 2886 389 697 9608 7010 2349 1910 3992 1002 4104 8791 4069 728 8458 5124 6461 6252 2707 896 5131 68 9377 7832 9301 2904 6823 4444 1343 1461 8059 9273 8462 4330 3958 7751 362 1053 8991 4397 5669 3352 7958 4304 9119 9010 5629 1285 2967 9328 2548 7440 7057 8030 19 4093 5971 3447 4111 2398 7194 5853 6856 2897 3209 1319 6225 3063 279 2518 3388 812 1791 2596 7919 7042 6004 1900 5977 2256 5360 9650 8680 1085 2639 4387 7654 4606 9214 5163 3723 9367 9817 548 4160 7682 9055 1700 5649 7322 459 6816 830 8225 6343 9661 1493 1707 9263 440 5584 5214 8610 4973 1410 3172 3660 6862 1706 4458 8571 7711 8302 6069 4008 7833 4099 4780 4696 1356 3884 2426 1636 8346 7342 6496 4308 8325 6507 7128 8947 3124 3181 6877 3732 2577 6687 1419 6389 530 7733 3935 7313 7249 9946 9966 5996 3488 976 9265 43 9336 960 2434 48 3340 333 1806 4622 6038 5158 9719 9994 438 5981 1462 2857 1142 6335 1242 6499 8716 3946 126 7871 6563 6019 3926 4096 372 9075 7737 3141
3653 1427 2980 9930 1314 393 8089 1497 9099 1152 2529 4387 5833 9005 9804 6311 4185 5902 312 9157 9653 1260 1105 6855 6278 5732 4036 454 984 5856 9443 2917 7425 3210 4303 2493 1526 8346 5521 888 4898 9473 6969 3663 9449 1726 8674 455 5789 7732 7316 9836 9966 4175 7887 1566 406 505 5871 1462 1036 5541 6925 2390 6961 5251 4448 8735 3357 141 8076 9081 4725 8789 2645 1375 3295 2441 1841 857 6048 1352 2857 9328 727 1832 7647 9178 481 628 6473 2049 9604 5983 9251 1001 7485 1307 6786 4964 6379 694 3379 5781 9320 2315 6838 4649 3861 167 2915 7822 9465 8557 8669 6451 6416 8360 2742 7138 5141 6269 2515 7166 9590 8762 3001 758 682 5761 3283 4823 9350 6367 3076 881 1284 6348 1844 5265 1669 4978 3600 6944 3622 2577 4866 5818 6979 1678 8195 470 7815 5851 5432 3544 8053 8643 1605 7675 3620 2974 1114 65 3148 6603 6265 3309 9669 8091 1100 2844 6905 6360 9469 7763 6166 7950 4071 8517 6602 1460 1433 1789 1172 8566 1879 3321 7287 582 5597 5816 7376 7933 2442 6646 2733 3921 8271 5398 286 4311 905 6527 1337 831 1202 2611 8124 9560 4710 6763 4526 3259 9587 4354 7380 7139 9946 8145 388 4078 2124 9727 6585 9838 9569 7927 3633 5397 5488 2435 3032 9615 8803 9873 7625 3538 9244 7394 4360 6189 8388 7191 9631 5627 9868 3614 4165 9872 2820 1662 1364 475 1819 5224 4804 8118 744 3461 9518 3040 8027 3797 2864 2935 3852 6957 6045 6951 7236 5702 9991 4216 4752 8433 3262 3988 9982 999 7882 7562 1033 1133 1297 8771 6218 7635 1553 7990 6138 3501 1578 8031 3003 361 4434 1507 7114 9905 1273 3528 1222 8648 5616 7048 2992 7548 3812 4890 1054 1968 665 4132 1412 954 1804 3198 6685 10002 7036 5374 5050 9322 1918 583 395 7692 5249 4845 4983 7611 6317 2994 7151 7564 636 4885 7050 2595 1293 9565 8721 6136 3898 7833 2278 9179 5286 2504 4346 8968 2138 6948 2828 74 6365 3473 7136 5538 2517 6769 3335 4508 6832 5840 2612 2922 1429 2583 3675 7067 4224 3164 3427 6260 9305 289 8719 6533 146 2080 8454 4097 3356 5343 6200 1201 7813 6248 1680 7798 4222 3561 9682 507 5474 5214 6789 9372
8952 5108 7610 1306 1775 3745 2973 6110 8853 9749 2012 1732 7277 2361 7508 1539 556 545 7732 7110 486 4433 6503 5895 6499 6689 9002 5190 1340 5033 7487 704 1188 5184 2531 3784 235 9225 5956 9401 1041 9346 6955 6236 3856 5957 4199 2917 7219 3867 8777 4821 9541 3272 1797 9385 4217 9351 959 5609 3228 524 6897 7742 5125 9239 3177 5644 1284 6142 2501 9739 3997 2986 8533 3220 2112 1896 4744 9815 8925 5464 6993 8700 5095 5187 6939 9412 3861 9968 3572 2289 1786 6565 3595 2727 4906 7679 2620 1128 7087 48 1313 5389 6870 8098 4508 6626 6497 7086 5250 9444 7516 9958 5557 3543 3042 7424 8206 3084 9094 6942 3813 9489 3587 4315 9912 4681 7310 814 9374 1397 8729 4342 9556 5298 9923 7501 7932 7438 5427 9334 9337 3738 9366 2985 3728 1344 4239 4984 2203 8850 5341 6391 8113 6534 4745 4613 794 3337 3905 1234 6060 8771 6012 8292 6027 311 4146 8434 7861 6521 2322 239 8431 3453 893 8703 9503 808 558 148 1477 2856 4317 9515 8433 3056 4645 4449 3327 5890 2488 7316 9630 616 8649 208 9581 5339 6788 4361 781 914 9538 8871 6176 5759 3474 1728 8071 4864 6009 3884 399 6692 3403 811 4966 5776 5103 3599 1933 2403 9178 275 1285 940 4377 7612 909 5527 9498 6804 1185 776 6910 158 9499 1602 3061 8656 3822 2699 457 5186 2134 7536 5988 3049 1031 1324 8209 7492 4715 561 4556 7105 6482 5060 7131 1321 3801 1864 1089 9825 6940 4210 5737 7841 484 4830 2751 142 2668 1607 7072 8029 3194 7273 3155 4 40 2901 388 3872 2781 4194 8913 7846 4495 4203 2123 4716 5366 6432 4978 3394 7601 8096 4905 2874 744 3255 168 7514 348 1805 7797 9218 2342 6276 5923 941 9182 9488 8789 2439 2032 7769 4769 9856 5790 2324 9849 2176 9206 4724 3778 1426 7976 8711 7915 5809 3556 5465 1791 569 2968 2099 9480 370 7445 9041 2452 4455 2136 7139 9740 8802 4862 6406 132 4653 2861 8328 8888 7805 7630 7343 9274 1233 1255 6895 8139 1373 3486 9353 562 9361 8981 4355 1972 9672 2286 7385 937 9976 1984 7290 4784 1875 3909 440 3557 263 3667 8449 9887 4640 438 3954 6518 7921 4618 4805 2710 3277 5808 8758
660 4832 7271 8469 827 6707 339 3505 5495 753 1382 1613 791 3846 2852 21 6586 9347 6670 2680 4142 4138 4932 7435 5936 8281 8124 4264 9942 3643 8123 9466 8066 5770 1204 6925 7101 2186 2131 8045 4935 1836 1557 1900 8867 1880 2830 4388 5342 6106 4557 6820 2926 5346 5312 2054 8319 581 5503 9172 6383 4611 6108 4160 565 8679 9177 387 3984 5480 8734 3263 3497 7083 5759 8391 6303 477 6133 4201 7437 5539 2026 3870 8095 5017 5573 5284 7612 5826 95 1904 8073 9384 4329 2043 5499 9966 8886 3112 8453 4003 6712 4350 2878 4867 5327 4080 6438 8704 9218 7259 844 8336 2210 7374 3034 3922 7780 2499 5046 4820 9653 5971 6337 3735 9875 1932 2515 1870 4815 5642 6598 6965 9168 7177 7114 4609 6505 408 4819 4848 4095 8464 6823 7334 967 8938 2797 5935 3476 6248 6391 3023 1102 7158 5882 8993 6890 9045 6575 6527 6048 6063 8089 6208 4324 8039 6126 587 4312 414 3628 6097 1340 9950 2055 3117 2457 3376 6084 8924 5576 9692 3233 9452 838 9527 961 122 1548 8690 1990 1009 601 1533 6664 3871 2893 6893 3446 2196 146 6791 3679 977 6953 1543 4679 2617 1637 6034 8842 1839 5965 7528 2486 2623 446 7283 6087 3325 1197 3311 3976 7068 3733 265 8187 6769 8046 9740 3712 9437 8819 1401 2845 6414 3461 4222 8272 4907 7394 9071 1414 5268 781 5831 4106 1277 7445 3951 7027 6868 3405 5331 3286 3935 196 6873 7416 4704 2658 8509 2894 1691 5322 69 7065 9332 4644 4561 6026 423 6845 2967 2211 2172 4910 1795 4692 5040 6011 8404 8726 4851 8503 4085 442 8077 8590 1826 3542 3154 116 2739 7441 4745 9530 5369 5750 5174 9433 9613 3904 1346 8759 3304 362 3943 8615 1867 407 14 2972 6222 1545 4282 6369 7390 9865 3917 3769 3126 5674 246 6955 1146 8431 8370 5468 1109 765 9007 4111 5288 6818 3323 1594 9566 8230 3237 8658 8342 1019 8623 279 5408 3012 8289 6536 9265 2933 8960 8437 7179 6717 8361 2251 4239 9901 6778 1256 6610 4583 1659 1667 79 5080 8078 3388 3702 1415 66 2657 3704 1018 3818 8410 7535 6100 5748 5571 5681 3860 73 6271 6829 6143 2216 6183 4283 1167 9266 7738 829 6310 4091 9258 9326
1453 2773 935 5526 9853 6542 8317 1221 8797 6011 8647 5765 7443 4591 314 3707 5669 6485 4621 4366 9952 1901 3908 795 3295 7395 4112 329 5733 3788 4601 8336 2453 4413 5626 10 4009 5764 2638 2715 2441 6795 3128 5520 1037 5293 1065 9742 3558 221 7157 1320 4156 1602 8221 263 8827 56 4885 1997 4866 765 9250 1150 7880 2906 9559 4859 7158 6125 6032 9482 5133 2804 9792 3640 3958 877 7032 1115 9824 7295 3948 2862 8286 2371 676 1899 4305 7050 7549 3564 9037 8406 8572 5642 6841 4004 1753 3265 3343 7874 4097 8310 7614 5672 886 242 7992 688 9524 6803 1540 514 4035 603 1379 7455 2209 2812 8204 8641 6956 6194 7346 8835 8475 9886 4995 176 1079 6963 9808 464 3953 6873 7659 1743 5250 4597 9130 4956 2914 7971 9860 149 1435 6346 7195 3784 5395 832 954 6758 5469 6157 9687 9472 7118 4058 1041 4499 8569 1234 1213 378 1010 5649 448 7129 6878 1663 1116 4622 9171 1821 9781 820 3336 4260 972 3185 9216 7899 4138 5175 4474 8528 4369 4353 7529 7534 1538 911 283 4857 7555 2373 279 5651 51 874 2624 5494 6198 6552 6332 9974 7541 5152 4036 5408 3255 5328 9128 5353 9169 2218 6029 5074 9512 9185 9049 6024 1063 132 9813 4475 3326 6245 2226 4441 68 2503 4495 9363 3737 9721 2723 853 1789 6126 830 1351 3006 9723 2326 4605 7542 9957 5912 3281 167 7869 86 8937 8242 1098 8195 5424 79 5323 5117 5980 9797 7651 3331 249 1599 3813 4642 5201 9320 7269 9109 4121 3546 2603 4659 6830 1184 1131 6648 7290 9944 3489 8914 7804 7985 7081 6399 1678 3142 2741 7287 5536 7868 5288 7061 362 4186 5654 4459 6502 6250 6237 3814 9447 7077 7193 4181 1643 5086 7130 1676 3539 8996 1534 1705 2786 3358 9900 2216 6426 1322 3759 5354 3967 4094 3902 1986 2046 143 2626 5097 9950 2298 156 5049 9471 2313 2182 3168 7587 6028 269 7636 1305 2130 3483 98 6555 733 5595 1160 5895 1652 8303 4000 2547 5768 1844 212 3940 4450 3285 9380 5366 1585 6592 8399 4958 2517 1716 5606 3980 6517 8276 4356 1930 3155 5164 1654 7906 7752 8300 9599 6926 2142 1101 2596 1045 3705 6066 2733 8875 535 4870 9978 6747
4142 864 1092 5869 3296 8683 5109 4051 3917 495 9293 4108 7613 7357 8138 8218 2345 2320 2279 5414 8554 5698 2215 8111 8574 1728 9714 5599 6856 2513 9000 7230 8330 127 2285 4223 9803 2943 3701 3343 4357 3218 4152 8886 9845 4613 2437 4072 4752 9870 4654 9309 932 7608 3346 8765 8846 7778 9629 7461 7508 3182 1291 1392 6361 5704 1024 9360 5819 3214 4946 1382 8346 6958 2280 212 423 3571 9134 645 9539 5312 8787 4479 9022 2863 9574 3368 4398 83 1012 1735 3321 8724 1974 911 6773 3978 3397 3645 4452 9378 2246 6961 6688 5840 4049 4314 6750 3540 277 2531 5427 970 65 4585 7995 1579 4266 6271 3555 2303 650 3543 4685 8159 9053 1713 7688 7480 8740 8805 906 2762 4605 4025 9078 1754 4553 4340 1589 2281 5017 2299 1444 6046 3186 497 8896 7860 3359 1181 3213 141 9513 466 39 9746 9254 6846 4498 247 8486 9189 4738 2642 8411 9066 4136 2055 9850 8624 1810 3444 9326 2561 9479 7215 6304 2008 4169 508 1709 8482 9983 7241 1143 749 8909 276 7733 3551 3097 3153 2044 7030 8002 5193 7391 1389 1953 76 7405 8617 8203 319 4201 4163 1699 460 1230 8497 2002 5360 9266 4464 6996 4744 1451 9660 6311 5622 7294 5633 107 6255 6731 2308 4661 2916 4057 2726 1744 6538 5594 2845 3140 9628 2656 5632 5309 4379 8858 5396 2120 1951 473 3653 2864 4372 5244 2271 7002 3553 2700 6905 7797 854 3077 7123 4552 9542 9720 4408 8105 9765 479 2462 4113 1617 6730 7510 2785 5043 7145 185 779 2954 6521 3965 974 9278 2082 9494 9241 4423 124 7884 8602 6177 2200 6085 448 3612 5999 7512 2388 8795 2891 4016 5861 4884 3682 2111 8741 3603 2782 635 1517 6566 36 5338 3626 3220 3755 2631 5591 8444 7519 6002 1913 8016 2414 3634 1632 8756 5629 901 8758 5232 4653 4504 9063 9735 6434 6224 7881 4194 549 8581 5342 2832 717 5254 286 5748 2297 1841 2294 7440 6673 3814 5930 6198 3035 5453 5816 8813 9325 7763 7603 9342 9392 9474 3204 6931 2636 9602 7817 6891 569 4611 2834 320 9006 6039 9579 7379 3771 9462 5586 4433 8146 6630 7346 5318 7596 5728 6267 4349 4806 9158 5888 4528 4299 4724 5421 2161 8823 7340
8793 2467 7303 8029 4016 5040 1916 1596 5074 5174 5338 2805 252 1669 5594 2024 172 7542 5619 2065 7044 4402 8475 5548 1148 3939 5314 7569 5263 2682 9657 1082 7033 1582 7853 8931 5095 6009 4706 8173 5453 4995 5845 7239 719 4036 1070 9415 9091 3356 5959 4624 4436 1726 9290 8886 9024 1645 351 7035 1185 1598 4677 8926 1084 6636 5334 3599 2755 170 7939 1867 6319 3213 9327 6545 8387 3002 6179 982 6869 4115 399 7514 1170 9579 6558 803 7376 8549 866 9881 6653 6963 5470 6624 7716 1101 8265 7205 7468 294 3339 4330 2753 567 4187 6121 2488 8138 7397 9384 234 5242 1847 282 5721 1832 8263 7602 3716 4548 9515 9255 823 3406 6041 8361 8163 7438 6249 7101 8098 5330 4393 5258 8678 277 1710 2459 8891 3028 1018 9730 1602 3883 6423 2583 4291 5491 7459 7084 6469 3459 524 7719 5509 3886 824 8211 7917 6234 5075 9979 7214 678 7171 4210 6559 5608 9252 6422 7785 2415 7618 540 4543 5504 9882 1451 8839 3343 3536 250 2066 1842 6278 6348 2460 3689 4904 8898 6642 4143 4848 0 1656 3171 7657 7809 7658 2607 9534 480 6446 3021 7411 6605 6484 5485 8650 5835 9224 1973 5292 1929 4019 9448 7544 5222 5817 2790 8233 3550 7478 8316 2085 3074 1894 5963 3830 1933 3225 6945 9043 2877 5974 6650 2555 9849 2998 6973 3485 5370 6460 242 3654 6848 3280 1031 2146 5976 6253 6307 5595 6829 2048 5415 2531 4606 8009 7986 7548 4428 3314 4289 5888 3707 1331 2638 8384 8601 551 7363 6126 6499 7511 6769 3951 2932 60 9760 5654 121 2655 6 465 4420 4902 9295 2890 8397 1017 4925 9733 6010 9511 42 3326 1907 8386 8204 4303 3109 9957 1574 9441 3930 2097 692 4392 453 6802 2404 4798 9925 7926 9451 1945 843 9443 3533 5849 6445 8223 5535 8732 9572 2944 7685 2251 144 3093 3126 1579 3445 3303 1469 5266 7090 5278 4708 7776 9205 741 9676 2314 2649 1197 9223 7175 3416 4056 7107 6907 6579 1638 6744 3910 6067 3200 6904 2171 6017 3118 3167 8451 305 6159 4952 9377 6627 2117 6729 1884 7948 5084 3189 4084 1549 9400 7065 5237 7843 909 6349 7265 5565 2777 5810 9183 5108 8432 9080 536 5337 8007 8383 3796 8682
6544 104 7555 4564 2861 5672 3077 2824 8013 3714 1467 2185 9767 5790 9675 4038 7202 9589 1095 5978 2378 6481 7606 9451 8474 7272 5701 2324 7193 6372 4225 5107 149 3626 8928 7216 6810 7345 6221 9181 2027 1102 9592 5503 1599 6004 7224 5222 2339 9219 4491 2341 8822 8243 8094 2646 3318 17 9814 1464 7784 4139 2164 8932 6422 4307 8844 3876 9338 5887 5431 5884 1023 256 7404 9520 9788 6625 9043 9406 2396 2908 1346 1186 2925 2975 3057 6794 514 6226 3185 1400 474 4159 8201 6424 3910 2589 9629 3162 962 7361 3045 9176 8023 1729 213 929 8908 1179 9318 9857 7939 8396 2741 9478 8118 7889 8314 9011 5751 2406 923 92 9937 2066 8371 2700 2606 1251 5033 4831 4900 6214 5567 8909 5984 1187 7730 4851 930 3706 3055 7191 6769 473 9361 6325 8551 6998 48 8664 9585 1889 8481 879 8826 7449 5591 4145 973 174 3667 5793 4076 9666 821 325 8718 8873 3123 3700 4246 5942 9524 8994 4122 535 7061 2553 6768 5675 7485 8452 1632 4457 9090 5080 505 3009 6315 529 8252 1304 9523 4189 2246 2662 142 12 5803 2091 8412 9572 9473 4107 8516 8942 4437 3053 7588 3017 4727 5530 1243 6621 9837 1902 897 5253 1189 7333 8603 6683 7537 8137 9121 3930 8626 7121 650 9251 8146 2331 800 9497 9350 3505 7929 374 3995 727 8977 2493 8671 3192 5014 3599 9284 6599 4197 658 7663 3140 5329 6117 9811 7063 2156 513 1421 1309 3527 3562 1618 7236 2840 4837 3709 7463 2812 388 1216 6977 9220 9296 4217 6695 5155 628 3611 6902 9097 8694 3630 8134 4713 8309 5000 6378 3034 6356 7401 5112 4160 2999 8300 1783 9508 2163 4127 4546 6434 1925 1335 8373 2303 6358 7004 8864 9913 6830 3375 3713 6669 309 1887 8878 7134 3073 3618 509 2215 3812 2028 5907 1461 3376 8518 8545 8189 8806 1412 8099 6657 2691 9396 4381 4162 2602 2045 7536 3332 7245 6057 1707 4580 9692 5667 9073 3451 8641 9147 8776 7367 1854 418 5268 3215 5452 6719 391 5624 2598 2839 32 1833 9590 5900 7854 251 3393 140 409 2051 6345 4581 4490 7543 6946 363 1175 105 2353 6440 734 2584 5618 3789 1590 2787 347 4351 110 6364 5813 106 7158 8316 8614
2855 5354 4649 9497 7841 6326 1840 1688 1839 6890 9970 9017 3051 6476 2086 2892 3013 4012 847 3662 273 7524 4205 7568 5478 49 1953 4275 3680 6707 1264 5947 2019 1181 7412 6423 7603 3534 5667 7564 6272 2552 454 6620 3523 2847 6942 9655 6499 2524 6012 4127 3037 9255 5843 2649 6217 8466 7351 3521 3244 3190 3902 2668 7449 4082 6966 4891 1488 1511 1949 5069 6183 5208 3609 5790 8166 6859 1113 896 8946 2134 3371 2998 1986 2728 5546 6565 9437 9744 3843 9376 6842 9491 9032 5077 4595 202 6607 1100 8480 4572 9771 3487 9993 9455 6171 7590 1111 1293 5194 6388 9547 7923 56 5567 7400 8805 5105 9044 2695 7093 4699 9579 1571 46 7552 8654 54 5964 3648 3052 1274 3962 765 9932 6553 1812 7246 9353 6404 6371 7918 6052 6194 8028 4231 2407 4219 4789 1721 292 8756 9828 7183 6848 8300 274 2322 6081 5441 2390 2590 2918 7859 2753 5587 3430 6297 2593 7326 3480 6379 6330 1046 9192 3338 4545 120 2870 7380 2768 7613 1549 4413 6308 5413 7948 97 2432 4260 1654 8588 3148 2232 3932 6720 3687 314 4389 1065 417 8961 4160 1490 1114 5701 815 7 283 5539 2951 6312 4619 5445 1596 87 4417 5514 2910 9447 7759 2589 8120 5983 4880 8675 889 5332 9016 8253 4600 4213 5980 472 3047 7270 4589 1393 5358 3855 6994 9340 3981 1997 5548 6168 3182 5490 7674 4451 8772 6652 7178 2837 8927 902 7755 3383 616 4484 7225 8518 7036 1003 2717 2726 5943 2813 3684 5913 8768 7446 9681 1338 1265 745 3895 9061 4324 8964 8568 7118 4740 6444 8438 2902 1028 2758 9598 2803 5669 7167 17 8305 4285 1695 5453 8 5088 7415 824 3224 7160 6410 5180 9167 3297 7680 3260 14 3897 8664 8076 4710 2392 2193 6670 3605 6584 662 5360 3458 739 5086 7812 7079 7478 3329 1328 3250 1999 5151 9920 8935 9321 2749 6381 5933 4798 4938 7169 9627 2050 31 5526 528 1938 2249 5561 8591 7556 7860 7558 7463 1303 3209 5134 8291 7064 5452 5210 3212 9542 3912 683 6195 2826 6107 280 1131 7330 2686 3876 7829 8708 9349 7198 8874 6419 8397 6037 4168 9909 6115 8699 6132 321 8003 4190 5542 7359 1933 8245 6188 9219 2982 5162 2733 9557
1476 8190 6392 3043 2354 4026 2365 6846 2987 3463 9047 1393 9655 789 9465 8483 3270 2326 9584 9879 6360 9395 2364 2041 1111 5590 2128 8859 8690 7212 385 9603 1104 1976 9010 3734 285 9439 3637 4529 7593 9816 3855 1284 6274 6452 1140 4837 6497 7218 9201 845 8356 3462 4242 9524 1775 3877 6924 7518 9693 3253 697 7713 6010 8821 6226 5973 1155 6863 4616 5334 2909 8939 2817 7187 344 2731 4244 9127 5527 9630 748 2593 1616 414 8850 5473 335 9521 7374 8256 3298 6775 2070 358 9959 487 9370 2323 5176 4251 2734 8652 4748 9153 366 8371 5488 2361 7640 5490 1964 1385 1236 5795 6467 3166 2956 4613 926 7288 5313 2074 9571 7456 1986 7025 2480 9036 8580 9033 4172 3405 546 2662 2930 9774 2185 2548 5545 6057 4495 4335 6074 6124 6206 9943 3663 9375 6334 4549 3623 7308 1343 9573 7059 5738 2771 6311 4111 503 6194 2318 1165 4878 3362 4078 2050 4328 2460 2999 1081 1538 5890 2620 1260 1031 1456 2153 8900 5555 4072 3241 3079 5215 1513 5849 5755 4400 8182 7980 8049 9363 8716 2051 9133 4336 872 8000 4079 6855 6204 333 9918 3622 2503 9474 1693 140 3197 1806 2727 5038 1623 4028 1968 591 8740 7294 4122 3323 6816 8942 7225 2808 3970 3474 1860 2015 6272 6849 7395 9091 2666 2136 7271 3684 203 5702 9917 8824 627 1594 4781 7606 2232 8229 3654 6158 9464 3678 1394 4453 2665 7338 5395 5811 3291 3161 8952 5240 1554 2714 2615 7256 1658 2084 7586 6202 730 6166 7876 8679 4392 9770 2979 5051 4046 8402 4338 475 1745 9832 679 1279 2263 7079 1768 263 3799 2393 1288 5480 3949 2639 2492 6654 1071 3523 7144 3876 2119 5642 1813 6341 8163 6748 2426 9748 7346 3807 805 6289 8478 9266 2953 205 5305 3662 4570 4458 6676 6711 4767 378 5989 7986 6858 605 5961 3537 4365 119 2362 2438 7366 9844 8304 3777 6760 44 2239 1836 6779 1276 7862 1451 8149 9527 6183 9505 543 8261 7309 6148 1442 4932 2650 5312 7276 7695 9583 5074 4484 1515 5452 9507 146 2006 3055 9979 6524 6862 9818 3458 5036 2020 276 6222 6767 3658 5364 6961 5177 9056 4610 6525 1660 1687 1331 1948 4561 1241 9806 5840 2538 7530 7311 5751
144 9478 7974 6308 6778 3546 4650 5660 5315 8752 1980 5284 9902 3866 1172 5560 5151 1278 4533 3867 5977 7436 3024 8197 7074 4832 9561 6509 1904 356 7424 5406 5699 2577 1860 9090 4936 8931 1473 850 9435 1499 5696 8176 6239 5464 4193 1308 8585 105 2209 4859 9205 7126 4517 7043 5982 1440 2397 7569 1641 7530 4379 4415 7276 4763 8247 7156 8569 3281 2214 8870 8578 6498 9091 9741 800 9353 7769 1969 2464 9280 7249 5119 7630 4543 1882 4723 6180 2165 3586 6717 644 291 5316 3550 3856 3157 6814 6407 2137 9144 4224 158 6699 4217 6551 3574 9099 8153 5801 2344 3079 2283 177 7931 9840 6166 4944 7343 6474 3848 4745 1813 3409 6827 8830 6511 1507 4108 3170 9237 774 4507 9028 7236 2696 3256 2173 1998 1711 3642 5608 5630 1263 2507 5748 7861 3721 4937 3729 3349 8730 6347 4040 6661 1753 5312 4344 6359 1658 9159 6250 8284 4815 7932 4638 8042 2817 4255 9015 4813 8329 886 2289 8993 9180 7085 7652 176 3126 7964 8293 8032 4802 5509 264 5672 2933 1243 6477 8256 366 5439 4152 4443 1718 7256 8733 748 9668 280 2496 2928 7239 7104 8884 5799 2741 9334 6537 6353 2849 7910 9005 6798 9583 2142 3148 3597 9537 1266 6915 1369 1480 4464 2553 6624 4094 5949 2987 531 7711 3475 3733 2555 6227 7846 1695 6818 5613 9641 636 1879 315 552 8546 2843 9101 7756 9553 8097 6910 7365 2107 5092 7986 3926 9276 8043 7622 6131 6888 1725 863 1851 5873 8066 8060 9251 8002 750 9271 4032 8249 6759 2314 9034 6045 3945 501 3659 7237 7501 5132 46 8917 4252 4607 9192 4703 143 4673 6098 8435 9866 1005 3685 2076 6242 9872 9821 4934 9328 7728 5104 5604 6424 3766 1008 8093 7704 9868 608 7437 7829 66 4947 1744 2095 7474 5488 9436 6304 7572 6049 3151 8005 5158 4892 7658 8992 4375 5209 9779 3264 585 6999 4709 8959 5922 3343 9921 5098 6795 5175 6521 9529 2854 1914 8378 6170 4150 4840 7973 1503 4902 5673 7738 3119 4350 5168 2907 6404 7736 3516 598 9422 9083 1322 5806 6355 2452 1655 4751 622 4658 4072 309 1743 7297 5598 7615 2517 3763 6607 2465 4078 9125 2992 4542 7084 2847 8307 5253 1045 5752 7067 1218 6436
9786 5744 7521 28 1349 4316 776 2976 6584 893 4769 5922 2209 3725 3009 5037 2759 4627 4088 6006 5549 1197 4467 5827 6056 5631 4934 8194 1532 3015 3846 4008 1872 5574 1238 1332 2687 8912 9114 9045 7731 8378 5036 7961 2751 6215 9094 3008 232 883 6754 7176 3465 4584 7620 5394 6947 3890 5281 4360 2049 5464 3059 5119 6496 8354 9800 2965 3764 271 8152 9869 4279 3117 3613 5227 5072 815 238 9699 8003 4421 4951 9823 3403 6884 1385 7177 8270 6460 5493 2306 9488 4855 8865 3433 929 7630 3409 5693 2634 4422 9756 1692 1276 3796 3926 8142 1847 5533 4373 4472 9838 5429 5003 9508 885 6357 921 9218 8415 2695 7324 4108 2036 3041 8692 2749 6612 5342 7262 6408 5808 4824 8 5319 6824 3288 4694 5799 1607 3138 4448 4595 433 6016 3564 9950 3211 4968 1445 5274 746 8931 339 4661 7346 9748 3280 6282 798 8616 7828 4134 6882 1782 3425 2517 2629 411 376 2320 6709 1098 9108 229 6482 1126 3550 2722 6968 4725 4649 9728 7250 8790 3310 327 7043 4848 5251 308 5811 9232 5636 8945 7567 904 7589 6544 8833 9785 939 5645 2155 4437 1775 9818 9399 7511 2013 2603 5572 1635 7587 6941 5081 4032 7115 563 225 7276 3629 2051 5067 6811 865 320 3429 1723 126 1910 8038 2477 562 5427 5400 5756 5139 2526 5846 7288 1247 4549 9564 9783 1336 1893 6409 606 6700 7888 2231 9365 4253 8278 4872 487 5304 4798 5169 6578 2084 3520 8677 723 8493 7226 3547 8321 1340 1099 3906 2105 4355 8045 6091 3687 545 3798 3529 1887 7600 9364 9455 6402 6999 3575 2763 3833 1585 7505 3204 1354 8327 149 2348 1151 3591 9594 3828 7581 8132 3832 6787 5629 5331 4442 5786 9191 8771 2078 4711 7428 3478 7007 1987 7764 6831 6902 7819 917 5 911 1196 9669 3951 8183 8719 2393 7229 7955 3942 4966 1842 1522 5000 5100 5264 2731 178 1595 5520 1950 98 7468 5545 1991 6970 4328 8401 5474 1074 3865 5240 7495 5189 2608 9583 1008 6959 1508 7779 8857 5021 5935 4632 8099 5379 4921 5771 7165 645 3962 996 9341 9017 3282 5885 4550 4362 1652 9216 8812 8950 1571 277 6961 1111 1524 4603 8852 1010 6562 5260 3525 2681 96 7865 1793
573 1310 117 1763 5263 996 2404 3112 2672 9956 5090 312 8087 824 6525 664 8264 714 8346 4451 2066 156 9032 8378 8106 2056 2141 279 9634 8965 6667 2498 4467 8897 151 5021 9005 8734 7489 9450 5461 1721 3593 2260 1675 2717 6027 9454 4667 9225 5092 9922 1832 6577 349 5746 187 7882 6492 2211 6398 856 173 654 242 1968 9602 5310 6677 513 3213 7641 9299 410 8648 4546 8226 8257 7107 5221 9333 3668 2383 2277 3304 4588 9896 6993 7836 5616 5978 4170 2806 3371 6299 5497 4582 1080 5744 584 4130 739 8387 1316 8933 3012 2508 2482 7643 8902 4162 4394 8377 3301 180 4268 3367 7093 8000 3083 3425 5587 6731 9808 4447 2860 2659 7533 716 7949 8203 7819 3987 4107 301 5267 202 9908 4611 327 106 8950 4641 4379 6351 5182 2064 553 5280 2625 4275 6981 211 3118 1481 1198 2335 1798 3319 6614 8015 5109 1544 3703 439 7895 8915 6585 8768 740 3185 3192 6806 9931 5049 3447 1220 7975 3042 6560 8727 3875 6325 336 3323 5820 5512 6608 9206 3860 4299 2217 5207 2105 7425 2140 5481 7758 1085 9755 9964 3502 5313 1078 6141 6839 8384 6915 3305 9393 1765 4866 4748 8157 6943 7754 1879 2251 8465 5847 5156 7225 1812 540 2857 8258 1905 7097 7206 580 4924 3242 6888 3661 8776 9159 8186 6190 2116 238 2762 2098 3811 9022 356 9360 3312 3000 4890 9991 3146 5930 3691 2821 5397 4418 3613 8297 9174 205 4309 232 3953 849 6566 7536 5124 3570 1822 8562 1603 7002 1046 2486 6849 6399 5661 2049 8534 7161 4509 560 8894 5750 9400 5379 7991 9873 6555 4716 4502 6953 5769 625 995 7606 1236 4799 3037 2549 9354 4503 1751 7645 8505 7914 140 2201 8383 2110 1429 1513 4853 2325 3783 4573 7870 8874 9720 1901 7891 9709 9088 7269 3085 3028 9339 2477 3632 9529 4790 9827 5679 8483 2274 8903 8967 6270 6250 213 2721 5233 6951 6166 6880 5249 3775 6161 2869 5876 4403 1587 171 1051 6497 6222 5771 228 4747 3352 5067 9881 4967 9717 7500 2263 6083 8345 9653 190 2283 2113 5837 7141 8479 3068 1399 7468 8615 6093 6360 8399 8941 1424 7509 5480 2953 9216 1875 3045 961 4348 7501 7068 7959 6218 6565 2731 3248 5697
2218 7172 4489 1690 1903 4654 3962 1226 3944 4799 197 3057 5746 7354 8390 2884 5062 3030 6102 6737 5777 6204 6504 6996 9404 1745 5996 7764 7061 1505 3601 7839 7184 2107 4188 6400 7626 4433 2799 6924 3682 6771 9035 9946 4235 2074 5735 4534 7768 6267 9009 5100 5494 7341 5967 8517 2692 3146 3090 4199 9220 8248 1050 8859 4854 4290 6167 8845 7633 8047 5924 2042 2080 4544 5783 5013 7753 4241 883 6984 1779 9254 1499 4792 6590 9939 621 8956 610 6136 9995 9519 3935 1582 3327 2186 3517 4499 9712 649 3398 3103 6622 3587 611 934 1864 7392 847 4123 4292 5770 2590 3379 1871 999 3972 9248 2690 3543 9345 8453 5389 3166 9127 1691 6708 6530 1835 8145 6485 5764 3781 2130 4626 9520 8740 3458 1200 9105 6058 5464 3289 9729 2278 5269 6972 4161 6756 7009 1820 6119 8366 7648 66 4043 158 5795 2631 244 8738 3855 7455 3352 2227 382 1359 2561 4132 7509 2640 3461 5608 4726 9684 6207 905 2617 3023 2488 3612 652 7806 8731 241 4330 8234 3829 2609 4611 7494 614 5342 7492 1011 1590 1739 7187 6515 9816 19 8369 2049 5694 7669 901 3411 5526 989 5957 495 3946 4402 3949 8810 9577 2429 313 45 3208 790 427 7437 6925 8487 8647 6908 6858 6776 3039 9319 3607 6648 8433 9359 5674 1632 3409 5923 7244 204 6671 8871 2472 6788 657 1810 8104 9620 8904 925 8654 515 9983 1894 1437 7092 355 1715 1944 1519 822 4082 7427 8910 9741 9903 7767 1462 7133 7227 8582 4800 5002 4933 3619 4266 924 3849 8646 2103 4982 8903 6127 6778 2642 3064 9360 472 3508 1282 2835 9785 1169 248 7944 1352 8954 1007 2384 4242 5688 8860 9659 6166 4040 5757 167 9012 9508 1115 960 6710 6133 5587 3891 309 839 5711 9298 2772 7280 3065 4158 2348 1381 8201 5376 743 4753 9328 6824 3518 9304 1581 8529 310 5644 7587 7171 9691 9821 4030 7742 1421 261 360 5726 1317 891 5396 6780 2245 6816 5106 4303 8590 3212 10003 7931 8936 4580 8644 2500 1230 3150 2296 1696 712 5903 1207 2712 9183 582 1687 7502 9033 336 483 6328 1904 9459 5838 9106 856 7340 1162 6641 4819 6234 549 3234 5636 9175 2170 6693 4504 3716 22 2770
6042 1521 3313 7853 7293 8376 8551 8838 6907 4941 4919 9286 8042 4801 2688 6828 5612 6820 7200 1819 4202 6509 3888 8796 5237 6205 4190 8891 1390 4299 2265 5734 2617 5911 2507 7732 6294 1534 5736 2220 9663 8260 1556 1369 3464 2897 366 7423 2585 2256 2517 5747 5040 278 4877 7616 9306 4072 2293 176 5110 6397 6106 8831 3293 1816 9801 881 262 8053 7621 3310 3445 1665 4750 7808 1215 4012 4196 7700 2639 1544 3751 966 8407 7401 6952 1012 9283 3634 9180 9069 6085 7996 3925 6455 4600 7562 11 2838 7074 6816 7994 4322 2703 8854 3731 4936 908 9913 8670 227 9997 2003 7706 1448 2793 996 2452 3639 3184 8442 5457 2563 6623 1273 2506 2927 4418 3661 8824 9686 8698 4676 2483 2489 1298 2547 9799 1278 6517 2300 3790 8235 1515 4504 6604 41 6890 3312 3048 5417 496 1632 6297 5942 1357 5846 399 5876 4451 2114 683 9544 6864 8473 4307 677 728 5615 1221 2821 5445 4945 4125 6783 9541 2456 2845 681 9941 3112 2720 476 5602 8805 8454 3075 5061 1113 4245 2977 4500 7398 2544 5391 5657 2891 1557 6174 5340 770 7285 9964 3550 5840 1590 4627 7206 628 5451 3754 5374 4028 1020 7695 8635 2171 4379 6399 5709 2576 9046 5647 4876 2811 7430 6199 5381 7642 4145 2813 7033 9951 1127 1466 9227 4743 4194 8097 8894 5798 9927 5891 6477 233 8806 3252 4951 2934 8032 6786 3942 8084 6471 1424 7557 6007 3465 7702 2242 5296 9504 4797 3482 9331 4113 9165 7043 7966 9880 210 8368 132 3837 3909 9631 4605 1566 9391 2210 1641 9514 2812 2228 8075 3254 4554 6686 3778 610 9024 7 3632 9577 5317 332 4165 8850 4525 7439 9416 2251 8513 6374 5668 5711 2179 2791 1393 8707 7893 9360 3360 3527 5402 8477 3513 8181 2227 3270 1378 6681 9774 1237 9652 5440 934 4752 7411 4967 9765 8027 2775 4569 8712 1897 8733 2732 8101 8100 3295 1419 3546 6634 4093 3128 9551 471 1591 9432 9082 8508 2363 6295 6339 7612 93 6575 794 2521 4953 2537 1777 2532 7773 3159 8401 8592 5703 3767 7797 8402 3390 7579 1640 4709 936 4355 1156 713 3589 3102 4705 1730 6858 9664 3058 3432 9249 376 5438 1331 1000 1658 1136 4683 6097 5614 6423
6579 7042 196 8182 4067 5324 981 7468 5698 6798 8602 753 2691 8271 1411 2169 1811 2825 1686 2620 7354 8313 3081 905 2540 3220 8338 3122 7777 9407 6076 1814 7233 7314 6246 8097 5929 5976 1650 9766 9867 4829 4172 9499 7828 4287 1682 3414 9857 6814 5426 748 8687 8898 2039 7602 9120 8007 3780 7255 2947 7490 1331 8042 1836 2866 8558 9487 203 1789 7192 442 9386 5241 2446 1865 2113 2920 7846 714 5429 5156 4308 2517 2782 5218 2008 8752 999 3895 9445 8540 3053 6463 47 2734 4739 2023 771 9125 2011 3153 6627 7521 181 6156 5948 7208 7273 9381 1230 3073 2493 7546 222 3021 2808 57 749 3485 767 9919 4514 1654 8972 7364 6328 1827 9656 1681 8616 7981 8941 8514 8214 7722 5314 2966 8722 6954 7657 3206 1110 6879 7534 2604 523 8318 7092 278 1912 7794 1029 7947 5683 4772 476 2637 8983 177 6950 8451 5709 9618 9224 7377 8751 6201 2019 1565 1621 512 5498 6470 3661 5859 9864 421 8551 5873 7085 6671 8794 2669 2631 167 8935 9705 6965 470 3828 7734 2932 5464 3212 9926 8128 4779 4090 5762 4101 8582 4723 5199 776 3129 1384 2525 1194 212 5006 4062 1313 1608 8096 1124 4100 3777 2847 7326 3864 588 419 8948 2121 1332 2840 3712 739 5470 2021 1168 5373 6265 9329 1545 5591 3020 8010 8188 2876 6573 8233 8954 930 2581 85 5198 5978 1253 3511 5613 8660 9254 1422 4989 2433 9449 7746 550 7962 7709 2891 8599 6352 7070 4645 668 4553 8923 2080 4467 5980 856 7263 1359 2484 4329 3352 2150 579 7209 2071 1250 9110 9992 5034 8511 3806 2094 1688 2223 1099 4059 6912 5987 4470 381 6484 882 2102 100 7224 4097 9376 7226 3700 3121 2972 7531 8203 4902 4692 6349 2662 9024 7049 3810 1300 9192 3722 8761 4216 765 309 762 5908 5141 2282 4398 4666 1503 3921 4284 7281 7793 6231 6071 7810 7860 7942 1672 5399 1104 8070 6285 5359 9044 3079 1302 8795 7474 4507 8047 5847 2239 7930 4054 2901 6614 5098 5814 3786 6064 4196 4735 2817 3274 7626 4356 2996 2767 3192 3889 629 7291 5808 4977 4815 6951 3249 7585 7491 6136 9918 9716 9785 1092 445 3787 862 6072 2608 9736 5815 8591 7940 2069 1647 5358
6343 7150 2069 4944 9659 9386 8538 6747 7012 9448 6238 2975 5229 8125 3668 2763 7283 686 4277 6964 8969 6253 5001 3348 6241 7383 850 1744 4411 379 171 1431 1496 3604 5460 7303 6723 1769 4452 7251 7038 4287 4979 7715 4997 4142 8744 5884 3195 1587 551 6057 3879 5911 2839 2204 3164 2737 2437 1945 9544 7196 2945 1177 1880 7436 5340 1102 1757 6834 4753 2541 1315 4508 6142 2017 5259 2170 9913 9002 4706 6867 3206 4407 1173 2674 9939 3841 3447 1600 2974 424 6249 5795 5851 4742 9728 693 7891 82 4087 4651 2774 96 1308 894 3017 6899 6861 4397 3158 3928 1188 4700 8058 1957 7162 9694 7442 4149 2351 9009 8320 9992 8331 2805 8953 9429 5006 7359 5614 6755 5424 4442 9236 8292 5543 5838 2319 5354 8330 8007 7077 1549 8094 4818 4649 3171 6351 5562 7070 7942 4969 9700 6251 5398 9603 488 3552 5775 9821 7250 2233 2411 7106 796 2456 3177 5160 6811 4315 9428 201 5483 7741 9843 2883 3477 5652 9219 6663 3672 1969 4780 2185 1932 7121 2822 575 1293 8875 4898 8783 3146 6310 8697 203 5086 1486 5589 6714 8559 7582 6380 4809 1432 6301 5480 3333 4215 9264 2734 8036 6324 5918 6453 5329 8289 1135 210 8700 4611 707 5112 6332 4330 1447 8327 3599 1449 7930 7351 7202 1754 2426 9132 8922 572 6892 3247 1272 8040 5530 3415 7952 2984 8446 4995 4539 4992 131 9371 6512 8628 8896 5733 8151 8514 1504 2016 454 294 2033 2083 2165 5902 9629 5334 2293 508 9589 3267 7309 5532 3018 1697 8737 2270 70 6469 2153 8284 7131 837 9328 37 8016 287 8426 8965 7047 7504 1849 8586 7226 6997 7422 8119 4859 1514 31 9207 9045 1174 7479 1808 1714 359 4141 3939 4008 5322 4675 8017 5092 295 6838 3959 38 2814 2163 6299 5877 9588 8469 5433 7659 6106 9163 7772 8693 997 7589 9994 7934 6557 4699 3253 81 9289 2775 4901 3184 8774 9936 9440 7826 7981 2231 2808 3354 5050 8632 8102 3230 9650 6169 1661 5876 4783 6593 7560 740 3565 8198 4188 9620 2117 5423 9644 7360 412 8631 3297 1354 1770 9257 9127 4911 1199 7520 8680 8581 3215 7624 8050 3545 2161 6696 2125 3835 4638 351 5729 8945 1010 5 4361 297 6441
2552 4475 8029 3050 5692 1619 4546 8946 6155 4780 2525 4831 7412 437 9012 3061 8512 2241 1163 4999 4085 5388 1921 4641 5099 4249 2855 9375 6058 9024 679 1003 6738 4135 5470 5658 8368 804 1208 1070 8449 9743 3059 8909 8496 5417 1168 9010 3458 4760 6495 7339 9924 2155 8227 3775 6881 767 3549 1707 7092 3915 9112 3225 5979 9695 2580 8924 515 3536 9291 2718 1545 9228 213 3441 3131 4624 3470 2378 8993 1829 2889 2626 9800 6755 5764 7341 9527 5907 3973 7606 1956 2697 710 9860 4852 8247 9812 4373 8262 1831 2492 6378 5546 579 839 9271 6688 4053 1733 1931 2656 3845 2993 1996 4764 5701 4836 1416 9817 8384 7635 1203 7066 9076 364 8492 6211 3671 7511 5803 4603 2635 3010 3625 6635 9570 2375 4585 6208 9270 1883 2177 3860 5019 115 2880 9416 2923 5884 3535 4486 842 3672 2309 7679 2476 9554 5551 4590 212 8643 1255 6751 6558 9844 8028 8252 3816 3746 7634 6405 5190 1196 3452 5951 5246 87 8438 6923 2437 2285 2436 7487 560 9614 3648 7073 2683 3489 3610 4609 1444 4259 870 8121 4802 8165 6075 646 2550 4872 4277 7304 1861 6544 2616 1778 8009 7020 8200 4131 6264 8161 6869 3149 1051 7217 4120 3444 7539 245 7096 3121 6609 4724 3634 9852 6440 3246 6814 9063 7948 4118 3841 3787 4499 3265 8046 4679 7563 5488 2085 2108 2546 5666 6780 5805 4206 6387 8763 7456 1710 1493 9543 2731 3968 3595 2583 3325 6143 7162 27 334 4440 9973 7439 81 9629 5674 5192 799 7204 1697 9077 5169 361 4084 583 45 6768 8187 1708 1890 5791 6985 137 8520 653 6164 7997 9402 5702 9641 3292 7690 5296 169 2168 643 8149 9251 651 6561 4245 3649 1871 4559 1362 522 7150 2409 7843 9950 7001 6968 8515 6649 6791 8625 4828 3004 4816 5386 2318 889 9353 418 7780 7445 8897 871 2919 6678 6038 2987 3187 3515 8456 3350 6184 4027 6894 3190 7923 4077 6976 6927 1643 9789 3935 5142 717 3467 7977 3365 8210 2146 5010 6905 6010 8545 694 3029 4857 2251 9185 3745 2829 4529 7317 4284 911 4986 1662 1014 9558 4757 2087 1711 6298 1412 604 880 6136 3548 6909 5216 6042 2193 684 5014 6111 3507 37 8356 3186 8717 6580
7591 5222 136 9007 4342 4697 9282 4793 233 4763 6188 8525 9956 1095 3775 2166 6332 9962 9911 5024 9418 7818 5194 5694 6514 3856 1098 8183 7794 9958 698 7527 7919 156 5037 1834 2185 7564 5578 9526 6394 7662 6139 3241 8095 5248 4982 7748 9082 4465 5299 9869 3354 675 7089 4799 9049 6012 3433 4 5188 6885 5265 6611 9619 2944 2004 8468 6260 4240 4930 8063 1593 4992 5763 7828 3209 4440 5258 2997 6494 7826 3606 688 9512 9173 1412 5896 6445 2542 1745 4841 712 4748 4162 399 1833 7387 5688 7705 2607 3853 6697 2555 4168 9215 3082 4632 7174 2937 8397 5343 1135 5842 7157 1308 6526 1474 3596 2673 759 422 2271 500 6802 6730 1008 6034 9073 1248 8429 8998 1125 7827 8411 2564 7385 6085 3953 6861 22 1615 625 7007 1062 5322 300 6474 1789 6114 3200 1223 8388 2126 4265 4971 4928 8460 7848 9246 1932 2746 1279 7279 7112 5237 2162 7126 2458 8412 7369 9261 3958 865 9402 987 5199 9705 5887 3228 5672 874 2612 7864 6070 1927 8742 1906 7907 2538 2539 7344 9220 7093 4005 6546 7511 1088 161 9048 1207 1557 2131 8276 4344 4300 3027 539 4064 9845 8118 5686 8102 8862 8107 2866 7480 2238 2047 4936 6872 2842 2237 7249 3060 8999 5930 9703 6284 9483 9926 7050 7537 5934 8909 3781 975 7581 7207 1390 256 5201 9308 9639 8981 9503 5956 4542 5025 4216 9694 3067 2606 9055 4821 4682 7256 6674 2117 1048 8101 4057 6231 4993 561 9704 1082 1352 7799 3962 71 6899 2486 2854 9862 9747 7557 1964 6401 1269 9264 8366 6493 3021 1730 2815 2593 6632 447 2312 7372 3662 9586 4491 138 8610 8094 443 3106 9875 2163 1924 4334 6285 4281 1795 4923 4449 8475 9874 7365 48 6461 9373 1740 830 1339 5376 9595 7708 7015 9481 316 3298 1784 2103 3827 1851 3814 9435 9447 7065 9563 4053 7025 7496 9069 2042 925 7499 3470 7670 4551 8242 1086 558 5296 5461 7733 7056 6346 7183 6154 5267 6214 3364 8697 5835 3543 8190 1401 3076 5823 5925 5692 6911 104 5352 4352 2712 8028 3537 9381 152 5831 4337 686 9909 5421 5666 2065 1363 612 4584 6695 2952 416 3462 9258 9557 5244 5776 244 7583 6810 5142 6009 9032 4383 1562
550 5900 4667 4246 2755 3512 8356 7494 8482 2497 4690 4684 5875 4626 7381 5895 656 4873 3383 8945 5658 2669 569 7132 283 3861 4125 1756 6677 5541 876 1231 5816 1327 6774 1297 2722 5059 6490 7636 309 8707 2866 6496 6445 1558 5952 4352 1728 2228 3048 390 7639 4717 4328 6492 7239 4061 4453 6697 1571 8375 8726 4098 2112 6060 2928 4196 2673 9782 4629 1782 1516 4282 5616 999 1833 6403 9895 7216 3623 1333 5583 2546 9974 6545 1722 3419 1799 3145 6153 9485 8545 5002 2794 774 1464 4597 8134 1526 2297 4362 9750 974 1792 9538 3028 4360 140 7229 6046 5707 7953 2430 2979 9083 8286 1375 7253 1282 696 6940 8374 3921 2222 4239 9148 387 3231 9096 702 5749 9623 1166 3708 9478 4931 1877 7676 2376 3691 7849 3060 8015 130 9214 7300 6963 8812 7041 3336 3264 7549 2568 5607 7789 4963 5532 7666 4361 4945 9105 3919 2619 487 3395 6563 8156 7166 3541 7603 1856 6841 3008 8330 2648 9741 7764 4922 8667 799 1505 1462 4994 4382 5780 8473 9287 7820 3813 3646 1771 8703 3660 8999 4946 3903 5795 492 7406 5936 7528 1733 6239 2421 9769 2206 7415 9153 4398 2604 8468 5276 8447 4441 9079 9080 3878 5754 3627 539 3080 4045 7629 6702 5582 7748 8098 8672 4810 878 834 9568 7080 598 6379 4652 2220 4636 5396 4641 9407 4014 8779 8588 1470 3406 9383 8778 3783 9601 5533 2464 6237 2818 6017 6460 3584 4071 2468 5443 315 7516 4115 3741 7931 6797 1735 5842 6173 5515 6037 2490 1076 1559 750 6228 9608 9147 5589 1355 1216 3790 3208 8658 7589 4635 591 2765 1527 7102 6238 7623 7893 4333 496 6612 3433 9027 9395 6396 6281 4091 8505 2935 7810 5798 4900 3027 9562 8271 9356 9134 3166 6988 8853 3906 196 6120 1025 6679 5144 4628 6984 9647 6409 8704 8465 868 2819 815 8336 1457 983 5009 6408 3899 6589 2995 5907 8281 7371 7880 1910 6129 4242 3549 6015 6857 9839 8325 8644 361 8392 348 5969 5981 3599 6097 587 3559 4030 5603 8583 7466 4033 4 4204 1085 4776 7627 7099 1830 1995 4267 3590 2880 3717 2688 1801 2748 9905 5231 2369 77 4724 7942 9617 2357 2459 2226 3445 6645 1886 886 9253 4562 71 5915 6693
6216 8565 7614 1251 8428 9791 4421 9624 2546 6549 7510 1881 3457 838 5349 5542 2256 4072 3848 8284 8354 4466 5695 6910 897 8648 6149 6854 2006 3662 5177 9663 9815 9664 4613 1533 2486 8452 5027 9417 8611 8490 7491 649 7841 1223 3979 7298 3935 6025 1447 9550 7228 7823 4796 232 5556 9484 315 4091 5080 3900 7969 5836 3939 5231 8951 1042 4883 7980 8656 4561 1848 5004 8979 5491 7376 8466 2248 5660 8854 5286 3037 4152 7982 8259 8313 7601 8835 4054 7421 4537 6612 8 9992 9554 6434 5320 6295 7894 5713 3337 4644 383 600 2557 9369 8132 8505 9517 8775 5957 4938 2066 1759 7660 2127 4661 2012 2471 6426 6908 1294 4896 396 3023 6931 1732 8016 1510 2048 5332 3913 385 203 6309 5115 1956 3580 1440 5936 4103 2698 6398 2459 8808 4410 6804 1924 9932 1450 3951 2849 1442 5539 7855 8451 222 7541 731 1571 4950 9691 4257 2150 5099 5132 3585 5451 5309 3475 7272 9096 7284 6714 9782 1204 2747 1675 4320 4655 3203 1222 9181 5422 6062 9113 8913 8585 3644 8750 5916 8073 5206 8910 4177 8023 5124 5173 450 2311 8165 6958 1376 8633 4123 8735 3890 9954 7090 5195 6090 3555 1399 9071 7243 9849 2915 8355 9271 7571 4783 7816 1182 7114 431 1079 2542 7343 6 382 5802 681 1489 1213 5964 8552 5191 6884 6058 9907 1409 7086 5989 8593 2056 3744 8914 3383 5520 6623 2828 607 6171 2487 3250 6903 7290 5523 1024 8456 4233 6914 103 6145 7648 4509 2163 7522 9506 5955 5335 8321 6013 3829 7052 2731 4851 4325 8666 2576 594 3748 8120 880 7019 4278 2985 4467 493 8786 8777 5560 8690 7819 5590 2735 4057 1822 158 231 751 7608 2442 7179 2539 2935 4385 6763 5059 3065 8601 468 8745 1905 8700 5834 4336 1479 3198 7218 9808 6050 1488 6415 4088 672 8279 4343 5093 6323 2336 8206 3823 8243 1482 7606 2839 3427 6793 9111 9310 4833 7898 4919 834 6143 8045 757 6417 3691 4424 4025 8174 168 8253 9504 6352 1583 2568 2182 8754 5122 5570 6705 6565 4334 1876 9453 1465 5977 968 9565 9254 5942 2912 3947 3643 3945 4040 193 8294 6369 3212 4439 6051 6293 8291 1961 7591 813 5308 8677 5396 1216 365 4173 8817 7627 3674
5049 8251 3095 5847 9960 9100 9691 7458 5397 9222 5488 6169 6085 2745 5273 3815 3025 9735 8731 7885 5697 9714 7896 8517 329 4513 4570 8266 5121 3966 8076 2808 7778 1919 9122 5324 8702 8638 1328 1348 7385 4877 2365 647 1432 718 2349 3823 1437 4729 1722 3195 6011 7427 6547 1101 1376 1827 7370 2851 4246 2531 7724 2631 7888 98 5335 1515 9260 7952 7408 5315 5485 1761 457 9126 4530 6199 130 8990 1505 1238 9206 8664 6174 89 2118 4645 8389 5723 4553 6637 3250 97 530 9646 1380 1033 4867 4350 1901 2688 1577 6960 4180 5625 3992 2915 1549 2511 1687 5139 393 1816 4550 2229 7629 6478 9794 2023 8492 288 7648 7710 5410 1638 9862 8539 5969 5757 7811 372 981 5182 6868 2428 3152 9543 6815 7945 3794 2190 360 3363 2684 2371 9463 2681 7970 3835 9062 7227 6219 6167 6482 9000 9527 9991 7950 7805 1563 9739 7937 5382 7196 7369 8053 2370 4658 805 90 6923 6521 6262 2635 7094 7602 6834 9177 9417 1805 1730 1607 1005 418 1857 1415 9096 478 9961 3898 1560 5331 2309 1756 6453 9753 5158 1625 7439 4165 3599 5873 4799 7841 4424 7226 1414 4291 8609 2081 6986 9026 4366 8732 2683 7573 7587 4808 1051 1294 8097 3643 7146 7287 4316 8650 8953 3846 1875 7849 2836 2220 4412 9608 8923 9801 5637 1610 5413 6046 5483 2158 6712 3373 699 1117 8207 1822 3359 3478 4874 7964 5026 7813 9982 4733 928 692 7510 5082 6704 4961 5705 8126 2890 1508 5646 4827 2283 6917 7712 5013 5390 5608 2363 1044 7687 4972 8525 8748 9514 7568 3576 5435 1679 6727 5399 8825 9240 1915 9916 7827 7203 976 1171 7495 3056 8585 6845 1990 32 8429 7790 9544 1613 9821 1667 9109 2901 4328 6268 1444 8343 4847 8320 4409 5200 3295 6175 4894 3994 2518 5301 8264 5518 214 2323 8984 2696 9996 1954 7178 935 4306 628 200 5102 2734 2453 3193 6408 3675 794 7277 6301 9904 202 4705 6486 8206 7024 1483 5605 7962 5423 4061 4229 902 5853 8769 342 6936 8944 629 5005 6978 607 9372 5734 7373 7259 9874 6157 8467 247 776 843 2554 8162 5751 9002 9130 3736 3696 1629 6645 1662 5098 3528 4956 1694 8753 3518 6941 2948 2 4377 1545 3305
2543 5836 7634 976 1665 10000 1654 7180 1032 556 4979 2626 4371 3230 4561 5543 749 1693 4442 4147 7666 4631 1655 1978 2908 8436 1891 5167 5336 6814 3634 4423 2915 2043 5016 285 3734 4587 382 9497 6433 4210 164 2735 7752 7574 2879 9189 7529 6808 4825 3174 5670 557 9784 4502 2244 142 7102 6508 4333 766 3322 6313 8016 5205 7800 8053 2864 7163 9410 8692 1110 5087 1202 6839 3675 1288 9782 4899 8499 4396 3271 1426 2403 3605 5176 8553 3684 4505 6652 5770 721 7251 1949 3661 4067 3532 4656 1696 8850 9775 1285 5374 9278 4873 3653 5655 8538 1658 6386 8536 2055 2634 2783 8231 7559 853 1063 9413 3093 6738 8713 1945 4455 6570 2033 7001 1539 4990 5446 4993 9854 614 3473 1357 1089 4252 1834 1471 8481 7969 9531 9691 7952 7902 7820 4083 356 4651 7692 9477 396 6718 2676 4453 6967 8288 1248 7715 9915 3516 7832 1701 2854 9148 657 9948 1969 9698 1559 1020 2938 2481 8136 1399 2759 2988 2563 1866 5126 8471 9954 778 940 8811 2506 8177 8271 9626 5844 6046 5977 4663 5310 1968 4893 9690 3147 6026 9947 7171 7822 3686 4108 397 1516 4552 2326 3879 822 2213 1292 8988 2396 9998 2051 3428 5286 6732 9904 696 7210 5084 6801 1211 49 545 2159 2004 7754 7177 6631 4935 1353 1883 6755 335 3816 8324 4109 5202 3392 2425 9245 6420 1787 5797 365 7868 4562 341 2625 9573 1354 6688 8631 8215 728 858 5074 8786 2465 1305 1404 6770 2361 1935 6440 7824 3289 7860 6150 5347 9634 4256 1040 8975 9980 5624 9688 3544 2274 4194 3340 2740 1756 6947 2251 3756 220 1626 2731 8546 70 1380 1527 7372 2948 496 6882 143 1900 8384 2206 7685 5863 7278 1593 4278 6680 212 3214 7737 5548 4760 1066 3814 8721 357 9456 9568 7350 7315 9259 3641 8037 6040 7168 3414 8065 482 9661 3900 1657 1581 6660 4182 5722 242 7266 3975 1780 2183 7247 2743 6164 2568 5877 4499 7843 4521 3476 5765 6717 7878 2577 9094 1369 8714 6750 6331 4443 8952 9542 2504 8574 4519 3873 2013 964 4047 7502 7164 4208 561 8990 1999 3743 7804 7259 361 8662 7065 8849 4970 9416 7501 2359 2332 2688 2071 9465 2778 4220 8186 1481 6496 6715 8275
6980 5332 2229 2744 5590 1051 6416 7209 4907 1532 6004 8935 2534 7247 7371 2771 5234 1668 9029 3889 3465 7573 2702 3920 2315 5687 6814 8262 1030 5581 7841 9546 6338 2678 8684 7326 6700 870 7320 7891 9628 68 6405 4389 4285 4915 9951 998 1926 7851 7561 5084 1422 7825 2715 6343 6689 8057 6698 1267 3568 2138 5797 4993 4475 7228 6139 7155 5619 298 778 5568 5418 5172 3968 2794 5672 4788 136 2914 1866 9754 5078 2613 6576 5470 4857 1450 2267 5208 6829 281 9156 3697 1549 7633 799 6403 4786 533 9169 6120 5923 10003 683 9415 7324 7097 7125 1567 4060 4546 8145 9244 6243 6525 583 9251 9857 9650 5708 7649 7630 6398 775 1160 9797 1546 3225 5178 2777 4043 2917 6274 5375 8704 3356 4192 8365 5602 8676 8914 1699 7879 2003 7577 1908 1417 3814 3342 6971 2115 5359 1873 3361 8203 7738 4974 3243 1605 6524 5785 7375 1977 2731 3167 6684 4046 7325 1895 9001 9447 972 7087 9110 2821 5316 5405 2749 9601 424 5788 1776 7605 6357 3910 4300 6941 8070 9121 5641 5938 2022 8809 7531 1032 5184 1586 5292 162 7760 607 4487 4846 8637 1645 8591 769 2351 8548 4301 1739 9946 6994 2553 8479 2987 2386 6604 9919 7350 1936 5866 6307 3828 563 3214 2358 2155 7426 6864 8344 4767 9308 3546 6505 4553 1752 2362 1361 4923 8363 5999 4924 3161 7875 2797 73 409 3762 3657 9489 2642 5823 9839 3216 1961 5907 3172 688 3419 6697 6469 1692 4265 8885 2452 3510 3644 7066 8275 3453 9955 204 9430 9350 5216 5241 5282 2147 9014 1863 5346 9457 8994 5833 7854 1962 705 5048 8568 331 9238 7434 5276 3338 7765 4618 3860 4218 3204 4343 3409 8682 7723 2948 5124 3489 2809 7698 2907 8259 6629 9960 4215 8803 8722 9790 7939 100 53 4379 6270 6169 1200 1857 6537 8208 1742 4347 2615 6179 9222 603 5281 7349 7138 3990 8434 6916 8029 2249 8781 3082 8546 4698 7994 4193 3163 7478 6549 5826 4240 8844 5587 6650 788 3583 4164 3916 3109 8190 5315 600 873 1721 3512 3247 811 4021 7284 5030 2134 6591 7496 2976 9573 5982 3295 1290 4006 5258 6911 4018 2876 9409 8515 5848 9880 81 8828 8763 6655 4799 2956 3536 8490 5807 3008 3221
7993 1137 1101 8247 753 7276 8367 6954 2235 3302 6653 6945 9025 6432 5782 4716 6170 7754 3547 3052 6243 8274 397 7893 973 3634 793 9343 3351 1930 8806 4872 5225 200 1966 1660 2359 8709 9116 3379 6379 1292 5358 8824 1299 8972 1942 6424 7370 9722 3172 2437 3233 5339 7592 5683 9357 572 8180 9049 1668 771 3703 2107 8696 6693 9012 4009 1408 2346 6286 4742 1009 6495 8287 2820 2260 3343 3518 3805 1874 9915 9893 4253 3009 9775 7662 1795 579 1787 2167 6793 9176 1476 8862 3763 204 1172 9164 3858 6364 9273 7239 701 7591 878 7481 2699 1261 6508 703 7194 4630 3227 6530 6343 8438 7871 5340 2390 7559 7230 7491 714 7 5252 9851 2583 4273 9046 7267 5150 77 1364 1073 3798 8267 6790 4768 5855 5236 3020 2588 8284 8419 6639 9724 2775 6189 8986 9170 2667 7613 6518 8725 5940 3374 2368 1919 5986 4250 8608 4147 4036 1052 2963 8899 1422 9574 2529 4985 7812 2041 1783 2961 9296 7677 3821 8705 9910 5882 4880 3637 5201 4964 6977 2673 6422 7767 5970 7426 8613 8158 3409 424 7537 1590 6247 7480 7901 9392 8635 3791 4653 3665 9650 7457 7463 6272 7521 4766 6252 1484 7274 8764 3202 6489 9478 1571 5015 1857 8286 8022 384 5470 6606 1264 909 6331 813 5373 843 9425 7088 5657 4511 1831 3440 9281 5651 5702 582 6195 7795 412 9919 9099 1750 4508 7430 7819 5655 4908 8086 7694 5450 569 3772 3421 8049 28 6087 9219 7951 9474 2365 7518 358 624 7865 6531 1141 307 5744 2252 4931 8524 807 6564 9601 2173 5602 418 8728 341 9002 5994 2662 3602 7145 9353 1366 676 7550 4013 614 9850 7785 2397 1166 348 2609 9119 7787 2000 4918 6101 6440 4194 9717 9168 3064 3861 765 4894 858 1444 5207 3773 8226 9925 7908 2999 1753 8916 3051 1438 6398 2524 974 8439 2669 7216 263 4471 9771 8456 4298 9087 4132 2010 2933 4847 5184 3335 5106 8811 8883 4598 9579 6540 4358 7184 6615 4481 7786 7202 3042 8228 9528 1653 8752 5584 3991 4981 8606 4544 284 5306 9139 3817 9499 2406 4383 7225 3480 1341 635 678 7153 7765 6367 3674 2860 4327 8334 8501 369 3444 8487 3148 7201 8244 6352 1648 4741 6211 4619 407 5908
1156 7658 7914 7133 7053 2919 2944 2985 9857 6717 9573 3049 7160 6697 3536 5557 9672 8415 2751 6271 8041 6941 5137 2979 1041 5468 2321 1563 1921 907 2046 1112 6385 5426 651 2827 1192 512 5401 610 5962 4332 7663 1918 6506 6425 7493 5642 7810 7763 2082 3973 3872 8910 9567 4240 5911 9452 2050 318 3882 6925 8313 2984 5052 4841 1693 6137 4619 5732 9959 6484 785 6249 2401 5697 1896 866 5181 4252 3529 1943 6547 3290 4353 8498 1286 1867 1619 812 5893 3018 8310 8583 9431 1215 950 8521 1724 4987 2733 9844 4294 5199 679 7276 3685 998 9000 1709 2961 4614 1721 579 7112 6218 3551 7583 7791 6531 6466 4358 2502 659 1239 6193 3510 711 924 3675 2983 247 2965 3820 9225 2078 4767 6375 7411 1905 4083 2051 5123 5758 4798 5225 5525 6017 8425 766 5017 6785 6082 526 2622 6860 6205 1128 3209 5421 6647 3454 1820 5945 2703 5792 8056 8967 3256 1095 4756 3555 6789 5288 8030 4121 4515 6362 4988 7538 1713 2167 2111 3220 8241 7269 71 7880 3875 3311 5188 7866 6654 7068 4945 1063 1101 3565 4804 4034 6774 3262 9911 6005 800 8275 520 3813 5611 8960 9649 7977 9638 5157 9016 8540 2956 603 2348 1207 2538 3520 8733 9677 2419 2124 5643 2608 9639 9962 885 6413 9875 3144 3313 4791 1611 2400 892 20 2993 8269 1711 2564 8366 7474 4410 2187 8148 712 5729 5551 856 7166 5506 4785 2802 1151 3647 8541 7761 2479 221 8126 5079 4485 2310 8750 1299 4290 5993 3182 5777 6030 841 5140 7387 6669 9094 3064 9186 4816 1652 9272 7759 2876 6476 2373 1248 9410 380 1582 3153 6530 1661 2482 4629 3747 8705 5228 9933 1638 2044 1509 2633 9680 6827 7752 9269 3351 7255 2850 1630 3632 6515 9642 4363 6513 32 611 760 6208 5536 8837 9047 7390 1070 4715 6690 9929 2432 4547 10 4978 9523 2967 3423 2970 7831 8598 1450 9341 9073 2229 9818 9455 6458 5946 7508 7668 5929 5879 5797 2060 8340 2628 5669 7454 8380 4695 653 2430 4944 6265 9232 5692 7892 1493 5809 9685 831 7125 8641 7925 9953 7675 9543 9004 915 458 6113 9383 736 965 540 9850 3103 6448 7931 8762 8924 6788 483 6154 6248 7603 3821 4023 3954 2640
3993 4494 112 9337 4452 8449 594 3723 8054 3949 3221 7631 2855 226 6722 8169 6139 8814 3194 7987 2238 7620 35 9611 98 2109 8209 8206 3798 8177 4551 3808 6192 3297 2552 5333 8693 2195 1145 9430 1002 2791 2923 6742 4199 3631 6302 1476 8772 1524 9251 1509 7225 3390 9109 9682 1015 5214 7297 9112 4083 6643 8840 8040 6728 6978 7388 6059 4680 3219 8028 9110 4480 2891 3087 4209 1646 5048 220 7913 6920 8894 7328 7962 2197 748 3175 6755 6622 8005 8672 1360 1777 4062 5808 9472 2672 1527 3652 7137 844 4133 6725 2570 1760 2433 3937 5603 5133 8365 7261 6251 6596 3159 9931 6627 2009 8045 732 6351 6760 626 7378 8044 5934 4475 8887 3714 4837 7079 2350 5402 0 1548 4487 6505 6212 9334 44 2821 6975 2980 431 1054 2476 405 6215 3735 5672 6447 7718 596 3326 1799 9702 7052 2706 4785 7394 4868 5929 464 9514 4342 263 4381 7532 7496 4635 7148 3664 4755 3342 8630 9697 3041 3333 5413 2820 2170 1104 2558 4142 9942 9447 2631 4662 6792 4281 7368 22 7188 5731 9746 8325 5194 1260 1613 6595 8361 8055 8754 5097 5504 9774 2767 7687 1746 5212 7694 5360 8337 2812 3758 6110 9567 8832 9628 1727 3980 2071 5745 6967 4568 5437 8063 7166 91 8502 5084 3081 5400 397 7803 8741 2674 1130 7404 2883 4675 9215 8655 9738 9913 193 8269 6303 6281 641 9404 6163 4050 8190 6974 8182 8562 3181 5564 7871 5250 151 6599 7567 5552 246 2752 5661 3627 7096 3979 7273 3869 9094 7656 2896 7098 3582 1018 9622 2918 2731 4826 4259 1728 8785 3947 3618 3879 7109 6402 1640 6239 8978 661 5434 3655 1538 6472 7759 7468 186 4655 3178 1156 2243 1624 9415 8983 4672 4807 3027 6112 9170 2577 5374 5558 9062 4001 2906 5113 2328 9769 8763 8314 2374 638 4996 535 424 7447 9358 5287 7817 5962 8924 1373 4200 8436 8178 9356 5684 4065 209 5093 6298 2270 1268 25 1589 1352 3365 9068 2810 4155 2358 3814 5001 4546 9804 6819 3925 7985 2635 3868 4289 5780 5023 179 1041 53 6038 3845 3851 2660 3909 1154 2640 7879 3662 5152 9597 2877 5866 7966 1403 8252 4674 4410 6779 1858 2994 7659 7304 2719 7208 1761 7238 5813 3476 2045
4237 5400 9709 9971 7999 9168 2279 3790 9070 1718 68 7369 4132 1225 2862 3145 2008 2545 1024 7736 6335 9241 2799 640 3904 6455 5435 7765 5582 3603 1158 1151 7544 4419 9301 896 3123 6375 1301 7790 5623 468 8025 4007 1020 8530 8838 7742 5144 483 44 2126 9143 2238 6925 2203 8869 6592 3258 4595 4386 841 9037 3265 8209 7511 5966 7435 1038 4957 2578 9484 9602 6193 7407 6596 2464 2092 5885 8503 9194 7125 2531 3803 1486 6092 2438 7253 7144 3763 9426 1101 7462 682 5574 5191 6164 8160 2227 4105 1581 2245 532 5328 3987 4990 1031 1343 9460 4359 1197 8420 652 1522 8953 9932 730 6053 5176 4138 34 4111 390 3494 7784 6814 9226 773 2521 5788 2740 7348 3297 1857 7501 7951 8689 2294 5816 7189 9841 3783 5456 8600 4950 8971 6359 4477 7795 9634 9848 7397 8581 3718 3348 6744 3107 9551 1306 1794 4996 9847 2592 6705 5845 6436 4203 2142 5967 2233 2914 2830 9497 2018 560 9777 6480 5476 4630 2442 6459 4641 5262 7081 1258 1315 5011 1866 711 4821 9560 4523 8671 5867 2069 5447 5383 8080 8100 4130 1622 9117 7399 8184 7470 9101 568 8189 1474 8474 9947 2756 4172 3292 7853 8128 8579 4115 9603 991 9283 4469 9383 4633 6850 2080 8267 6005 4697 4153 2060 2230 8513 7209 5871 1275 2944 6882 5735 8257 7990 5951 5409 2919 6841 8870 1390 5134 2468 1298 3382 10002 6849 7282 6391 8132 7785 1612 1095 8653 9440 8329 3705 925 2370 737 9667 8301 9263 8439 1884 7145 8568 1295 8981 4374 3223 6539 8775 5237 7040 4393 4455 2155 8390 6607 5284 2714 2502 4556 7124 7733 1927 3613 9180 9904 6288 3560 4690 539 8942 7112 108 9436 9123 6208 9433 4715 580 5807 3972 2964 2912 3227 5745 6272 6736 4695 4550 8315 6484 4682 2127 3941 4114 4798 9122 1403 7557 6842 3668 3266 3007 9387 3839 4347 3579 5922 6162 8557 8482 8359 7757 7170 8609 8167 5841 7230 6706 643 8312 2076 9061 8508 3198 6498 1903 8377 4184 910 344 2618 1544 4586 1169 3971 8166 1036 5354 8833 3731 5771 1111 5477 9435 4318 4332 1553 7803 8046 4842 388 3891 4032 1061 5395 5698 591 8627 4594 9588 8972 1157 6353 5668 6546 2382 8362 2158 2791
9683 194 7448 8537 7521 9057 4371 3891 9108 9258 9504 701 1875 9004 9888 4533 1755 2803 4922 9598 2056 8100 9206 9819 3219 2402 9468 7847 4388 5520 972 3120 7043 3870 8273 9890 4136 5507 8556 8753 4673 3986 5261 7352 7579 7551 3102 609 123 6531 5432 8433 8151 4086 5425 4819 5026 8968 7027 7046 8278 3894 3509 4879 3123 1444 9498 1892 626 1752 8402 9301 5972 1313 477 6311 9074 6000 5762 2970 6797 2666 7099 2761 3252 855 1327 7705 2554 9317 2796 1308 6473 6938 9702 1426 3064 8152 8891 7301 2692 1938 1502 7992 623 7351 2774 5675 5229 3697 7589 5566 1848 9360 9271 1920 5075 4245 8888 2893 7071 8319 759 369 7735 6606 5555 9035 8738 2647 5867 7145 3637 9492 3083 9384 4507 6916 4062 182 9830 6039 3024 6085 3900 2318 6128 368 2930 4730 7682 2116 6197 1682 2283 8072 4757 7326 2733 8810 8369 841 4106 1455 2311 2514 7250 7812 6332 9909 5368 1123 8171 116 2917 2307 3308 9753 6313 8677 9752 1508 6801 1872 4596 4260 907 1012 5187 2027 8853 4837 1453 2708 8769 1497 3981 1250 7979 8207 2977 404 5791 2217 1159 1025 7610 6401 1216 4721 4465 5246 5326 9460 9435 9394 2522 5662 2806 9330 5219 5682 8843 6822 2707 3964 9628 6108 4338 5438 7242 9400 1331 6911 51 809 451 1465 326 1260 5994 6953 1721 9552 1180 1860 6978 1762 6417 8047 4716 454 5873 5954 4886 6737 4569 4616 290 8406 8507 3469 2812 8139 6468 2927 322 2054 8497 5454 4066 9395 7327 7538 679 6242 7760 6647 2420 5895 1587 6130 9978 6682 476 1506 7198 8127 8850 429 5832 9089 8026 3881 1086 505 753 1560 6486 9361 4069 3796 2948 1157 1422 3858 648 7392 9646 2535 8085 7180 1693 5103 8694 1374 3379 663 9418 7765 651 1793 5267 6161 8828 4796 4588 5848 5913 8021 9877 1713 1133 6186 8869 1661 1448 8704 9396 2125 9414 8559 3154 294 7612 6004 4968 467 8296 321 7256 6621 7581 7154 6854 6362 3954 1606 7362 5594 6297 1846 9757 5519 6174 1244 9170 6958 5732 8925 552 6434 9676 6587 4323 3412 9123 1277 7623 8824 5590 7091 4349 8258 7864 6017 7391 4841 659 205 261 9159 4138 5110 2301 4499 8504 9068 7191 4513
8035 1457 6280 4583 6203 4857 1849 8524 9464 3000 5208 7228 6538 3405 9875 6476 5705 3640 8259 7028 6210 8471 4974 3642 7862 773 1956 2295 49 5572 5023 8926 9723 6627 749 6720 7306 1062 9635 4081 5780 3763 8861 7615 4771 8913 7300 2253 8386 6836 4294 8531 3071 6125 326 5626 4311 153 4942 9994 7872 8795 702 1039 9197 961 4666 4738 453 5434 2395 213 3039 2470 336 3641 3057 8904 4083 5383 7515 4607 1439 9853 836 4461 399 6146 1161 4994 9679 5354 8268 238 3080 9342 7203 6497 6540 3008 3620 2222 9536 8722 182 4189 4356 6231 9306 4342 9010 3056 4099 2207 7510 596 2066 474 6269 1763 5581 8240 5796 587 8856 3604 5398 9541 2726 9562 3561 8930 8929 4124 2248 4375 7463 4922 3957 373 1300 2420 254 9911 9337 3192 7124 7168 8441 922 7404 1623 3350 5782 3366 2606 3361 8602 3988 9230 9421 6532 4596 8626 9231 4219 8408 2469 5538 1765 5184 1985 1542 4418 3931 5534 2559 7687 486 3887 4261 71 1205 6267 2160 1829 2487 1965 5512 6926 6443 7252 1774 8401 8862 2413 6647 6786 4212 4794 9351 413 3367 7411 5237 6475 900 1764 379 109 3669 7506 1390 4569 8982 8614 1606 1721 3911 9504 5067 192 2204 3102 4975 8447 9738 8653 8875 4836 1014 9156 4096 7806 1882 6977 1323 2858 3374 1018 8362 1593 9305 9544 7134 5183 7187 9673 6545 7019 2993 1594 4103 1413 5007 2095 9728 631 122 6092 1873 3760 4453 1987 1145 8170 9684 9365 7641 9617 7654 2033 2021 4403 1905 7415 4443 3972 2399 9426 536 3969 7998 3798 6917 3226 375 903 6172 6007 3735 4412 5122 4285 5314 6201 5254 8104 2771 5633 7925 3278 60 8392 5645 5543 5776 4557 1357 6116 7116 8756 3440 7931 2087 1309 5637 7131 775 1559 6047 5802 9403 98 849 6884 4773 8516 1045 8006 2210 1911 6224 5692 1217 3885 4658 6326 5459 2436 7085 9906 5326 3819 7752 2594 5743 6104 9498 6258 8950 4959 1616 9743 2657 8248 4208 5588 1847 8921 5712 7254 1377 2146 4608 6244 1722 8716 1373 2940 7111 4745 4067 8559 7520 8618 812 9225 5410 7159 5224 4052 6533 9401 495 7104 1131 942 3434 9122 838 4064 4151 1892 4992 69 1602 2515 6414 8005
7343 3809 4818 9675 1229 6591 2976 5053 8059 1781 7096 7807 1768 4673 3433 9405 4789 421 6867 8232 2465 1413 88 7922 3958 259 9003 4530 6801 1319 8740 1697 3756 328 310 3883 136 8401 3943 8240 877 6414 3086 3232 4272 7979 7654 7121 7848 8640 1533 6289 2881 8900 9965 3706 246 6580 156 4431 1435 5728 9166 7199 2372 4863 5746 5593 939 4114 9321 1449 2949 5409 7442 9175 409 9249 5734 7975 8448 9624 6349 978 1376 2429 8559 2601 4438 5049 8853 4284 5597 145 1611 813 9111 3106 9269 1764 5467 5936 7906 7134 264 3007 3903 6173 5893 1431 6522 1662 5700 4717 4706 1886 1264 4647 8594 657 49 653 843 3156 9351 5501 9194 1641 4865 5349 9345 6692 7945 4396 3379 110 3555 5202 3500 1109 390 8017 111 8360 7078 1373 8028 2931 8982 3695 7433 5958 3539 8378 3505 5120 9770 7389 4685 1051 1896 9286 3393 7338 9805 5445 296 6662 3893 8158 7147 2687 7381 6273 6057 8905 3969 3079 9625 1147 2854 9256 9348 1093 3566 8022 4122 7733 6450 5947 719 7756 6888 9067 1833 6781 5289 1241 4209 5474 9550 1024 2252 8669 780 651 1240 9411 3598 1670 4112 9718 7704 7203 1578 2360 7245 3248 1096 7974 3643 7748 8476 4066 8842 1464 4975 3528 5558 2883 8503 3710 9459 4077 1655 2086 1592 9588 3488 3491 7899 3520 7146 7889 5505 8400 9145 6364 3004 9502 545 2267 688 8906 8774 4955 7498 8066 5395 214 2925 166 2446 181 4472 8307 2588 2015 675 6483 4400 2585 7614 5054 2857 3657 4969 4719 4309 5638 7017 8478 3669 2587 7217 8806 8610 7488 44 6649 1470 3784 4777 2803 4369 3735 9500 942 8522 4942 5075 3692 3025 330 9920 7635 5889 2225 9025 163 8045 4560 846 7564 4972 9127 9937 9264 7760 6094 6564 3332 4436 5446 5101 8538 1766 5070 9688 3652 958 5346 4937 1064 4319 3653 5763 7222 2810 7983 6860 4618 9347 6295 1690 142 7210 5192 5485 2363 1646 8876 4722 8717 1259 636 9221 1285 5482 7962 6025 5250 3979 1094 8371 9898 1995 4645 8991 6912 4303 6829 5768 1226 2183 7355 1427 7316 4165 4201 7062 4549 8033 6942 8355 3067 2000 8656 8364 6284 8877 9527 586 9139 7555 1755 2250 9066 7035 4905
9287 36 75 7344 452 7562 7214 6243 3850 3528 7403 3751 8169 1805 4177 3664 421 8712 9100 2131 9515 4813 7509 2724 6885 6504 7080 2821 2641 8350 901 3495 8950 1885 8311 3639 380 1840 2233 9282 6032 702 7972 5885 4864 2389 8337 8485 9128 6580 2001 5299 1101 3823 3884 6786 1138 1482 3247 8143 6966 5436 8931 653 2688 4024 9017 3596 3912 1228 3631 1968 6846 9242 3965 5718 2989 9321 3294 3817 5075 5537 3893 10003 8015 2353 5476 991 5644 7671 588 580 2168 7174 4176 8866 8552 832 2181 9597 8550 1229 8436 3844 4719 6154 6506 6683 6573 8394 2174 5983 5425 6111 31 6071 7971 1080 2988 4516 1418 5944 8163 2996 2928 6419 8942 3473 3310 641 5070 1526 4520 624 3441 9662 651 3085 272 3264 9772 8837 9305 6470 3822 9086 4910 3265 4570 706 7178 3382 6363 44 8494 2338 3450 2872 7528 3956 2501 6119 8450 1065 962 6397 3302 2229 69 8535 9210 310 5728 1004 8067 2038 2958 464 5180 9712 733 6822 3999 8976 6731 7052 8379 148 7864 7309 2396 1944 1603 4246 4978 9781 2047 6175 7341 6051 1934 3588 5500 6234 633 6658 6532 1522 5314 3127 1942 2000 494 9232 5950 6972 4245 173 7905 4174 9263 4800 5086 8357 4515 6620 4068 283 6084 387 5454 5358 4400 4430 8482 4720 952 8382 4556 3485 928 3139 9567 4498 4991 2197 6421 8545 7225 9063 4472 145 3456 1681 8777 1201 3987 1351 4233 2555 5407 9684 6291 4329 3513 5377 5632 46 8097 6090 9203 6703 2603 5886 9669 4265 6210 5397 1662 7545 5585 4372 9988 5989 4234 7360 7283 7557 3203 6870 4478 8961 4705 8933 256 6440 9777 2841 8678 5842 8396 1777 9735 1171 9942 5113 8001 5132 9233 748 8848 2118 7092 439 5139 2840 3873 3966 516 4865 7194 206 6358 6040 9121 2966 8883 174 2703 6050 7136 1712 7627 9322 8099 5693 2948 2449 6434 961 1592 1426 4356 3157 5994 8245 6733 6655 2124 5901 1688 2384 4326 9112 9756 2006 9310 474 3195 8458 9484 5963 9395 8619 2543 7789 7186 1794 1357 3042 3804 2652 1163 1523 112 5003 9822 8919 3035 190 9534 6045 3125 2339 8255 4748 5401 868 5042 7084 2027 138 9849 8563 3652 2803 6214 4603 9166 9044
1165 6297 8309 9207 1073 4545 5836 4751 4973 934 7119 5254 194 3904 7987 3075 7428 8963 9479 7123 4460 7698 5403 5642 3232 1281 3285 5771 2643 3117 9098 7699 201 7518 1105 8200 5826 6736 6227 2190 7978 9865 551 8092 7250 4268 5782 5463 3739 5715 3752 8138 8126 501 8010 3513 541 70 8504 5524 6641 67 4096 9903 3015 9331 6480 7008 2270 2105 9840 510 1220 383 1412 2299 1352 4202 8876 1731 4023 9383 6165 4490 1743 1641 1874 655 7462 2214 3214 4854 9545 4029 8192 7414 1735 3229 6880 7664 2145 1900 5501 6203 6954 2982 871 4614 7150 4104 8315 8016 2322 1790 7322 9990 756 2424 1557 8541 3183 6004 1424 9924 3850 8699 1841 2202 5596 2356 5048 1057 7721 5841 8762 4346 306 1686 7952 5019 1810 3352 7482 8251 706 2342 7827 4814 7478 9045 3209 843 165 4657 3618 4716 6917 5323 1508 3257 1322 150 2631 5499 6600 3202 7236 7047 9539 5220 6943 162 249 7997 1090 6174 7707 8620 2512 4103 3510 6140 4449 4878 4781 9025 7179 3351 2677 6375 2833 5430 5286 3849 3894 9972 4329 8684 9822 4083 7480 8648 6961 6596 3996 9739 5548 1877 5063 3083 5840 3957 2470 2433 4774 5411 4054 8233 4279 8602 6085 356 1768 1682 8746 7522 311 5697 7325 4391 6384 6050 2300 6157 6078 6749 8650 6564 341 9749 3563 623 3807 2224 1229 3600 8289 3170 3581 7057 7554 3966 5687 9310 5645 7640 6909 6911 6514 259 6012 9843 4918 6848 4009 2155 9922 4247 4947 6095 8378 514 426 7887 2911 9961 1509 8062 3198 8030 9550 8040 7565 6786 6309 5927 1698 5570 7517 6307 6324 7953 9824 3686 1225 4394 785 1671 5926 6900 3694 9644 9395 3783 6988 6240 4613 2345 2228 435 1097 9788 825 3738 910 1876 258 1207 7967 7045 9936 1468 1190 6338 5174 6067 3929 8028 9947 4288 1812 2955 1227 3997 4537 7424 9757 1975 5624 6805 7541 1543 1313 6940 5761 4628 4371 347 8558 4812 7875 5293 7463 7019 5090 2727 6457 6570 9157 991 808 2109 9046 8014 2719 8045 1569 6159 5681 494 4396 388 5423 1672 724 8776 1567 6556 1929 4748 565 5313 3493 4511 2578 1009 7242 5856 781 2465 8429 5401 6039 9487 5535 9461 689 713 5956 945
4604 4384 8026 5593 3204 2088 3460 1307 3380 7180 3405 7221 270 4081 3126 7564 7237 7101 4076 9122 8191 7865 2527 1378 4297 278 2493 8127 555 2547 7415 1789 7773 775 8912 9848 4178 8889 9410 1058 7775 378 2657 5594 8009 3964 1333 8226 5921 8145 6989 6294 9157 6247 3476 8138 3375 3169 4032 7849 5703 1383 8308 9658 1865 2694 3253 7372 5321 7161 2173 1598 655 2711 4882 9243 9190 4700 5342 7996 1541 6966 5856 6037 5133 4451 9737 1194 793 5339 3588 5920 3340 5113 8421 2238 3706 2511 4554 4302 4289 1866 7499 5129 5245 2233 9702 3138 5182 9735 1591 7048 9593 9764 838 1410 7952 268 4478 9381 1811 3406 2019 2146 1954 38 98 8202 678 3149 8002 350 8215 3101 7523 365 234 1220 5639 4080 8328 5688 9364 182 1535 8157 4607 8792 3647 9219 3947 9711 6355 2052 599 3820 9903 8271 1992 2502 1337 7432 3418 9644 4644 6451 3010 569 9775 3658 2032 4569 6328 2408 9989 1207 3216 9713 5958 5804 6352 7651 4978 194 9160 648 9104 1757 4118 785 6927 8594 2922 8030 4799 701 3587 1115 1464 7240 1502 9704 2741 8934 5481 5422 2123 1516 6925 8991 9177 2277 968 5626 1657 3954 3318 9480 7177 9004 1593 6651 3338 5510 4669 6492 9882 7436 2624 7141 6143 4106 3167 4429 4097 9957 7559 3226 7728 4704 4548 5493 3040 4621 6013 9897 9462 743 5257 9858 2193 7635 8154 199 3164 21 8476 6331 6816 5610 4833 3959 7329 8853 6549 3571 4291 1469 1244 875 9076 7315 1625 299 3328 7495 5923 7748 734 2040 2981 1322 5406 5299 1521 929 8364 8549 6851 3666 444 9570 9326 7725 296 8927 1867 2297 7005 3118 9152 2236 4103 8766 8808 471 9214 9943 331 6983 7485 7908 9002 1990 2899 7592 1679 9594 4562 2714 9290 4864 2809 5443 2958 884 2286 4185 2496 2528 6183 6173 8158 9412 661 1520 6131 6488 669 9939 1125 9486 5986 246 8845 8137 8577 1293 6159 930 3162 418 4724 578 2985 528 2903 6798 9183 1086 2217 2871 3143 9193 9108 963 1615 2284 4582 8751 6782 2352 1091 6228 2244 2515 3760 1799 5788 9528 7656 8989 9574 8532 5222 1795 6582 2024 6157 1327 9417 4672 893 5503 1055 3367 4757 9038 4851 386
6801 156 3268 5970 10001 5404 2268 4330 5310 913 8112 5108 982 9426 4461 4324 6501 9671 860 3622 5750 3636 2971 9886 3214 6682 8767 178 8908 7214 3235 7517 8135 5546 4102 533 3486 2725 8682 2040 9560 7883 5533 1679 6166 1116 2841 5670 9509 2996 9927 79 3542 1616 3661 3012 6751 74 9538 2243 4289 8445 4053 5256 1625 6878 9889 7622 2303 2386 921 6524 102 3980 4736 4775 2037 5152 2255 1907 936 8550 8228 2096 8451 2862 6505 8877 8364 5121 3405 3793 6831 4208 9513 2202 7424 1578 1197 1773 7521 7341 3043 5601 8195 3643 6585 3004 8339 5080 6540 6933 3975 725 5402 2665 578 9564 7089 3030 3178 3821 1273 6701 9999 5801 8523 8584 1479 5838 6182 7947 2836 1659 129 3624 5353 7388 8724 3710 8296 8612 5928 8331 6668 1539 3935 8665 411 7689 4014 7994 8517 9775 230 8593 4696 2708 7053 169 5691 337 2364 5288 5280 6868 1867 8876 3559 3245 5532 6881 4290 3243 5929 3129 8544 9419 847 1199 1376 1266 3087 6874 676 118 804 4731 764 2664 5780 7688 9216 6118 637 2856 7696 7628 1112 3635 8173 8010 5341 9770 6226 9220 5324 8141 4355 5351 7785 4972 7964 4465 3530 3998 1163 8522 3779 9610 7965 9270 5406 1871 8082 1056 4744 3187 7038 8150 7572 2221 8656 7201 812 3143 5765 5662 1090 8002 6929 4769 3228 3903 5010 421 5704 2760 6738 7658 5164 9880 4405 5433 1515 8699 3669 1424 1745 3072 4848 2557 2002 7096 6644 6303 8946 9678 4474 6747 868 2034 744 6634 8288 193 927 5333 1351 1225 6222 7 7827 6642 6700 5194 3925 643 1665 8945 4873 2598 8874 3956 9500 9786 3050 9215 1313 8768 4983 777 5087 147 51 9100 9130 3175 9420 5652 3075 9256 8185 5628 7839 4260 9198 9691 6897 1114 3238 1918 3756 9172 4845 8156 6381 3470 5901 8687 6051 8933 7255 100 4377 984 9029 8213 70 325 4746 2790 783 3896 1396 7303 579 4362 8965 903 90 6362 2238 278 9072 4681 682 8934 2053 1976 2250 7903 1563 9178 3654 9405 3626 4956 1133 4470 7541 3371 535 3089 6477 4428 5871 4635 9813 2694 9832 3926 5448 3541 6818 1785 5139 9839 7540 8573 8666 5216 9565 1887 4906 1051 733 3814 7666 3576
